standardDt,uFundNm,koreanNm,standardCd,companyCd,tsCd,txCd,txVsn,announceTtl,seq,tmpV1,uRptGb,Status_GB
20260813,미래에셋TIGER로우볼증권상장지수투자신탁(주식),미래에셋자산운용,KR5301AH8119,A01048,2OF11,2OF1101,5,소규모펀드(1개월)여부 공시,1,KR5301AH8119,O,운용
20260813,유진디딤플레인바닐라OCIO증권자투자신탁(혼합-재간접형)ClassA-E,유진자산운용,K55214DT2291,A01022,2OF11,2OF1101,5,소규모펀드(1개월)여부 공시,1,K55214DT2291,O,운용
20260813,유진디딤플레인바닐라OCIO증권자투자신탁(혼합-재간접형)ClassC-E,유진자산운용,K55214DT2317,A01022,2OF11,2OF1101,5,소규모펀드(1개월)여부 공시,1,K55214DT2317,O,운용
20260813,유진디딤플레인바닐라OCIO증권자투자신탁(혼합-재간접형)ClassC-F,유진자산운용,K55214DT2325,A01022,2OF11,2OF1101,5,소규모펀드(1개월)여부 공시,1,K55214DT2325,O,운용
20260813,유진디딤플레인바닐라OCIO증권자투자신탁(혼합-재간접형)ClassC-P,유진자산운용,K55214DT2358,A01022,2OF11,2OF1101,5,소규모펀드(1개월)여부 공시,1,K55214DT2358,O,운용
20260813,유진디딤플레인바닐라OCIO증권자투자신탁(혼합-재간접형)ClassC-Pe,유진자산운용,K55214DT2366,A01022,2OF11,2OF1101,5,소규모펀드(1개월)여부 공시,1,K55214DT2366,O,운용
20260813,유진디딤플레인바닐라OCIO증권자투자신탁(혼합-재간접형)ClassC-R,유진자산운용,K55214DT2374,A01022,2OF11,2OF1101,5,소규모펀드(1개월)여부 공시,1,K55214DT2374,O,운용
20260813,유진디딤플레인바닐라OCIO증권자투자신탁(혼합-재간접형)ClassC-Re,유진자산운용,K55214DT2382,A01022,2OF11,2OF1101,5,소규모펀드(1개월)여부 공시,1,K55214DT2382,O,운용
20260813,유진디딤플레인바닐라OCIO증권자투자신탁(혼합-재간접형)ClassS,유진자산운용,K55214DT2390,A01022,2OF11,2OF1101,5,소규모펀드(1개월)여부 공시,1,K55214DT2390,O,운용
20260813,유진디딤플레인바닐라OCIO증권자투자신탁(혼합-재간접형)ClassS-P,유진자산운용,K55214DT2408,A01022,2OF11,2OF1101,5,소규모펀드(1개월)여부 공시,1,K55214DT2408,O,운용
20260813,유진디딤플레인바닐라OCIO증권자투자신탁(혼합-재간접형)ClassS-R,유진자산운용,K55214DT2416,A01022,2OF11,2OF1101,5,소규모펀드(1개월)여부 공시,1,K55214DT2416,O,운용
20260813,삼성누버거버먼미국리츠부동산모투자신탁[REITs-재간접형],삼성자산운용,K55105D00448,A01005,2OF10,2OF1000,1,수시공시 기타,1,K55105D00448,O,운용
20260813,유리MKF웰스토탈인덱스증권자투자신탁[주식]ClassC-P2,유리자산운용,KR5307AH3791,A01054,2RF01,2RF0100,1,원화기준_결산보고서(1B),1,ZZZZZZZZZZZZ,R,시장
20260813,유리MKF웰스토탈인덱스증권자투자신탁[주식]ClassC-P2e,유리자산운용,K55307CG0232,A01054,2RF01,2RF0100,1,원화기준_결산보고서(1B),1,ZZZZZZZZZZZZ,R,시장
20260813,유리MKF웰스토탈인덱스증권자투자신탁[주식]_ClassA,유리자산운용,KR5307725584,A01054,2RF01,2RF0100,1,원화기준_결산보고서(1B),1,ZZZZZZZZZZZZ,R,시장
20260813,유리MKF웰스토탈인덱스증권자투자신탁[주식]_ClassA-e,유리자산운용,KR5307180004,A01054,2RF01,2RF0100,1,원화기준_결산보고서(1B),1,ZZZZZZZZZZZZ,R,시장
20260813,유리MKF웰스토탈인덱스증권자투자신탁[주식]_ClassC,유리자산운용,KR5307725592,A01054,2RF01,2RF0100,1,원화기준_결산보고서(1B),1,ZZZZZZZZZZZZ,R,시장
20260813,유리MKF웰스토탈인덱스증권자투자신탁[주식]_ClassC-e,유리자산운용,KR5307180012,A01054,2RF01,2RF0100,1,원화기준_결산보고서(1B),1,ZZZZZZZZZZZZ,R,시장
20260813,유리MKF웰스토탈인덱스증권자투자신탁[주식]_ClassS,유리자산운용,KR5307AQ2420,A01054,2RF01,2RF0100,1,원화기준_결산보고서(1B),1,ZZZZZZZZZZZZ,R,시장
20260813,유리MKF웰스토탈인덱스증권자투자신탁[주식]_운용,유리자산운용,KR5307725576,A01054,2RF01,2RF0100,1,원화기준_결산보고서(1B),1,ZZZZZZZZZZZZ,R,시장
20260813,하나클래스원특별자산투자신탁3,하나자산운용,KR5102725276,A01002,2RF01,2RF0100,1,원화기준_결산보고서(1B),1,ZZZZZZZZZZZZ,R,시장
20260813,하나클래스원특별자산투자신탁3ClassC1,하나자산운용,KR5102725151,A01002,2RF01,2RF0100,1,원화기준_결산보고서(1B),1,ZZZZZZZZZZZZ,R,시장
20260813,하나클래스원특별자산투자신탁3ClassC2,하나자산운용,KR5102725169,A01002,2RF01,2RF0100,1,원화기준_결산보고서(1B),1,ZZZZZZZZZZZZ,R,시장
20260813,신한Tops장기주택마련증권자투자신탁 1[주식](종류),신한자산운용,KR5219725193,A01018,2RF08,2RF0800,1,자산보관/관리보고서,1,KR5219725193,R,시장
20260813,└▶신한Tops장기주택마련증권자투자신탁 1[주식](종류C),신한자산운용,KR5219725201,A01018,2RF08,2RF0800,1,자산보관/관리보고서,1,KR5219725201,R,시장
20260813,└▶신한Tops장기주택마련증권자투자신탁 1[주식](종류A),신한자산운용,KR5219854613,A01018,2RF08,2RF0800,1,자산보관/관리보고서,1,KR5219854613,R,시장
20260813,NH-Amundi필승코리아증권투자신탁[주식],엔에이치아문디자산운용,K55232C99469,A01040,2RF08,2RF0800,1,자산보관/관리보고서,1,K55232C99469,R,시장
20260813,└▶NH-Amundi필승코리아증권투자신탁[주식]ClassA,엔에이치아문디자산운용,K55232C99477,A01040,2RF08,2RF0800,1,자산보관/관리보고서,1,K55232C99477,R,시장
20260813,└▶NH-Amundi필승코리아증권투자신탁[주식]ClassAe,엔에이치아문디자산운용,K55232C99485,A01040,2RF08,2RF0800,1,자산보관/관리보고서,1,K55232C99485,R,시장
20260813,└▶NH-Amundi필승코리아증권투자신탁[주식]ClassAG,엔에이치아문디자산운용,K55232C99493,A01040,2RF08,2RF0800,1,자산보관/관리보고서,1,K55232C99493,R,시장
20260813,└▶NH-Amundi필승코리아증권투자신탁[주식]ClassC,엔에이치아문디자산운용,K55232C99501,A01040,2RF08,2RF0800,1,자산보관/관리보고서,1,K55232C99501,R,시장
20260813,└▶NH-Amundi필승코리아증권투자신탁[주식]ClassCe,엔에이치아문디자산운용,K55232C99519,A01040,2RF08,2RF0800,1,자산보관/관리보고서,1,K55232C99519,R,시장
20260813,└▶NH-Amundi필승코리아증권투자신탁[주식]ClassCf,엔에이치아문디자산운용,K55232C99535,A01040,2RF08,2RF0800,1,자산보관/관리보고서,1,K55232C99535,R,시장
20260813,└▶NH-Amundi필승코리아증권투자신탁[주식]ClassCw,엔에이치아문디자산운용,K55232C99543,A01040,2RF08,2RF0800,1,자산보관/관리보고서,1,K55232C99543,R,시장
20260813,└▶NH-Amundi필승코리아증권투자신탁[주식]Class C-P1(연금저축),엔에이치아문디자산운용,K55232C99550,A01040,2RF08,2RF0800,1,자산보관/관리보고서,1,K55232C99550,R,시장
20260813,└▶NH-Amundi필승코리아증권투자신탁[주식]ClassC-P1e(연금저축),엔에이치아문디자산운용,K55232C99568,A01040,2RF08,2RF0800,1,자산보관/관리보고서,1,K55232C99568,R,시장
20260813,└▶NH-Amundi필승코리아증권투자신탁[주식]ClassC-P2(퇴직연금),엔에이치아문디자산운용,K55232C99576,A01040,2RF08,2RF0800,1,자산보관/관리보고서,1,K55232C99576,R,시장
20260813,└▶NH-Amundi필승코리아증권투자신탁[주식]ClassC-P2e(퇴직연금),엔에이치아문디자산운용,K55232C99584,A01040,2RF08,2RF0800,1,자산보관/관리보고서,1,K55232C99584,R,시장
20260813,└▶NH-Amundi필승코리아증권투자신탁[주식]ClassS,엔에이치아문디자산운용,K55232C99592,A01040,2RF08,2RF0800,1,자산보관/관리보고서,1,K55232C99592,R,시장
20260813,└▶NH-Amundi필승코리아증권투자신탁[주식]ClassS-P1(연금저축),엔에이치아문디자산운용,K55232C99600,A01040,2RF08,2RF0800,1,자산보관/관리보고서,1,K55232C99600,R,시장
20260813,└▶NH-Amundi필승코리아증권투자신탁[주식]ClassS-P2(퇴직연금),엔에이치아문디자산운용,K55232D95382,A01040,2RF08,2RF0800,1,자산보관/관리보고서,1,K55232D95382,R,시장
20260813,└▶NH-Amundi필승코리아증권투자신탁[주식]ClassA2,엔에이치아문디자산운용,K55232E46193,A01040,2RF08,2RF0800,1,자산보관/관리보고서,1,K55232E46193,R,시장
20260813,└▶NH-Amundi필승코리아증권투자신탁[주식]ClassA2e,엔에이치아문디자산운용,K55232EC8062,A01040,2RF08,2RF0800,1,자산보관/관리보고서,1,K55232EC8062,R,시장
20260813,플러스핵심성장목표전환형증권투자신탁5(주식혼합),플러스자산운용,K55311EX8483,A01058,2RF08,2RF0800,1,자산보관/관리보고서,1,K55311EX8483,R,시장
20260813,하나클래스원특별자산투자신탁3,하나자산운용,KR5102725276,A01002,2RF08,2RF0800,1,자산보관/관리보고서,1,KR5102725276,R,시장
20260813,└▶하나클래스원특별자산투자신탁3ClassC1,하나자산운용,KR5102725151,A01002,2RF08,2RF0800,1,자산보관/관리보고서,1,KR5102725151,R,시장
20260813,└▶하나클래스원특별자산투자신탁3ClassC2,하나자산운용,KR5102725169,A01002,2RF08,2RF0800,1,자산보관/관리보고서,1,KR5102725169,R,시장
20260813,미래에셋법인용달러MMF(USD),미래에셋자산운용,K55301DW6176,A01048,2RF06,2RF0600,1,자산운용보고서(MMF),1,K55301DW6176,R,시장
20260813,└▶미래에셋법인용달러MMF(USD)종류C,미래에셋자산운용,K55301DW6440,A01048,2RF06,2RF0600,1,자산운용보고서(MMF),1,K55301DW6440,R,시장
20260813,└▶미래에셋법인용달러MMF(USD)종류C-e,미래에셋자산운용,K55301DW6572,A01048,2RF06,2RF0600,1,자산운용보고서(MMF),1,K55301DW6572,R,시장
20260813,└▶미래에셋법인용달러MMF(USD)종류C-F,미래에셋자산운용,K55301DY0136,A01048,2RF06,2RF0600,1,자산운용보고서(MMF),1,K55301DY0136,R,시장
20260813,└▶미래에셋법인용달러MMF(USD)종류F,미래에셋자산운용,K55301E40058,A01048,2RF06,2RF0600,1,자산운용보고서(MMF),1,K55301E40058,R,시장
20260813,미래에셋개인솔로몬MMF2(국공채),미래에셋자산운용,KR5227363623,A01048,2RF06,2RF0600,1,자산운용보고서(MMF),1,KR5227363623,R,시장
20260813,신한법인용MMF A-1,신한자산운용,KR5210363713,A01018,2RF06,2RF0600,1,자산운용보고서(MMF),1,KR5210363713,R,시장
20260813,신한BEST신종법인용MMFGS-2(종류),신한자산운용,KR5219391517,A01018,2RF06,2RF0600,1,자산운용보고서(MMF),1,KR5219391517,R,시장
20260813,└▶신한BEST신종법인용MMFGS-2(종C-i),신한자산운용,K55210CA0853,A01018,2RF06,2RF0600,1,자산운용보고서(MMF),1,K55210CA0853,R,시장
20260813,└▶신한BEST신종법인용MMFGS-2(종류C),신한자산운용,KR5210AM3980,A01018,2RF06,2RF0600,1,자산운용보고서(MMF),1,KR5210AM3980,R,시장
20260813,└▶신한BEST신종법인용MMFGS-2(종류C-w),신한자산운용,KR5210AM3998,A01018,2RF06,2RF0600,1,자산운용보고서(MMF),1,KR5210AM3998,R,시장
20260813,KB개인용MMF P-1(운용),케이비자산운용,KR5223363593,A01031,2RF06,2RF0600,1,자산운용보고서(MMF),1,KR5223363593,R,시장
20260813,└▶KB개인용MMFP-1C,케이비자산운용,KR5223AP0178,A01031,2RF06,2RF0600,1,자산운용보고서(MMF),1,KR5223AP0178,R,시장
20260813,└▶KB개인용MMFP-1S,케이비자산운용,KR5223AP0186,A01031,2RF06,2RF0600,1,자산운용보고서(MMF),1,KR5223AP0186,R,시장
20260813,KB스타개인용MMF P-101(국공채)(운용),케이비자산운용,KR5223363619,A01031,2RF06,2RF0600,1,자산운용보고서(MMF),1,KR5223363619,R,시장
20260813,└▶KB스타개인용MMF P-101(국공채)C-W,케이비자산운용,K55223BB8299,A01031,2RF06,2RF0600,1,자산운용보고서(MMF),1,K55223BB8299,R,시장
20260813,└▶KB스타개인용MMFP-101(국공채)C-Pe,케이비자산운용,K55223CB5054,A01031,2RF06,2RF0600,1,자산운용보고서(MMF),1,K55223CB5054,R,시장
20260813,└▶KB스타개인용MMF P-101(국공채)A-EU,케이비자산운용,KR5223147582,A01031,2RF06,2RF0600,1,자산운용보고서(MMF),1,KR5223147582,R,시장
20260813,└▶KB스타개인용MMF P-101(국공채)C,케이비자산운용,KR5223147590,A01031,2RF06,2RF0600,1,자산운용보고서(MMF),1,KR5223147590,R,시장
20260813,└▶KB스타개인용MMFP-101(국공채)C-P,케이비자산운용,KR5223AI7347,A01031,2RF06,2RF0600,1,자산운용보고서(MMF),1,KR5223AI7347,R,시장
20260813,키움프런티어법인용MMF 3[국공채],키움투자자산운용,KR5221391521,A01014,2RF06,2RF0600,1,자산운용보고서(MMF),1,KR5221391521,R,시장
20260813,└▶키움프런티어법인용MMF 3[국공채]C1,키움투자자산운용,K55206BE3025,A01014,2RF06,2RF0600,1,자산운용보고서(MMF),1,K55206BE3025,R,시장
20260813,└▶키움프런티어법인용MMF 3[국공채] C-e,키움투자자산운용,K55206BE3041,A01014,2RF06,2RF0600,1,자산운용보고서(MMF),1,K55206BE3041,R,시장
20260813,└▶키움프런티어법인용MMF 3[국공채]ClassC-I,키움투자자산운용,K55206C60572,A01014,2RF06,2RF0600,1,자산운용보고서(MMF),1,K55206C60572,R,시장
20260813,DB타이거드래곤바이오헬스케어목표전환형증권투자신탁 1[주식혼합]_운용,디비자산운용,K55216EP7853,A01024,2RF12,2RF1200,1,자산운용보고서(공모펀드),1,K55216EP7853,R,시장
20260813,└▶DB타이거드래곤바이오헬스케어목표전환형증권투자신탁 1[주식혼합]종류A,디비자산운용,K55216EP7861,A01024,2RF12,2RF1200,1,자산운용보고서(공모펀드),1,K55216EP7861,R,시장
20260813,└▶DB타이거드래곤바이오헬스케어목표전환형증권투자신탁 1[주식혼합]종류A-E,디비자산운용,K55216EP7879,A01024,2RF12,2RF1200,1,자산운용보고서(공모펀드),1,K55216EP7879,R,시장
20260813,└▶DB타이거드래곤바이오헬스케어목표전환형증권투자신탁 1[주식혼합]종류C,디비자산운용,K55216EP7895,A01024,2RF12,2RF1200,1,자산운용보고서(공모펀드),1,K55216EP7895,R,시장
20260813,└▶DB타이거드래곤바이오헬스케어목표전환형증권투자신탁 1[주식혼합]종류C-E,디비자산운용,K55216EP7903,A01024,2RF12,2RF1200,1,자산운용보고서(공모펀드),1,K55216EP7903,R,시장
20260813,└▶DB타이거드래곤바이오헬스케어목표전환형증권투자신탁 1[주식혼합]종류C-F,디비자산운용,K55216EP7937,A01024,2RF12,2RF1200,1,자산운용보고서(공모펀드),1,K55216EP7937,R,시장
20260813,└▶DB타이거드래곤바이오헬스케어목표전환형증권투자신탁 1[주식혼합]종류C-PE,디비자산운용,K55216EP7952,A01024,2RF12,2RF1200,1,자산운용보고서(공모펀드),1,K55216EP7952,R,시장
20260813,└▶DB타이거드래곤바이오헬스케어목표전환형증권투자신탁 1[주식혼합]종류C-P2E,디비자산운용,K55216EP7978,A01024,2RF12,2RF1200,1,자산운용보고서(공모펀드),1,K55216EP7978,R,시장
20260813,마이다스K200인덱스알파증권자투자신탁(주식-파생형)(운용),마이다스에셋자산운용,K55303D88634,A01050,2RF12,2RF1200,1,자산운용보고서(공모펀드),1,K55303D88634,R,시장
20260813,└▶마이다스K200인덱스알파증권자투자신탁(주식-파생형)Ae,마이다스에셋자산운용,K55303D88659,A01050,2RF12,2RF1200,1,자산운용보고서(공모펀드),1,K55303D88659,R,시장
20260813,└▶마이다스K200인덱스알파증권자투자신탁(주식-파생형)C-F,마이다스에셋자산운용,K55303D88782,A01050,2RF12,2RF1200,1,자산운용보고서(공모펀드),1,K55303D88782,R,시장
20260813,└▶마이다스K200인덱스알파증권자투자신탁(주식-파생형)S,마이다스에셋자산운용,K55303D88865,A01050,2RF12,2RF1200,1,자산운용보고서(공모펀드),1,K55303D88865,R,시장
20260813,└▶마이다스K200인덱스알파증권자투자신탁(주식-파생형)S-P,마이다스에셋자산운용,K55303D88873,A01050,2RF12,2RF1200,1,자산운용보고서(공모펀드),1,K55303D88873,R,시장
20260813,└▶마이다스K200인덱스알파증권자투자신탁(주식-파생형)Cs,마이다스에셋자산운용,K55303D88881,A01050,2RF12,2RF1200,1,자산운용보고서(공모펀드),1,K55303D88881,R,시장
20260813,└▶마이다스K200인덱스알파증권자투자신탁(주식-파생형)S-P2,마이다스에셋자산운용,K55303D89350,A01050,2RF12,2RF1200,1,자산운용보고서(공모펀드),1,K55303D89350,R,시장
20260813,미래에셋연금인디아인프라증권자투자신탁 1(주식),미래에셋자산운용,K55301B25311,A01048,2RF12,2RF1200,1,자산운용보고서(공모펀드),1,K55301B25311,R,시장
20260813,└▶미래에셋연금인디아인프라증권자투자신탁 1(주식) 종류C-P,미래에셋자산운용,K55301B25386,A01048,2RF12,2RF1200,1,자산운용보고서(공모펀드),1,K55301B25386,R,시장
20260813,└▶미래에셋연금인디아인프라증권자투자신탁 1(주식) 종류C-Pe,미래에셋자산운용,K55301B25394,A01048,2RF12,2RF1200,1,자산운용보고서(공모펀드),1,K55301B25394,R,시장
20260813,└▶미래에셋연금인디아인프라증권자투자신탁 1(주식)종류C-P2,미래에셋자산운용,K55301B25428,A01048,2RF12,2RF1200,1,자산운용보고서(공모펀드),1,K55301B25428,R,시장
20260813,└▶미래에셋연금인디아인프라증권자투자신탁 1(주식)종류C-P2e,미래에셋자산운용,K55301BU3052,A01048,2RF12,2RF1200,1,자산운용보고서(공모펀드),1,K55301BU3052,R,시장
20260813,미래에셋드림타겟증권투자회사(주식),미래에셋자산운용,KRM301957481,A01048,2RF12,2RF1200,1,자산운용보고서(공모펀드),1,KRM301957481,R,시장
20260813,└▶미래에셋드림타겟증권투자회사(주식) 종류A-e,미래에셋자산운용,K55301BX1137,A01048,2RF12,2RF1200,1,자산운용보고서(공모펀드),1,K55301BX1137,R,시장
20260813,└▶미래에셋드림타겟증권투자회사(주식)종류C-e,미래에셋자산운용,K55301BX1160,A01048,2RF12,2RF1200,1,자산운용보고서(공모펀드),1,K55301BX1160,R,시장
20260813,└▶미래에셋드림타겟증권투자회사(주식)종류A,미래에셋자산운용,KRM301390634,A01048,2RF12,2RF1200,1,자산운용보고서(공모펀드),1,KRM301390634,R,시장
20260813,└▶미래에셋드림타겟증권투자회사(주식)종류C4,미래에셋자산운용,KRM301957416,A01048,2RF12,2RF1200,1,자산운용보고서(공모펀드),1,KRM301957416,R,시장
20260813,└▶미래에셋드림타겟증권투자회사(주식)종류S,미래에셋자산운용,KRM301AR9504,A01048,2RF12,2RF1200,1,자산운용보고서(공모펀드),1,KRM301AR9504,R,시장
20260813,신영연금60 증권 전환형 투자신탁(주식혼합),신영자산운용,KR5209315518,A01017,2RF12,2RF1200,1,자산운용보고서(공모펀드),1,KR5209315518,R,시장
20260813,신한ROBO잘고른ETF증권투자신탁[주식-재간접형],신한자산운용,K55210EP0649,A01018,2RF12,2RF1200,1,자산운용보고서(공모펀드),1,K55210EP0649,R,시장
20260813,└▶신한ROBO잘고른ETF증권투자신탁[주식-재간접형](종류A1),신한자산운용,K55210EP0656,A01018,2RF12,2RF1200,1,자산운용보고서(공모펀드),1,K55210EP0656,R,시장
20260813,└▶신한ROBO잘고른ETF증권투자신탁[주식-재간접형](종류A-e),신한자산운용,K55210EP0664,A01018,2RF12,2RF1200,1,자산운용보고서(공모펀드),1,K55210EP0664,R,시장
20260813,└▶신한ROBO잘고른ETF증권투자신탁[주식-재간접형](종류C-e),신한자산운용,K55210EP0672,A01018,2RF12,2RF1200,1,자산운용보고서(공모펀드),1,K55210EP0672,R,시장
20260813,└▶신한ROBO잘고른ETF증권투자신탁[주식-재간접형](종류C1),신한자산운용,K55210EP0680,A01018,2RF12,2RF1200,1,자산운용보고서(공모펀드),1,K55210EP0680,R,시장
20260813,└▶신한ROBO잘고른ETF증권투자신탁[주식-재간접형](종류C-p),신한자산운용,K55210EP0706,A01018,2RF12,2RF1200,1,자산운용보고서(공모펀드),1,K55210EP0706,R,시장
20260813,└▶신한ROBO잘고른ETF증권투자신탁[주식-재간접형](종류C-r),신한자산운용,K55210EP0714,A01018,2RF12,2RF1200,1,자산운용보고서(공모펀드),1,K55210EP0714,R,시장
20260813,└▶신한ROBO잘고른ETF증권투자신탁[주식-재간접형](종류C-pe),신한자산운용,K55210EP0722,A01018,2RF12,2RF1200,1,자산운용보고서(공모펀드),1,K55210EP0722,R,시장
20260813,└▶신한ROBO잘고른ETF증권투자신탁[주식-재간접형](종류C-re),신한자산운용,K55210EP0730,A01018,2RF12,2RF1200,1,자산운용보고서(공모펀드),1,K55210EP0730,R,시장
20260813,└▶신한ROBO잘고른ETF증권투자신탁[주식-재간접형](종류C-s),신한자산운용,K55210EP0748,A01018,2RF12,2RF1200,1,자산운용보고서(공모펀드),1,K55210EP0748,R,시장
20260813,신한Tops장기주택마련증권자투자신탁 1[주식](종류),신한자산운용,KR5219725193,A01018,2RF12,2RF1200,1,자산운용보고서(공모펀드),1,KR5219725193,R,시장
20260813,└▶신한Tops장기주택마련증권자투자신탁 1[주식](종류C),신한자산운용,KR5219725201,A01018,2RF12,2RF1200,1,자산운용보고서(공모펀드),1,KR5219725201,R,시장
20260813,└▶신한Tops장기주택마련증권자투자신탁 1[주식](종류A),신한자산운용,KR5219854613,A01018,2RF12,2RF1200,1,자산운용보고서(공모펀드),1,KR5219854613,R,시장
20260813,유리MKF웰스토탈인덱스증권자투자신탁[주식]_운용,유리자산운용,KR5307725576,A01054,2RF12,2RF1200,1,자산운용보고서(공모펀드),1,KR5307725576,R,시장
20260813,└▶유리MKF웰스토탈인덱스증권자투자신탁[주식]ClassC-P2e,유리자산운용,K55307CG0232,A01054,2RF12,2RF1200,1,자산운용보고서(공모펀드),1,K55307CG0232,R,시장
20260813,└▶유리MKF웰스토탈인덱스증권자투자신탁[주식]_ClassA-e,유리자산운용,KR5307180004,A01054,2RF12,2RF1200,1,자산운용보고서(공모펀드),1,KR5307180004,R,시장
20260813,└▶유리MKF웰스토탈인덱스증권자투자신탁[주식]_ClassC-e,유리자산운용,KR5307180012,A01054,2RF12,2RF1200,1,자산운용보고서(공모펀드),1,KR5307180012,R,시장
20260813,└▶유리MKF웰스토탈인덱스증권자투자신탁[주식]_ClassA,유리자산운용,KR5307725584,A01054,2RF12,2RF1200,1,자산운용보고서(공모펀드),1,KR5307725584,R,시장
20260813,└▶유리MKF웰스토탈인덱스증권자투자신탁[주식]_ClassC,유리자산운용,KR5307725592,A01054,2RF12,2RF1200,1,자산운용보고서(공모펀드),1,KR5307725592,R,시장
20260813,└▶유리MKF웰스토탈인덱스증권자투자신탁[주식]ClassC-P2,유리자산운용,KR5307AH3791,A01054,2RF12,2RF1200,1,자산운용보고서(공모펀드),1,KR5307AH3791,R,시장
20260813,└▶유리MKF웰스토탈인덱스증권자투자신탁[주식]_ClassS,유리자산운용,KR5307AQ2420,A01054,2RF12,2RF1200,1,자산운용보고서(공모펀드),1,KR5307AQ2420,R,시장
20260813,KB온국민매달받는평생소득증권자투자신탁(채권혼합-재간접형)(운용),케이비자산운용,K55223EF5991,A01031,2RF12,2RF1200,1,자산운용보고서(공모펀드),1,K55223EF5991,R,시장
20260813,└▶KB온국민매달받는평생소득증권자투자신탁(채권혼합-재간접형)C-Pe,케이비자산운용,K55223EF6270,A01031,2RF12,2RF1200,1,자산운용보고서(공모펀드),1,K55223EF6270,R,시장
20260813,└▶KB온국민매달받는평생소득증권자투자신탁(채권혼합-재간접형)C-퇴직e,케이비자산운용,K55223EF6296,A01031,2RF12,2RF1200,1,자산운용보고서(공모펀드),1,K55223EF6296,R,시장
20260813,KBESG성장리더스증권자투자신탁(주식)(운용),케이비자산운용,KR5223831748,A01031,2RF12,2RF1200,1,자산운용보고서(공모펀드),1,KR5223831748,R,시장
20260813,└▶KBESG성장리더스증권자투자신탁(주식)C-G,케이비자산운용,K55223BP2841,A01031,2RF12,2RF1200,1,자산운용보고서(공모펀드),1,K55223BP2841,R,시장
20260813,└▶KBESG성장리더스증권자투자신탁(주식)A-E,케이비자산운용,K55223C56823,A01031,2RF12,2RF1200,1,자산운용보고서(공모펀드),1,K55223C56823,R,시장
20260813,└▶KBESG성장리더스증권자투자신탁(주식)C-W,케이비자산운용,K55223C56831,A01031,2RF12,2RF1200,1,자산운용보고서(공모펀드),1,K55223C56831,R,시장
20260813,└▶KBESG성장리더스증권자투자신탁(주식)S,케이비자산운용,K55223C56849,A01031,2RF12,2RF1200,1,자산운용보고서(공모펀드),1,K55223C56849,R,시장
20260813,└▶KBESG성장리더스증권자투자신탁(주식)S-P,케이비자산운용,K55223C56856,A01031,2RF12,2RF1200,1,자산운용보고서(공모펀드),1,K55223C56856,R,시장
20260813,└▶KBESG성장리더스증권자투자신탁(주식)C-P,케이비자산운용,K55223C56864,A01031,2RF12,2RF1200,1,자산운용보고서(공모펀드),1,K55223C56864,R,시장
20260813,└▶KBESG성장리더스증권자투자신탁(주식)C-Pe,케이비자산운용,K55223C56872,A01031,2RF12,2RF1200,1,자산운용보고서(공모펀드),1,K55223C56872,R,시장
20260813,└▶KBESG성장리더스증권자투자신탁(주식)C-퇴직,케이비자산운용,K55223C56880,A01031,2RF12,2RF1200,1,자산운용보고서(공모펀드),1,K55223C56880,R,시장
20260813,└▶KBESG성장리더스증권자투자신탁(주식)C-퇴직e,케이비자산운용,K55223C56898,A01031,2RF12,2RF1200,1,자산운용보고서(공모펀드),1,K55223C56898,R,시장
20260813,└▶KBESG성장리더스증권자투자신탁(주식)S-퇴직,케이비자산운용,K55223DI2681,A01031,2RF12,2RF1200,1,자산운용보고서(공모펀드),1,K55223DI2681,R,시장
20260813,└▶KBESG성장리더스증권자투자신탁(주식)A,케이비자산운용,KR5223821806,A01031,2RF12,2RF1200,1,자산운용보고서(공모펀드),1,KR5223821806,R,시장
20260813,└▶KBESG성장리더스증권자투자신탁(주식)C,케이비자산운용,KR5223821814,A01031,2RF12,2RF1200,1,자산운용보고서(공모펀드),1,KR5223821814,R,시장
20260813,└▶KBESG성장리더스증권자투자신탁(주식)C-E,케이비자산운용,KR5223821848,A01031,2RF12,2RF1200,1,자산운용보고서(공모펀드),1,KR5223821848,R,시장
20260813,└▶KBESG성장리더스증권자투자신탁(주식)C1,케이비자산운용,KR5223942396,A01031,2RF12,2RF1200,1,자산운용보고서(공모펀드),1,KR5223942396,R,시장
20260813,└▶KBESG성장리더스증권자투자신탁(주식)C2,케이비자산운용,KR5223942404,A01031,2RF12,2RF1200,1,자산운용보고서(공모펀드),1,KR5223942404,R,시장
20260813,KB연금유로인덱스증권자투자신탁(주식-파생형)(운용),케이비자산운용,KR5223AO4858,A01031,2RF12,2RF1200,1,자산운용보고서(공모펀드),1,KR5223AO4858,R,시장
20260813,└▶KB연금유로인덱스증권자투자신탁(주식-파생형)S-P,케이비자산운용,K55223D06867,A01031,2RF12,2RF1200,1,자산운용보고서(공모펀드),1,K55223D06867,R,시장
20260813,└▶KB연금유로인덱스증권자투자신탁(주식-파생형)C,케이비자산운용,KR5223AO4866,A01031,2RF12,2RF1200,1,자산운용보고서(공모펀드),1,KR5223AO4866,R,시장
20260813,└▶KB연금유로인덱스증권자투자신탁(주식-파생형)C-E,케이비자산운용,KR5223AO4874,A01031,2RF12,2RF1200,1,자산운용보고서(공모펀드),1,KR5223AO4874,R,시장
20260813,플러스핵심성장목표전환형증권투자신탁5(주식혼합),플러스자산운용,K55311EX8483,A01058,2RF12,2RF1200,1,자산운용보고서(공모펀드),1,K55311EX8483,R,시장
20260813,하나클래스원특별자산투자신탁3,하나자산운용,KR5102725276,A01002,2RF12,2RF1200,1,자산운용보고서(공모펀드),1,KR5102725276,R,시장
20260813,└▶하나클래스원특별자산투자신탁3ClassC1,하나자산운용,KR5102725151,A01002,2RF12,2RF1200,1,자산운용보고서(공모펀드),1,KR5102725151,R,시장
20260813,└▶하나클래스원특별자산투자신탁3ClassC2,하나자산운용,KR5102725169,A01002,2RF12,2RF1200,1,자산운용보고서(공모펀드),1,KR5102725169,R,시장
20260813,흥국데이터포커스타겟다운목표전환형증권투자신탁2[채권],흥국자산운용,K55224EP8364,A01032,2RF12,2RF1200,1,자산운용보고서(공모펀드),1,K55224EP8364,R,시장
20260813,└▶흥국데이터포커스타겟다운목표전환형증권투자신탁2[채권]C-e,흥국자산운용,K55224EP8406,A01032,2RF12,2RF1200,1,자산운용보고서(공모펀드),1,K55224EP8406,R,시장
20260813,└▶흥국데이터포커스타겟다운목표전환형증권투자신탁2[채권]C-f,흥국자산운용,K55224EP8414,A01032,2RF12,2RF1200,1,자산운용보고서(공모펀드),1,K55224EP8414,R,시장
20260813,삼성KODEX단기채권PLUS증권상장지수투자신탁[채권],삼성자산운용,K55105B00244,A01005,2OF04,2OF0400,2,집합투자규약 등 변경,1,K55105B00244,O,운용
20260813,삼성KODEX코스닥150레버리지증권상장지수투자신탁[주식-파생형],삼성자산운용,K55105B91912,A01005,2OF04,2OF0400,2,집합투자규약 등 변경,1,K55105B91912,O,운용
20260813,삼성KODEX코리아배당성장채권혼합증권상장지수투자신탁[채권혼합],삼성자산운용,K55105B99147,A01005,2OF04,2OF0400,2,집합투자규약 등 변경,1,K55105B99147,O,운용
20260813,삼성애버딘이머징마켓증권모투자신탁[주식-재간접형],삼성자산운용,K55105BA1009,A01005,2OF04,2OF0400,2,집합투자규약 등 변경,1,K55105BA1009,O,운용
20260813,삼성우량주장기증권모투자신탁[주식],삼성자산운용,K55105BE6046,A01005,2OF04,2OF0400,2,집합투자규약 등 변경,1,K55105BE6046,O,운용
20260813,삼성KODEX코스닥150인버스증권상장지수투자신탁[주식-파생형],삼성자산운용,K55105BF4255,A01005,2OF04,2OF0400,2,집합투자규약 등 변경,1,K55105BF4255,O,운용
20260813,삼성KODEX200선물인버스2X증권상장지수투자신탁[주식-파생형],삼성자산운용,K55105BG8438,A01005,2OF04,2OF0400,2,집합투자규약 등 변경,1,K55105BG8438,O,운용
20260813,삼성KODEX미국달러선물특별자산상장지수투자신탁[미국달러-파생형],삼성자산운용,K55105BJ8583,A01005,2OF04,2OF0400,2,집합투자규약 등 변경,1,K55105BJ8583,O,운용
20260813,삼성KODEX미국달러선물레버리지특별자산상장지수투자신탁[미국달러-파생형],삼성자산운용,K55105BJ8591,A01005,2OF04,2OF0400,2,집합투자규약 등 변경,1,K55105BJ8591,O,운용
20260813,삼성KODEX미국달러선물인버스특별자산상장지수투자신탁[미국달러-파생형],삼성자산운용,K55105BJ8609,A01005,2OF04,2OF0400,2,집합투자규약 등 변경,1,K55105BJ8609,O,운용
20260813,삼성KODEX미국달러선물인버스2X특별자산상장지수투자신탁[미국달러-파생형],삼성자산운용,K55105BJ8617,A01005,2OF04,2OF0400,2,집합투자규약 등 변경,1,K55105BJ8617,O,운용
20260813,삼성KODEX종합채권(AA-이상)액티브증권상장지수투자신탁[채권],삼성자산운용,K55105BR0838,A01005,2OF04,2OF0400,2,집합투자규약 등 변경,1,K55105BR0838,O,운용
20260813,삼성KODEX단기변동금리부채권액티브증권상장지수투자신탁[채권],삼성자산운용,K55105BR3113,A01005,2OF04,2OF0400,2,집합투자규약 등 변경,1,K55105BR3113,O,운용
20260813,삼성픽테4차산업글로벌디지털증권모투자신탁[주식-재간접형],삼성자산운용,K55105BT2147,A01005,2OF04,2OF0400,2,집합투자규약 등 변경,1,K55105BT2147,O,운용
20260813,삼성픽테4차산업글로벌디지털증권자투자신탁H[주식-재간접형],삼성자산운용,K55105BT2154,A01005,2OF04,2OF0400,2,집합투자규약 등 변경,1,K55105BT2154,O,운용
20260813,└▶삼성픽테4차산업글로벌디지털증권자투자신탁H[주식-재간접형]_A,삼성자산운용,K55105BT2162,A01005,2OF04,2OF0400,2,집합투자규약 등 변경,1,K55105BT2154,O,운용
20260813,└▶삼성픽테4차산업글로벌디지털증권자투자신탁H[주식-재간접형]Ae,삼성자산운용,K55105BT2170,A01005,2OF04,2OF0400,2,집합투자규약 등 변경,1,K55105BT2154,O,운용
20260813,└▶삼성픽테4차산업글로벌디지털증권자투자신탁H[주식-재간접형]C,삼성자산운용,K55105BT2196,A01005,2OF04,2OF0400,2,집합투자규약 등 변경,1,K55105BT2154,O,운용
20260813,└▶삼성픽테4차산업글로벌디지털증권자투자신탁H[주식-재간접형]Ce,삼성자산운용,K55105BT2204,A01005,2OF04,2OF0400,2,집합투자규약 등 변경,1,K55105BT2154,O,운용
20260813,└▶삼성픽테4차산업글로벌디지털증권자투자신탁H[주식-재간접형]_Cw,삼성자산운용,K55105BT2253,A01005,2OF04,2OF0400,2,집합투자규약 등 변경,1,K55105BT2154,O,운용
20260813,└▶삼성픽테4차산업글로벌디지털증권자투자신탁H[주식-재간접형]C-P,삼성자산운용,K55105BT2261,A01005,2OF04,2OF0400,2,집합투자규약 등 변경,1,K55105BT2154,O,운용
20260813,└▶삼성픽테4차산업글로벌디지털증권자투자신탁H[주식-재간접형]C-Pe,삼성자산운용,K55105BT2279,A01005,2OF04,2OF0400,2,집합투자규약 등 변경,1,K55105BT2154,O,운용
20260813,└▶삼성픽테4차산업글로벌디지털증권자투자신탁H[주식-재간접형]S,삼성자산운용,K55105BT2287,A01005,2OF04,2OF0400,2,집합투자규약 등 변경,1,K55105BT2154,O,운용
20260813,└▶삼성픽테4차산업글로벌디지털증권자투자신탁H[주식-재간접형]S-P,삼성자산운용,K55105BT2295,A01005,2OF04,2OF0400,2,집합투자규약 등 변경,1,K55105BT2154,O,운용
20260813,└▶삼성픽테4차산업글로벌디지털증권자투자신탁H[주식-재간접형]Cp(퇴직연금),삼성자산운용,K55105BT2329,A01005,2OF04,2OF0400,2,집합투자규약 등 변경,1,K55105BT2154,O,운용
20260813,└▶삼성픽테4차산업글로벌디지털증권자투자신탁H[주식-재간접형]Cpe(퇴직연금),삼성자산운용,K55105BT2337,A01005,2OF04,2OF0400,2,집합투자규약 등 변경,1,K55105BT2154,O,운용
20260813,삼성픽테4차산업글로벌디지털증권자투자신탁UH[주식-재간접형],삼성자산운용,K55105BT2360,A01005,2OF04,2OF0400,2,집합투자규약 등 변경,2,K55105BT2360,O,운용
20260813,└▶삼성픽테4차산업글로벌디지털증권자투자신탁UH[주식-재간접형]A,삼성자산운용,K55105BT2386,A01005,2OF04,2OF0400,2,집합투자규약 등 변경,2,K55105BT2360,O,운용
20260813,└▶삼성픽테4차산업글로벌디지털증권자투자신탁UH[주식-재간접형]Ae,삼성자산운용,K55105BT2394,A01005,2OF04,2OF0400,2,집합투자규약 등 변경,2,K55105BT2360,O,운용
20260813,└▶삼성픽테4차산업글로벌디지털증권자투자신탁UH[주식-재간접형]C,삼성자산운용,K55105BT2428,A01005,2OF04,2OF0400,2,집합투자규약 등 변경,2,K55105BT2360,O,운용
20260813,└▶삼성픽테4차산업글로벌디지털증권자투자신탁UH[주식-재간접형]Ce,삼성자산운용,K55105BT2436,A01005,2OF04,2OF0400,2,집합투자규약 등 변경,2,K55105BT2360,O,운용
20260813,└▶삼성픽테4차산업글로벌디지털증권자투자신탁UH[주식-재간접형]C-P,삼성자산운용,K55105BT2501,A01005,2OF04,2OF0400,2,집합투자규약 등 변경,2,K55105BT2360,O,운용
20260813,└▶삼성픽테4차산업글로벌디지털증권자투자신탁UH[주식-재간접형]C-Pe,삼성자산운용,K55105BT2519,A01005,2OF04,2OF0400,2,집합투자규약 등 변경,2,K55105BT2360,O,운용
20260813,└▶삼성픽테4차산업글로벌디지털증권자투자신탁UH[주식-재간접형]S,삼성자산운용,K55105BT2527,A01005,2OF04,2OF0400,2,집합투자규약 등 변경,2,K55105BT2360,O,운용
20260813,└▶삼성픽테4차산업글로벌디지털증권자투자신탁UH[주식-재간접형]S-P,삼성자산운용,K55105BT2535,A01005,2OF04,2OF0400,2,집합투자규약 등 변경,2,K55105BT2360,O,운용
20260813,└▶삼성픽테4차산업글로벌디지털증권자투자신탁UH[주식-재간접형]Cp(퇴직연금),삼성자산운용,K55105BT2543,A01005,2OF04,2OF0400,2,집합투자규약 등 변경,2,K55105BT2360,O,운용
20260813,└▶삼성픽테4차산업글로벌디지털증권자투자신탁UH[주식-재간접형]Cpe(퇴직연금),삼성자산운용,K55105BT2550,A01005,2OF04,2OF0400,2,집합투자규약 등 변경,2,K55105BT2360,O,운용
20260813,삼성KODEX미국S&amp;P500배당귀족커버드콜증권상장지수투자신탁[주식-파생형](합성)(H),삼성자산운용,K55105BT6551,A01005,2OF04,2OF0400,2,집합투자규약 등 변경,1,K55105BT6551,O,운용
20260813,삼성EMP글로벌로테이션증권모투자신탁[주식혼합-재간접형],삼성자산운용,K55105BW4288,A01005,2OF04,2OF0400,2,집합투자규약 등 변경,1,K55105BW4288,O,운용
20260813,삼성글로벌중단기채권증권모투자신탁(USD)[채권-재간접형],삼성자산운용,K55105CK8530,A01005,2OF04,2OF0400,2,집합투자규약 등 변경,1,K55105CK8530,O,운용
20260813,삼성미국그로스증권모투자신탁[주식-재간접형],삼성자산운용,K55105CS0844,A01005,2OF04,2OF0400,2,집합투자규약 등 변경,1,K55105CS0844,O,운용
20260813,삼성KODEXTRF7030증권상장지수투자신탁[주식혼합-재간접형],삼성자산운용,K55105CS1255,A01005,2OF04,2OF0400,2,집합투자규약 등 변경,1,K55105CS1255,O,운용
20260813,삼성KODEXTRF5050증권상장지수투자신탁[채권혼합-재간접형],삼성자산운용,K55105CS1263,A01005,2OF04,2OF0400,2,집합투자규약 등 변경,1,K55105CS1263,O,운용
20260813,삼성KODEXTRF3070증권상장지수투자신탁[채권혼합],삼성자산운용,K55105CS1271,A01005,2OF04,2OF0400,2,집합투자규약 등 변경,1,K55105CS1271,O,운용
20260813,삼성미국그로스증권자투자신탁H[주식-재간접형],삼성자산운용,K55105CS5025,A01005,2OF04,2OF0400,2,집합투자규약 등 변경,1,K55105CS5025,O,운용
20260813,└▶삼성미국그로스증권자투자신탁H[주식-재간접형]_C-Pe,삼성자산운용,K55105CR8541,A01005,2OF04,2OF0400,2,집합투자규약 등 변경,1,K55105CS5025,O,운용
20260813,└▶삼성미국그로스증권자투자신탁H[주식-재간접형]_A,삼성자산운용,K55105CS5181,A01005,2OF04,2OF0400,2,집합투자규약 등 변경,1,K55105CS5025,O,운용
20260813,└▶삼성미국그로스증권자투자신탁H[주식-재간접형]_Ae,삼성자산운용,K55105CS5199,A01005,2OF04,2OF0400,2,집합투자규약 등 변경,1,K55105CS5025,O,운용
20260813,└▶삼성미국그로스증권자투자신탁H[주식-재간접형]_C,삼성자산운용,K55105CS5249,A01005,2OF04,2OF0400,2,집합투자규약 등 변경,1,K55105CS5025,O,운용
20260813,└▶삼성미국그로스증권자투자신탁H[주식-재간접형]_Ce,삼성자산운용,K55105CS5272,A01005,2OF04,2OF0400,2,집합투자규약 등 변경,1,K55105CS5025,O,운용
20260813,└▶삼성미국그로스증권자투자신탁H[주식-재간접형]_Cw,삼성자산운용,K55105CS5421,A01005,2OF04,2OF0400,2,집합투자규약 등 변경,1,K55105CS5025,O,운용
20260813,└▶삼성미국그로스증권자투자신탁H[주식-재간접형]C-P,삼성자산운용,K55105CS5439,A01005,2OF04,2OF0400,2,집합투자규약 등 변경,1,K55105CS5025,O,운용
20260813,└▶삼성미국그로스증권자투자신탁H[주식-재간접형]_Cp(퇴직연금),삼성자산운용,K55105CS5660,A01005,2OF04,2OF0400,2,집합투자규약 등 변경,1,K55105CS5025,O,운용
20260813,└▶삼성미국그로스증권자투자신탁H[주식-재간접형]Cpe(퇴직연금),삼성자산운용,K55105CS5678,A01005,2OF04,2OF0400,2,집합투자규약 등 변경,1,K55105CS5025,O,운용
20260813,삼성미국그로스증권자투자신탁UH[주식-재간접형],삼성자산운용,K55105CS5314,A01005,2OF04,2OF0400,2,집합투자규약 등 변경,1,K55105CS5314,O,운용
20260813,└▶삼성미국그로스증권자투자신탁UH[주식-재간접형]_A,삼성자산운용,K55105CS5710,A01005,2OF04,2OF0400,2,집합투자규약 등 변경,1,K55105CS5314,O,운용
20260813,└▶삼성미국그로스증권자투자신탁UH[주식-재간접형]_Ae,삼성자산운용,K55105CS5728,A01005,2OF04,2OF0400,2,집합투자규약 등 변경,1,K55105CS5314,O,운용
20260813,└▶삼성미국그로스증권자투자신탁UH[주식-재간접형]_C,삼성자산운용,K55105CS5744,A01005,2OF04,2OF0400,2,집합투자규약 등 변경,1,K55105CS5314,O,운용
20260813,└▶삼성미국그로스증권자투자신탁UH[주식-재간접형]_Ce,삼성자산운용,K55105CS5751,A01005,2OF04,2OF0400,2,집합투자규약 등 변경,1,K55105CS5314,O,운용
20260813,└▶삼성미국그로스증권자투자신탁UH[주식-재간접형]_C-P,삼성자산운용,K55105CS5801,A01005,2OF04,2OF0400,2,집합투자규약 등 변경,1,K55105CS5314,O,운용
20260813,└▶삼성미국그로스증권자투자신탁UH[주식-재간접형]_C-Pe,삼성자산운용,K55105CS5819,A01005,2OF04,2OF0400,2,집합투자규약 등 변경,1,K55105CS5314,O,운용
20260813,└▶삼성미국그로스증권자투자신탁UH[주식-재간접형]_Cp(퇴직연금),삼성자산운용,K55105CS5827,A01005,2OF04,2OF0400,2,집합투자규약 등 변경,1,K55105CS5314,O,운용
20260813,└▶삼성미국그로스증권자투자신탁UH[주식-재간접형]_Cpe(퇴직연금),삼성자산운용,K55105CS5835,A01005,2OF04,2OF0400,2,집합투자규약 등 변경,1,K55105CS5314,O,운용
20260813,삼성KODEX장기종합채권(AA-이상)액티브증권상장지수투자신탁[채권],삼성자산운용,K55105D79160,A01005,2OF04,2OF0400,2,집합투자규약 등 변경,1,K55105D79160,O,운용
20260813,삼성KODEXESG종합채권(A-이상)액티브증권상장지수투자신탁[채권],삼성자산운용,K55105DR2899,A01005,2OF04,2OF0400,2,집합투자규약 등 변경,1,K55105DR2899,O,운용
20260813,삼성KODEX아시아달러채권ESG플러스액티브증권상장지수투자신탁[채권],삼성자산운용,K55105DR4770,A01005,2OF04,2OF0400,2,집합투자규약 등 변경,1,K55105DR4770,O,운용
20260813,삼성KODEXKOFR금리액티브특별자산상장지수투자신탁[금리-파생형](합성),삼성자산운용,K55105DR9373,A01005,2OF04,2OF0400,2,집합투자규약 등 변경,1,K55105DR9373,O,운용
20260813,삼성KODEX차이나AI테크액티브증권상장지수투자신탁[주식],삼성자산운용,K55105DS5081,A01005,2OF04,2OF0400,2,집합투자규약 등 변경,1,K55105DS5081,O,운용
20260813,삼성KODEX국고채30년액티브증권상장지수투자신탁[채권],삼성자산운용,K55105DV4568,A01005,2OF04,2OF0400,2,집합투자규약 등 변경,1,K55105DV4568,O,운용
20260813,삼성KODEX미국달러SOFR금리액티브특별자산상장지수투자신탁[금리-파생형](합성),삼성자산운용,K55105E10130,A01005,2OF04,2OF0400,2,집합투자규약 등 변경,1,K55105E10130,O,운용
20260813,삼성KODEX33-06국고채액티브증권상장지수투자신탁[채권],삼성자산운용,K55105E17036,A01005,2OF04,2OF0400,2,집합투자규약 등 변경,1,K55105E17036,O,운용
20260813,삼성KODEX53-09국고채액티브증권상장지수투자신탁[채권],삼성자산운용,K55105E17044,A01005,2OF04,2OF0400,2,집합투자규약 등 변경,1,K55105E17044,O,운용
20260813,삼성KODEXCD금리액티브증권상장지수투자신탁[채권혼합-파생형](합성),삼성자산운용,K55105E24776,A01005,2OF04,2OF0400,2,집합투자규약 등 변경,1,K55105E24776,O,운용
20260813,삼성KODEX국고채10년액티브증권상장지수투자신탁[채권],삼성자산운용,K55105E67924,A01005,2OF04,2OF0400,2,집합투자규약 등 변경,1,K55105E67924,O,운용
20260813,삼성KODEX26-12회사채(AA-이상)액티브증권상장지수투자신탁[채권],삼성자산운용,K55105E71496,A01005,2OF04,2OF0400,2,집합투자규약 등 변경,1,K55105E71496,O,운용
20260813,삼성KODEX한국부동산리츠인프라부동산상장지수투자신탁[재간접형],삼성자산운용,K55105E84051,A01005,2OF04,2OF0400,2,집합투자규약 등 변경,1,K55105E84051,O,운용
20260813,삼성KODEX머니마켓액티브증권상장지수투자신탁[채권],삼성자산운용,K55105EC8033,A01005,2OF04,2OF0400,2,집합투자규약 등 변경,1,K55105EC8033,O,운용
20260813,삼성KODEX금융고배당TOP10타겟위클리커버드콜증권상장지수투자신탁[주식-파생형],삼성자산운용,K55105EF7263,A01005,2OF04,2OF0400,2,집합투자규약 등 변경,1,K55105EF7263,O,운용
20260813,삼성KODEX200타겟위클리커버드콜증권상장지수투자신탁[주식-파생형],삼성자산운용,K55105EG3659,A01005,2OF04,2OF0400,2,집합투자규약 등 변경,1,K55105EG3659,O,운용
20260813,삼성KODEX27-12회사채(AA-이상)액티브증권상장지수투자신탁[채권],삼성자산운용,K55105EG9086,A01005,2OF04,2OF0400,2,집합투자규약 등 변경,1,K55105EG9086,O,운용
20260813,삼성KODEX차이나휴머노이드로봇증권상장지수투자신탁[주식],삼성자산운용,K55105EJ5511,A01005,2OF04,2OF0400,2,집합투자규약 등 변경,1,K55105EJ5511,O,운용
20260813,삼성KODEX차이나테크TOP10증권상장지수투자신탁[주식],삼성자산운용,K55105EK8991,A01005,2OF04,2OF0400,2,집합투자규약 등 변경,1,K55105EK8991,O,운용
20260813,삼성KODEX금융고배당TOP10증권상장지수투자신탁[주식],삼성자산운용,K55105EM2703,A01005,2OF04,2OF0400,2,집합투자규약 등 변경,1,K55105EM2703,O,운용
20260813,삼성KODEX미국10년국채액티브증권상장지수투자신탁[채권-재간접형](H),삼성자산운용,K55105EM2711,A01005,2OF04,2OF0400,2,집합투자규약 등 변경,1,K55105EM2711,O,운용
20260813,삼성KODEX코리아소버린AI증권상장지수투자신탁[주식],삼성자산운용,K55105EN8626,A01005,2OF04,2OF0400,2,집합투자규약 등 변경,1,K55105EN8626,O,운용
20260813,삼성KODEX26-12금융채(AA-이상)액티브증권상장지수투자신탁[채권],삼성자산운용,K55105EN8634,A01005,2OF04,2OF0400,2,집합투자규약 등 변경,1,K55105EN8634,O,운용
20260813,삼성KODEX28-12회사채(AA-이상)액티브증권상장지수투자신탁[채권],삼성자산운용,K55105EN8642,A01005,2OF04,2OF0400,2,집합투자규약 등 변경,1,K55105EN8642,O,운용
20260813,삼성KODEX미국원자력SMR증권상장지수투자신탁[주식],삼성자산운용,K55105EP4797,A01005,2OF04,2OF0400,2,집합투자규약 등 변경,1,K55105EP4797,O,운용
20260813,삼성KODEX국고채3년증권상장지수투자신탁[채권],삼성자산운용,KR5105149383,A01005,2OF04,2OF0400,2,집합투자규약 등 변경,1,KR5105149383,O,운용
20260813,삼성KODEX인버스증권상장지수투자신탁[주식-파생형],삼성자산운용,KR5105152130,A01005,2OF04,2OF0400,2,집합투자규약 등 변경,1,KR5105152130,O,운용
20260813,삼성KODEX레버리지증권상장지수투자신탁[주식-파생형],삼성자산운용,KR5105191153,A01005,2OF04,2OF0400,2,집합투자규약 등 변경,1,KR5105191153,O,운용
20260813,삼성밸류라이프플랜안정증권전환형자투자신탁 1[채권],삼성자산운용,KR5105448157,A01005,2OF04,2OF0400,2,집합투자규약 등 변경,1,KR5105448157,O,운용
20260813,삼성밸류플러스증권자투자신탁 1[주식혼합],삼성자산운용,KR5105577344,A01005,2OF04,2OF0400,2,집합투자규약 등 변경,1,KR5105577344,O,운용
20260813,└▶삼성밸류플러스증권자투자신탁 1[주식혼합](A),삼성자산운용,KR5105955326,A01005,2OF04,2OF0400,2,집합투자규약 등 변경,1,KR5105577344,O,운용
20260813,└▶삼성밸류플러스증권자투자신탁 1[주식혼합](C1),삼성자산운용,KR5105955334,A01005,2OF04,2OF0400,2,집합투자규약 등 변경,1,KR5105577344,O,운용
20260813,└▶삼성밸류플러스증권자투자신탁 1[주식혼합](C2),삼성자산운용,KR5105973212,A01005,2OF04,2OF0400,2,집합투자규약 등 변경,1,KR5105577344,O,운용
20260813,└▶삼성밸류플러스증권자투자신탁 1[주식혼합](C3),삼성자산운용,KR5105973220,A01005,2OF04,2OF0400,2,집합투자규약 등 변경,1,KR5105577344,O,운용
20260813,└▶삼성밸류플러스증권자투자신탁 1[주식혼합](C4),삼성자산운용,KR5105973246,A01005,2OF04,2OF0400,2,집합투자규약 등 변경,1,KR5105577344,O,운용
20260813,└▶삼성밸류플러스증권자투자신탁 1[주식혼합](C5),삼성자산운용,KR5105973261,A01005,2OF04,2OF0400,2,집합투자규약 등 변경,1,KR5105577344,O,운용
20260813,삼성글로벌Water증권모투자신탁[주식-재간접형],삼성자산운용,KR5105675221,A01005,2OF04,2OF0400,2,집합투자규약 등 변경,1,KR5105675221,O,운용
20260813,삼성글로벌클린에너지증권모투자신탁[주식-재간접형],삼성자산운용,KR5105706505,A01005,2OF04,2OF0400,2,집합투자규약 등 변경,1,KR5105706505,O,운용
20260813,삼성글로벌클린에너지증권자투자신탁 2[주식-재간접형],삼성자산운용,KR5105706562,A01005,2OF04,2OF0400,2,집합투자규약 등 변경,1,KR5105706562,O,운용
20260813,└▶삼성글로벌클린에너지증권자투자신탁 2[주식-재간접형](A),삼성자산운용,KR5105706570,A01005,2OF04,2OF0400,2,집합투자규약 등 변경,1,KR5105706562,O,운용
20260813,└▶삼성글로벌클린에너지증권자투자신탁 2[주식](C1),삼성자산운용,KR5105706588,A01005,2OF04,2OF0400,2,집합투자규약 등 변경,1,KR5105706562,O,운용
20260813,└▶삼성글로벌클린에너지증권자투자신탁 2[주식](C2),삼성자산운용,KR5105992006,A01005,2OF04,2OF0400,2,집합투자규약 등 변경,1,KR5105706562,O,운용
20260813,└▶삼성글로벌클린에너지증권자투자신탁 2[주식-재간접형](C3),삼성자산운용,KR5105992014,A01005,2OF04,2OF0400,2,집합투자규약 등 변경,1,KR5105706562,O,운용
20260813,└▶삼성글로벌클린에너지증권자투자신탁 2[주식-재간접형](C4),삼성자산운용,KR5105992022,A01005,2OF04,2OF0400,2,집합투자규약 등 변경,1,KR5105706562,O,운용
20260813,└▶삼성글로벌클린에너지증권자투자신탁 2[주식-재간접형](C5),삼성자산운용,KR5105992030,A01005,2OF04,2OF0400,2,집합투자규약 등 변경,1,KR5105706562,O,운용
20260813,└▶삼성글로벌클린에너지증권자투자신탁 2[주식-재간접형](S),삼성자산운용,KR5105AR4676,A01005,2OF04,2OF0400,2,집합투자규약 등 변경,1,KR5105706562,O,운용
20260813,삼성장기주택마련대표증권자투자신탁 1[주식],삼성자산운용,KR5105717353,A01005,2OF04,2OF0400,2,집합투자규약 등 변경,1,KR5105717353,O,운용
20260813,└▶삼성장기주택마련대표증권자투자신탁 1[주식](A),삼성자산운용,KR5105717361,A01005,2OF04,2OF0400,2,집합투자규약 등 변경,1,KR5105717353,O,운용
20260813,└▶삼성장기주택마련대표증권자투자신탁 1[주식](C),삼성자산운용,KR5105718633,A01005,2OF04,2OF0400,2,집합투자규약 등 변경,1,KR5105717353,O,운용
20260813,삼성당신을위한삼성그룹밸류인덱스증권모투자신탁[주식],삼성자산운용,KR5105926921,A01005,2OF04,2OF0400,2,집합투자규약 등 변경,1,KR5105926921,O,운용
20260813,삼성인디아증권자투자신탁 3[주식-파생형],삼성자산운용,KR5105951952,A01005,2OF04,2OF0400,2,집합투자규약 등 변경,1,KR5105951952,O,운용
20260813,└▶삼성인디아증권자투자신탁 3[주식-파생형](S),삼성자산운용,K55105BE7291,A01005,2OF04,2OF0400,2,집합투자규약 등 변경,1,KR5105951952,O,운용
20260813,└▶삼성인디아증권자투자신탁 3[주식-파생형](적립식),삼성자산운용,KR5105158129,A01005,2OF04,2OF0400,2,집합투자규약 등 변경,1,KR5105951952,O,운용
20260813,└▶삼성인디아증권자투자신탁 3[주식-파생형](B),삼성자산운용,KR5105286888,A01005,2OF04,2OF0400,2,집합투자규약 등 변경,1,KR5105951952,O,운용
20260813,└▶삼성인디아증권자투자신탁 3[주식-파생형](C5),삼성자산운용,KR5105348670,A01005,2OF04,2OF0400,2,집합투자규약 등 변경,1,KR5105951952,O,운용
20260813,└▶삼성인디아증권자투자신탁 3[주식-파생형](A),삼성자산운용,KR5105951978,A01005,2OF04,2OF0400,2,집합투자규약 등 변경,1,KR5105951952,O,운용
20260813,└▶삼성인디아증권자투자신탁 3[주식-파생형](C1),삼성자산운용,KR5105951994,A01005,2OF04,2OF0400,2,집합투자규약 등 변경,1,KR5105951952,O,운용
20260813,└▶삼성인디아증권자투자신탁 3[주식-파생형](C2),삼성자산운용,KR5105952000,A01005,2OF04,2OF0400,2,집합투자규약 등 변경,1,KR5105951952,O,운용
20260813,└▶삼성인디아증권자투자신탁 3[주식-파생형](C3),삼성자산운용,KR5105952018,A01005,2OF04,2OF0400,2,집합투자규약 등 변경,1,KR5105951952,O,운용
20260813,└▶삼성인디아증권자투자신탁 3[주식-파생형](C4),삼성자산운용,KR5105952026,A01005,2OF04,2OF0400,2,집합투자규약 등 변경,1,KR5105951952,O,운용
20260813,└▶삼성인디아증권자투자신탁 3[주식-파생형](Ce),삼성자산운용,KR5105952034,A01005,2OF04,2OF0400,2,집합투자규약 등 변경,1,KR5105951952,O,운용
20260813,└▶삼성인디아증권자투자신탁 3[주식-파생형](Cf),삼성자산운용,KR5105952042,A01005,2OF04,2OF0400,2,집합투자규약 등 변경,1,KR5105951952,O,운용
20260813,└▶삼성인디아증권자투자신탁 3[주식-파생형](Cw),삼성자산운용,KR5105952059,A01005,2OF04,2OF0400,2,집합투자규약 등 변경,1,KR5105951952,O,운용
20260813,삼성밸류코어증권자투자신탁 1[주식],삼성자산운용,KR5105A38101,A01005,2OF04,2OF0400,2,집합투자규약 등 변경,1,KR5105A38101,O,운용
20260813,└▶삼성밸류코어증권자투자신탁 1[주식]_A,삼성자산운용,KR5105A38127,A01005,2OF04,2OF0400,2,집합투자규약 등 변경,1,KR5105A38101,O,운용
20260813,└▶삼성밸류코어증권자투자신탁 1[주식]_B,삼성자산운용,KR5105A38135,A01005,2OF04,2OF0400,2,집합투자규약 등 변경,1,KR5105A38101,O,운용
20260813,└▶삼성밸류코어증권자투자신탁 1[주식]_C1,삼성자산운용,KR5105A38143,A01005,2OF04,2OF0400,2,집합투자규약 등 변경,1,KR5105A38101,O,운용
20260813,└▶삼성밸류코어증권자투자신탁 1[주식]_C2,삼성자산운용,KR5105A38150,A01005,2OF04,2OF0400,2,집합투자규약 등 변경,1,KR5105A38101,O,운용
20260813,└▶삼성밸류코어증권자투자신탁 1[주식]_C3,삼성자산운용,KR5105A38168,A01005,2OF04,2OF0400,2,집합투자규약 등 변경,1,KR5105A38101,O,운용
20260813,└▶삼성밸류코어증권자투자신탁 1[주식]_C4,삼성자산운용,KR5105A38184,A01005,2OF04,2OF0400,2,집합투자규약 등 변경,1,KR5105A38101,O,운용
20260813,└▶삼성밸류코어증권자투자신탁 1[주식]_Ce,삼성자산운용,KR5105A38192,A01005,2OF04,2OF0400,2,집합투자규약 등 변경,1,KR5105A38101,O,운용
20260813,└▶삼성밸류코어증권자투자신탁 1[주식]_Cw,삼성자산운용,KR5105A38200,A01005,2OF04,2OF0400,2,집합투자규약 등 변경,1,KR5105A38101,O,운용
20260813,└▶삼성밸류코어증권자투자신탁 1[주식]_Cf,삼성자산운용,KR5105A42467,A01005,2OF04,2OF0400,2,집합투자규약 등 변경,1,KR5105A38101,O,운용
20260813,삼성KODEX단기채권증권상장지수투자신탁[채권],삼성자산운용,KR5105A84337,A01005,2OF04,2OF0400,2,집합투자규약 등 변경,1,KR5105A84337,O,운용
20260813,삼성밸류플러스증권자투자신탁 1[주식],삼성자산운용,KR5105AT0938,A01005,2OF04,2OF0400,2,집합투자규약 등 변경,1,KR5105AT0938,O,운용
20260813,└▶삼성밸류플러스증권자투자신탁 1[주식]_S,삼성자산운용,K55105B10375,A01005,2OF04,2OF0400,2,집합투자규약 등 변경,1,KR5105AT0938,O,운용
20260813,└▶삼성밸류플러스증권자투자신탁 1[주식]_Cp(퇴직연금),삼성자산운용,K55105B70411,A01005,2OF04,2OF0400,2,집합투자규약 등 변경,1,KR5105AT0938,O,운용
20260813,└▶삼성밸류플러스증권자투자신탁 1[주식]Ag,삼성자산운용,K55105BP0558,A01005,2OF04,2OF0400,2,집합투자규약 등 변경,1,KR5105AT0938,O,운용
20260813,└▶삼성밸류플러스증권자투자신탁 1[주식]_A,삼성자산운용,KR5105AT1043,A01005,2OF04,2OF0400,2,집합투자규약 등 변경,1,KR5105AT0938,O,운용
20260813,└▶삼성밸류플러스증권자투자신탁 1[주식]_Ae,삼성자산운용,KR5105AT1084,A01005,2OF04,2OF0400,2,집합투자규약 등 변경,1,KR5105AT0938,O,운용
20260813,└▶삼성밸류플러스증권자투자신탁 1[주식]_C1,삼성자산운용,KR5105AT1092,A01005,2OF04,2OF0400,2,집합투자규약 등 변경,1,KR5105AT0938,O,운용
20260813,└▶삼성밸류플러스증권자투자신탁 1[주식]_C2,삼성자산운용,KR5105AT1100,A01005,2OF04,2OF0400,2,집합투자규약 등 변경,1,KR5105AT0938,O,운용
20260813,└▶삼성밸류플러스증권자투자신탁 1[주식]_C3,삼성자산운용,KR5105AT1118,A01005,2OF04,2OF0400,2,집합투자규약 등 변경,1,KR5105AT0938,O,운용
20260813,└▶삼성밸류플러스증권자투자신탁 1[주식]C4,삼성자산운용,KR5105AT1126,A01005,2OF04,2OF0400,2,집합투자규약 등 변경,1,KR5105AT0938,O,운용
20260813,└▶삼성밸류플러스증권자투자신탁 1[주식]_Ce,삼성자산운용,KR5105AT1134,A01005,2OF04,2OF0400,2,집합투자규약 등 변경,1,KR5105AT0938,O,운용
20260813,└▶삼성밸류플러스증권자투자신탁 1[주식]_Cw,삼성자산운용,KR5105AT1142,A01005,2OF04,2OF0400,2,집합투자규약 등 변경,1,KR5105AT0938,O,운용
20260813,└▶삼성밸류플러스증권자투자신탁 1[주식]_Cf,삼성자산운용,KR5105AT1159,A01005,2OF04,2OF0400,2,집합투자규약 등 변경,1,KR5105AT0938,O,운용
20260813,삼성밸류플러스증권모투자신탁[주식],삼성자산운용,KR5105AT1035,A01005,2OF04,2OF0400,2,집합투자규약 등 변경,1,KR5105AT1035,O,운용
20260813,삼성클래식밸류플러스연금증권자투자신탁 1[주식],삼성자산운용,KR5105AT9137,A01005,2OF04,2OF0400,2,집합투자규약 등 변경,1,KR5105AT9137,O,운용
20260813,└▶삼성클래식밸류플러스연금증권자투자신탁 1[주식]_C,삼성자산운용,KR5105AT9145,A01005,2OF04,2OF0400,2,집합투자규약 등 변경,1,KR5105AT9137,O,운용
20260813,└▶삼성클래식밸류플러스연금증권자투자신탁 1[주식]_Ce,삼성자산운용,KR5105AT9152,A01005,2OF04,2OF0400,2,집합투자규약 등 변경,1,KR5105AT9137,O,운용
20260813,삼성KODEX코리아배당성장증권상장지수투자신탁[주식],삼성자산운용,KR5105AX7259,A01005,2OF04,2OF0400,2,집합투자규약 등 변경,1,KR5105AX7259,O,운용
20260813,키움고배당&amp;주주가치증권모투자신탁[주식],키움투자자산운용,K55206BJ2402,A01014,2OF04,2OF0400,2,집합투자규약 등 변경,1,K55206BJ2402,O,운용
20260813,키움고배당&amp;주주가치30증권자투자신탁 1[채권혼합],키움투자자산운용,KR5206465456,A01014,2OF04,2OF0400,2,집합투자규약 등 변경,1,KR5206465456,O,운용
20260813,└▶키움고배당&amp;주주가치30증권자투자신탁 1[채권혼합]ClassA-e,키움투자자산운용,K55206BX6710,A01014,2OF04,2OF0400,2,집합투자규약 등 변경,1,KR5206465456,O,운용
20260813,└▶키움고배당&amp;주주가치30증권자투자신탁 1[채권혼합]C-Pe,키움투자자산운용,K55206BX6751,A01014,2OF04,2OF0400,2,집합투자규약 등 변경,1,KR5206465456,O,운용
20260813,└▶키움고배당&amp;주주가치30증권자투자신탁1[채권혼합]C1,키움투자자산운용,KR5206539938,A01014,2OF04,2OF0400,2,집합투자규약 등 변경,1,KR5206465456,O,운용
20260813,└▶우리프런티어배당주안정증권투자신탁 1[채권혼합]W,키움투자자산운용,KR5206550646,A01014,2OF04,2OF0400,2,집합투자규약 등 변경,1,KR5206465456,O,운용
20260813,└▶키움고배당&amp;주주가치30증권자투자신탁 1[채권혼합]Class C-e,키움투자자산운용,KR5206613212,A01014,2OF04,2OF0400,2,집합투자규약 등 변경,1,KR5206465456,O,운용
20260813,└▶키움고배당&amp;주주가치30증권자투자신탁 1[채권혼합] A1,키움투자자산운용,KR5206859278,A01014,2OF04,2OF0400,2,집합투자규약 등 변경,1,KR5206465456,O,운용
20260813,└▶키움고배당에이스30증권자투자신탁 1[채권혼합]C-d,키움투자자산운용,KR5206A02202,A01014,2OF04,2OF0400,2,집합투자규약 등 변경,1,KR5206465456,O,운용
20260813,키움고배당&amp;주주가치증권자투자신탁 1[주식],키움투자자산운용,KR5206479366,A01014,2OF04,2OF0400,2,집합투자규약 등 변경,1,KR5206479366,O,운용
20260813,└▶키움고배당&amp;주주가치증권자투자신탁 1[주식]C-Pe,키움투자자산운용,K55206BX6827,A01014,2OF04,2OF0400,2,집합투자규약 등 변경,1,KR5206479366,O,운용
20260813,└▶키움고배당&amp;주주가치증권자투자신탁 1[주식]C-P2e(퇴직연금),키움투자자산운용,K55206BX6843,A01014,2OF04,2OF0400,2,집합투자규약 등 변경,1,KR5206479366,O,운용
20260813,└▶키움고배당에이스증권자투자신탁 1[주식]C-I,키움투자자산운용,K55206C16202,A01014,2OF04,2OF0400,2,집합투자규약 등 변경,1,KR5206479366,O,운용
20260813,└▶키움고배당에이스증권자투자신탁 1[주식]C1,키움투자자산운용,KR5206518528,A01014,2OF04,2OF0400,2,집합투자규약 등 변경,1,KR5206479366,O,운용
20260813,└▶키움고배당에이스증권자투자신탁 1[주식]C-W,키움투자자산운용,KR5206519179,A01014,2OF04,2OF0400,2,집합투자규약 등 변경,1,KR5206479366,O,운용
20260813,└▶키움고배당&amp;주주가치증권자투자신탁 1[주식] C-H,키움투자자산운용,KR5206738183,A01014,2OF04,2OF0400,2,집합투자규약 등 변경,1,KR5206479366,O,운용
20260813,└▶키움고배당&amp;주주가치증권자투자신탁 1[주식]A1,키움투자자산운용,KR5206835344,A01014,2OF04,2OF0400,2,집합투자규약 등 변경,1,KR5206479366,O,운용
20260813,└▶키움고배당에이스증권자투자신탁 1[주식]C2,키움투자자산운용,KR5206960696,A01014,2OF04,2OF0400,2,집합투자규약 등 변경,1,KR5206479366,O,운용
20260813,└▶키움고배당에이스증권자투자신탁 1[주식]C3,키움투자자산운용,KR5206960704,A01014,2OF04,2OF0400,2,집합투자규약 등 변경,1,KR5206479366,O,운용
20260813,└▶키움고배당에이스증권자투자신탁 1[주식]C4,키움투자자산운용,KR5206960712,A01014,2OF04,2OF0400,2,집합투자규약 등 변경,1,KR5206479366,O,운용
20260813,└▶키움고배당&amp;주주가치증권자투자신탁 1[주식]C5,키움투자자산운용,KR5206960720,A01014,2OF04,2OF0400,2,집합투자규약 등 변경,1,KR5206479366,O,운용
20260813,└▶키움고배당&amp;주주가치증권자투자신탁 1[주식]A-e,키움투자자산운용,KR5206AQ7330,A01014,2OF04,2OF0400,2,집합투자규약 등 변경,1,KR5206479366,O,운용
20260813,└▶키움고배당&amp;주주가치증권자투자신탁 1[주식]S,키움투자자산운용,KR5206AQ7348,A01014,2OF04,2OF0400,2,집합투자규약 등 변경,1,KR5206479366,O,운용
20260813,키움K-차세대성장산업증권자투자신탁 1[주식],키움투자자산운용,KR5206524542,A01014,2OF04,2OF0400,2,집합투자규약 등 변경,1,KR5206524542,O,운용
20260813,└▶키움행복을드리는증권자투자신탁 1[주식]C1,키움투자자산운용,KR5206524559,A01014,2OF04,2OF0400,2,집합투자규약 등 변경,1,KR5206524542,O,운용
20260813,└▶키움K-차세대성장산업증권자투자신탁 1[주식]C-W,키움투자자산운용,KR5206524567,A01014,2OF04,2OF0400,2,집합투자규약 등 변경,1,KR5206524542,O,운용
20260813,└▶키움K-차세대성장산업증권자투자신탁 1[주식]C-e,키움투자자산운용,KR5206608667,A01014,2OF04,2OF0400,2,집합투자규약 등 변경,1,KR5206524542,O,운용
20260813,└▶키움K-차세대성장산업증권자투자신탁 1[주식]A1,키움투자자산운용,KR5206712477,A01014,2OF04,2OF0400,2,집합투자규약 등 변경,1,KR5206524542,O,운용
20260813,└▶키움행복을드리는증권자투자신탁 1[주식]C2,키움투자자산운용,KR5206960738,A01014,2OF04,2OF0400,2,집합투자규약 등 변경,1,KR5206524542,O,운용
20260813,└▶키움행복을드리는증권자투자신탁 1[주식]C3,키움투자자산운용,KR5206960746,A01014,2OF04,2OF0400,2,집합투자규약 등 변경,1,KR5206524542,O,운용
20260813,└▶키움행복을드리는증권자투자신탁 1[주식]C4,키움투자자산운용,KR5206960753,A01014,2OF04,2OF0400,2,집합투자규약 등 변경,1,KR5206524542,O,운용
20260813,└▶키움K-차세대성장산업증권자투자신탁 1[주식]C5,키움투자자산운용,KR5206960761,A01014,2OF04,2OF0400,2,집합투자규약 등 변경,1,KR5206524542,O,운용
20260813,└▶키움행복을드리는증권자투자신탁 1[주식]C-F,키움투자자산운용,KR5206A14124,A01014,2OF04,2OF0400,2,집합투자규약 등 변경,1,KR5206524542,O,운용
20260813,└▶키움K-차세대성장산업증권자투자신탁 1[주식]A-e,키움투자자산운용,KR5206AQ7264,A01014,2OF04,2OF0400,2,집합투자규약 등 변경,1,KR5206524542,O,운용
20260813,└▶키움K-차세대성장산업증권자투자신탁 1[주식]S,키움투자자산운용,KR5206AQ7272,A01014,2OF04,2OF0400,2,집합투자규약 등 변경,1,KR5206524542,O,운용
20260813,키움퇴직연금고배당&amp;주주가치증권자투자신탁제A- 1[국공채혼합],키움투자자산운용,KR5206893004,A01014,2OF04,2OF0400,2,집합투자규약 등 변경,1,KR5206893004,O,운용
20260813,키움K-차세대성장산업증권모투자신탁[주식],키움투자자산운용,KR5206AA8880,A01014,2OF04,2OF0400,2,집합투자규약 등 변경,1,KR5206AA8880,O,운용
20260813,키움K-차세대성장산업장기소득공제증권전환형자투자신탁 1[주식],키움투자자산운용,KR5206AP8610,A01014,2OF04,2OF0400,2,집합투자규약 등 변경,1,KR5206AP8610,O,운용
20260813,└▶키움K-차세대성장산업장기소득공제증권전환형자투자신탁 1C1[주식],키움투자자산운용,KR5206AP8628,A01014,2OF04,2OF0400,2,집합투자규약 등 변경,1,KR5206AP8610,O,운용
20260813,└▶키움행복드림장기소득공제증권전환형자투자신탁 1[주식]S-T,키움투자자산운용,KR5206AP8644,A01014,2OF04,2OF0400,2,집합투자규약 등 변경,1,KR5206AP8610,O,운용
20260813,└▶키움K-차세대성장산업장기소득공제증권전환형자투자신탁 1C-e[주식],키움투자자산운용,KR5206AR1977,A01014,2OF04,2OF0400,2,집합투자규약 등 변경,1,KR5206AP8610,O,운용
20260813,키움코리아인덱스장기소득공제증권전환형자투자신탁 1[주식],키움투자자산운용,KR5206AP8651,A01014,2OF04,2OF0400,2,집합투자규약 등 변경,1,KR5206AP8651,O,운용
20260813,└▶키움코리아인덱스장기소득공제증권전환형자투자신탁 1[주식]C1,키움투자자산운용,KR5206AP8669,A01014,2OF04,2OF0400,2,집합투자규약 등 변경,1,KR5206AP8651,O,운용
20260813,└▶키움코리아인덱스장기소득공제증권전환형자투자신탁 1[주식]S-T,키움투자자산운용,KR5206AP8677,A01014,2OF04,2OF0400,2,집합투자규약 등 변경,1,KR5206AP8651,O,운용
20260813,└▶키움코리아인덱스장기소득공제증권전환형자투자신탁 1[주식]C-e,키움투자자산운용,KR5206AR1985,A01014,2OF04,2OF0400,2,집합투자규약 등 변경,1,KR5206AP8651,O,운용
20260813,키움코어밸류장기소득공제증권전환형자투자신탁 1[주식],키움투자자산운용,KR5206AP8685,A01014,2OF04,2OF0400,2,집합투자규약 등 변경,1,KR5206AP8685,O,운용
20260813,└▶키움코어밸류장기소득공제증권전환형자투자신탁 1[주식]C1,키움투자자산운용,KR5206AP8693,A01014,2OF04,2OF0400,2,집합투자규약 등 변경,1,KR5206AP8685,O,운용
20260813,└▶키움코어밸류장기소득공제증권전환형자투자신탁 1[주식]S-T,키움투자자산운용,KR5206AP8701,A01014,2OF04,2OF0400,2,집합투자규약 등 변경,1,KR5206AP8685,O,운용
20260813,└▶키움코어밸류장기소득공제증권전환형자투자신탁 1[주식]C-e,키움투자자산운용,KR5206AR1993,A01014,2OF04,2OF0400,2,집합투자규약 등 변경,1,KR5206AP8685,O,운용
20260813,키움인덱스55장기소득공제증권전환형자투자신탁 1[주식혼합],키움투자자산운용,KR5206AP8719,A01014,2OF04,2OF0400,2,집합투자규약 등 변경,1,KR5206AP8719,O,운용
20260813,└▶키움인덱스55장기소득공제증권전환형자투자신탁 1[주식혼합]C1,키움투자자산운용,KR5206AP8727,A01014,2OF04,2OF0400,2,집합투자규약 등 변경,1,KR5206AP8719,O,운용
20260813,└▶키움인덱스55장기소득공제증권전환형자투자신탁 1[주식혼합]S-T,키움투자자산운용,KR5206AP8735,A01014,2OF04,2OF0400,2,집합투자규약 등 변경,1,KR5206AP8719,O,운용
20260813,└▶키움인덱스55장기소득공제증권전환형자투자신탁 1[주식혼합]C-e,키움투자자산운용,KR5206AR2009,A01014,2OF04,2OF0400,2,집합투자규약 등 변경,1,KR5206AP8719,O,운용
20260813,미래에셋코리아주도테마ETF증권투자신탁(주식-재간접형),미래에셋자산운용,K55301EY3188,A01048,2RF04,2RF0400,1,집합투자규약(구. 신탁약관(정관)),1,ZZZZZZZZZZZZ,R,시장
20260813,└▶미래에셋코리아주도테마ETF증권투자신탁(주식-재간접형)종류F,미래에셋자산운용,K55301EY3261,A01048,2RF04,2RF0400,1,집합투자규약(구. 신탁약관(정관)),1,K55301EY3188,R,시장
20260813,└▶미래에셋코리아주도테마ETF증권투자신탁(주식-재간접형)종류C-Pe,미래에셋자산운용,K55301EY3295,A01048,2RF04,2RF0400,1,집합투자규약(구. 신탁약관(정관)),1,K55301EY3188,R,시장
20260813,└▶미래에셋코리아주도테마ETF증권투자신탁(주식-재간접형)종류C-P2e,미래에셋자산운용,K55301EY3311,A01048,2RF04,2RF0400,1,집합투자규약(구. 신탁약관(정관)),1,K55301EY3188,R,시장
20260813,신한AI전략자원기업증권자투자신탁(USD)[주식],신한자산운용,K55210EW9963,A01018,2RF04,2RF0400,1,집합투자규약(구. 신탁약관(정관)),1,ZZZZZZZZZZZZ,R,시장
20260813,└▶신한AI전략자원기업증권자투자신탁(USD)[주식](종류A1),신한자산운용,K55210EW9971,A01018,2RF04,2RF0400,1,집합투자규약(구. 신탁약관(정관)),1,K55210EW9963,R,시장
20260813,└▶신한AI전략자원기업증권자투자신탁(USD)[주식](종류A-e),신한자산운용,K55210EW9989,A01018,2RF04,2RF0400,1,집합투자규약(구. 신탁약관(정관)),1,K55210EW9963,R,시장
20260813,└▶신한AI전략자원기업증권자투자신탁(USD)[주식](종류C1),신한자산운용,K55210EW9997,A01018,2RF04,2RF0400,1,집합투자규약(구. 신탁약관(정관)),1,K55210EW9963,R,시장
20260813,└▶신한AI전략자원기업증권자투자신탁(USD)[주식](종류C-e),신한자산운용,K55210EX0003,A01018,2RF04,2RF0400,1,집합투자규약(구. 신탁약관(정관)),1,K55210EW9963,R,시장
20260813,미래에셋코리아주도테마ETF증권투자신탁(주식-재간접형),미래에셋자산운용,K55301EY3188,A01048,2RF05,2RF0500,1,투자설명서,1,ZZZZZZZZZZZZ,R,시장
20260813,└▶미래에셋코리아주도테마ETF증권투자신탁(주식-재간접형)종류F,미래에셋자산운용,K55301EY3261,A01048,2RF05,2RF0500,1,투자설명서,1,K55301EY3188,R,시장
20260813,└▶미래에셋코리아주도테마ETF증권투자신탁(주식-재간접형)종류C-Pe,미래에셋자산운용,K55301EY3295,A01048,2RF05,2RF0500,1,투자설명서,1,K55301EY3188,R,시장
20260813,└▶미래에셋코리아주도테마ETF증권투자신탁(주식-재간접형)종류C-P2e,미래에셋자산운용,K55301EY3311,A01048,2RF05,2RF0500,1,투자설명서,1,K55301EY3188,R,시장
20260813,신한AI전략자원기업증권자투자신탁(USD)[주식],신한자산운용,K55210EW9963,A01018,2RF05,2RF0500,1,투자설명서,1,ZZZZZZZZZZZZ,R,시장
20260813,└▶신한AI전략자원기업증권자투자신탁(USD)[주식](종류A1),신한자산운용,K55210EW9971,A01018,2RF05,2RF0500,1,투자설명서,1,K55210EW9963,R,시장
20260813,└▶신한AI전략자원기업증권자투자신탁(USD)[주식](종류A-e),신한자산운용,K55210EW9989,A01018,2RF05,2RF0500,1,투자설명서,1,K55210EW9963,R,시장
20260813,└▶신한AI전략자원기업증권자투자신탁(USD)[주식](종류C1),신한자산운용,K55210EW9997,A01018,2RF05,2RF0500,1,투자설명서,1,K55210EW9963,R,시장
20260813,└▶신한AI전략자원기업증권자투자신탁(USD)[주식](종류C-e),신한자산운용,K55210EX0003,A01018,2RF05,2RF0500,1,투자설명서,1,K55210EW9963,R,시장
20260813,삼성KODEX단기채권PLUS증권상장지수투자신탁[채권],삼성자산운용,K55105B00244,A01005,2OF04,2OF0401,2,투자설명서(간이투자설명서 포함) 변경,1,K55105B00244,O,운용
20260813,삼성클래식인디아연금증권자투자신탁H[주식-파생형],삼성자산운용,K55105B30860,A01005,2OF04,2OF0401,2,투자설명서(간이투자설명서 포함) 변경,1,K55105B30860,O,운용
20260813,└▶삼성클래식인디아연금증권자투자신탁H[주식-파생형]_C,삼성자산운용,K55105B30878,A01005,2OF04,2OF0401,2,투자설명서(간이투자설명서 포함) 변경,1,K55105B30860,O,운용
20260813,└▶삼성클래식인디아연금증권자투자신탁H[주식-파생형]_Ce,삼성자산운용,K55105B30886,A01005,2OF04,2OF0401,2,투자설명서(간이투자설명서 포함) 변경,1,K55105B30860,O,운용
20260813,└▶삼성클래식인디아연금증권자투자신탁H[주식-파생형]S-P,삼성자산운용,K55105B30894,A01005,2OF04,2OF0401,2,투자설명서(간이투자설명서 포함) 변경,1,K55105B30860,O,운용
20260813,삼성KODEX코스닥150레버리지증권상장지수투자신탁[주식-파생형],삼성자산운용,K55105B91912,A01005,2OF04,2OF0401,2,투자설명서(간이투자설명서 포함) 변경,1,K55105B91912,O,운용
20260813,삼성KODEX코리아배당성장채권혼합증권상장지수투자신탁[채권혼합],삼성자산운용,K55105B99147,A01005,2OF04,2OF0401,2,투자설명서(간이투자설명서 포함) 변경,1,K55105B99147,O,운용
20260813,삼성애버딘이머징마켓증권자투자신탁H[주식-재간접형],삼성자산운용,K55105BA1017,A01005,2OF04,2OF0401,2,투자설명서(간이투자설명서 포함) 변경,1,K55105BA1017,O,운용
20260813,└▶삼성애버딘이머징마켓증권자투자신탁H[주식-재간접형]_A,삼성자산운용,K55105BA1025,A01005,2OF04,2OF0401,2,투자설명서(간이투자설명서 포함) 변경,1,K55105BA1017,O,운용
20260813,└▶삼성애버딘이머징마켓증권자투자신탁H[주식-재간접형]Ae,삼성자산운용,K55105BA1033,A01005,2OF04,2OF0401,2,투자설명서(간이투자설명서 포함) 변경,1,K55105BA1017,O,운용
20260813,└▶삼성애버딘이머징마켓증권자투자신탁H[주식-재간접형]_C,삼성자산운용,K55105BA1041,A01005,2OF04,2OF0401,2,투자설명서(간이투자설명서 포함) 변경,1,K55105BA1017,O,운용
20260813,└▶삼성애버딘이머징마켓증권자투자신탁H[주식-재간접형]_Ce,삼성자산운용,K55105BA1058,A01005,2OF04,2OF0401,2,투자설명서(간이투자설명서 포함) 변경,1,K55105BA1017,O,운용
20260813,└▶삼성애버딘이머징마켓증권자투자신탁H[주식-재간접형]_Cw,삼성자산운용,K55105BA1082,A01005,2OF04,2OF0401,2,투자설명서(간이투자설명서 포함) 변경,1,K55105BA1017,O,운용
20260813,└▶삼성애버딘이머징마켓증권자투자신탁H[주식-재간접형]C-P,삼성자산운용,K55105BA1090,A01005,2OF04,2OF0401,2,투자설명서(간이투자설명서 포함) 변경,1,K55105BA1017,O,운용
20260813,└▶삼성애버딘이머징마켓증권자투자신탁H[주식-재간접형]_Cp(퇴직연금),삼성자산운용,K55105BA1108,A01005,2OF04,2OF0401,2,투자설명서(간이투자설명서 포함) 변경,1,K55105BA1017,O,운용
20260813,└▶삼성애버딘이머징마켓증권자투자신탁H[주식-재간접형]S,삼성자산운용,K55105BA1124,A01005,2OF04,2OF0401,2,투자설명서(간이투자설명서 포함) 변경,1,K55105BA1017,O,운용
20260813,└▶삼성애버딘이머징마켓증권자투자신탁H[주식-재간접형]C-Pe,삼성자산운용,K55105BT7708,A01005,2OF04,2OF0401,2,투자설명서(간이투자설명서 포함) 변경,1,K55105BA1017,O,운용
20260813,└▶삼성애버딘이머징마켓증권자투자신탁H[주식-재간접형]Cpe(퇴직연금),삼성자산운용,K55105BT7716,A01005,2OF04,2OF0401,2,투자설명서(간이투자설명서 포함) 변경,1,K55105BA1017,O,운용
20260813,└▶삼성애버딘이머징마켓증권자투자신탁H[주식-재간접형]S-P,삼성자산운용,K55105BT7732,A01005,2OF04,2OF0401,2,투자설명서(간이투자설명서 포함) 변경,1,K55105BA1017,O,운용
20260813,삼성애버딘이머징마켓증권자투자신탁UH[주식-재간접형],삼성자산운용,K55105BA1132,A01005,2OF04,2OF0401,2,투자설명서(간이투자설명서 포함) 변경,1,K55105BA1132,O,운용
20260813,└▶삼성애버딘이머징마켓증권자투자신탁UH[주식-재간접형]A,삼성자산운용,K55105BA1140,A01005,2OF04,2OF0401,2,투자설명서(간이투자설명서 포함) 변경,1,K55105BA1132,O,운용
20260813,└▶삼성애버딘이머징마켓증권자투자신탁UH[주식-재간접형]_Ae,삼성자산운용,K55105BA1157,A01005,2OF04,2OF0401,2,투자설명서(간이투자설명서 포함) 변경,1,K55105BA1132,O,운용
20260813,└▶삼성애버딘이머징마켓증권자투자신탁UH[주식-재간접형]_C,삼성자산운용,K55105BA1165,A01005,2OF04,2OF0401,2,투자설명서(간이투자설명서 포함) 변경,1,K55105BA1132,O,운용
20260813,└▶삼성애버딘이머징마켓증권자투자신탁UH[주식-재간접형]Ce,삼성자산운용,K55105BA1173,A01005,2OF04,2OF0401,2,투자설명서(간이투자설명서 포함) 변경,1,K55105BA1132,O,운용
20260813,└▶삼성애버딘이머징마켓증권자투자신탁UH[주식-재간접형]_Cw,삼성자산운용,K55105BA1207,A01005,2OF04,2OF0401,2,투자설명서(간이투자설명서 포함) 변경,1,K55105BA1132,O,운용
20260813,└▶삼성애버딘이머징마켓증권자투자신탁UH[주식-재간접형]_C-P,삼성자산운용,K55105BA1215,A01005,2OF04,2OF0401,2,투자설명서(간이투자설명서 포함) 변경,1,K55105BA1132,O,운용
20260813,└▶삼성애버딘이머징마켓증권자투자신탁UH[주식-재간접형]_Cp(퇴직연금),삼성자산운용,K55105BA1223,A01005,2OF04,2OF0401,2,투자설명서(간이투자설명서 포함) 변경,1,K55105BA1132,O,운용
20260813,└▶삼성애버딘이머징마켓증권자투자신탁UH[주식-재간접형]S,삼성자산운용,K55105BA1249,A01005,2OF04,2OF0401,2,투자설명서(간이투자설명서 포함) 변경,1,K55105BA1132,O,운용
20260813,└▶삼성애버딘이머징마켓증권자투자신탁UH[주식-재간접형]C-Pe,삼성자산운용,K55105BT7740,A01005,2OF04,2OF0401,2,투자설명서(간이투자설명서 포함) 변경,1,K55105BA1132,O,운용
20260813,└▶삼성애버딘이머징마켓증권자투자신탁UH[주식-재간접형]Cpe(퇴직연금),삼성자산운용,K55105BT7757,A01005,2OF04,2OF0401,2,투자설명서(간이투자설명서 포함) 변경,1,K55105BA1132,O,운용
20260813,└▶삼성애버딘이머징마켓증권자투자신탁UH[주식-재간접형]S-P,삼성자산운용,K55105BT7765,A01005,2OF04,2OF0401,2,투자설명서(간이투자설명서 포함) 변경,1,K55105BA1132,O,운용
20260813,삼성글로벌선진국20증권자투자신탁H[채권혼합],삼성자산운용,K55105BD6849,A01005,2OF04,2OF0401,2,투자설명서(간이투자설명서 포함) 변경,1,K55105BD6849,O,운용
20260813,└▶삼성누버거버먼글로벌20증권자투자신탁H[채권혼합]_A,삼성자산운용,K55105BD6856,A01005,2OF04,2OF0401,2,투자설명서(간이투자설명서 포함) 변경,1,K55105BD6849,O,운용
20260813,└▶삼성글로벌선진국20증권자투자신탁H[채권혼합]_Ae,삼성자산운용,K55105BD6864,A01005,2OF04,2OF0401,2,투자설명서(간이투자설명서 포함) 변경,1,K55105BD6849,O,운용
20260813,└▶삼성글로벌선진국20증권자투자신탁H[채권혼합]_C,삼성자산운용,K55105BD6872,A01005,2OF04,2OF0401,2,투자설명서(간이투자설명서 포함) 변경,1,K55105BD6849,O,운용
20260813,└▶삼성글로벌선진국20증권자투자신탁H[채권혼합]_Ce,삼성자산운용,K55105BD6880,A01005,2OF04,2OF0401,2,투자설명서(간이투자설명서 포함) 변경,1,K55105BD6849,O,운용
20260813,└▶삼성누버거버먼글로벌20증권자투자신탁H[채권혼합]_C-P,삼성자산운용,K55105BD6922,A01005,2OF04,2OF0401,2,투자설명서(간이투자설명서 포함) 변경,1,K55105BD6849,O,운용
20260813,삼성코리아초단기우량채권증권자투자신탁 1[채권],삼성자산운용,K55105BD9058,A01005,2OF04,2OF0401,2,투자설명서(간이투자설명서 포함) 변경,1,K55105BD9058,O,운용
20260813,└▶삼성코리아초단기우량채권증권자투자신탁 1[채권]_Ci,삼성자산운용,K55105BD7276,A01005,2OF04,2OF0401,2,투자설명서(간이투자설명서 포함) 변경,1,K55105BD9058,O,운용
20260813,└▶삼성코리아초단기우량채권증권자투자신탁 1[채권]A,삼성자산운용,K55105BD8951,A01005,2OF04,2OF0401,2,투자설명서(간이투자설명서 포함) 변경,1,K55105BD9058,O,운용
20260813,└▶삼성코리아초단기우량채권증권자투자신탁 1[채권]C,삼성자산운용,K55105BD8985,A01005,2OF04,2OF0401,2,투자설명서(간이투자설명서 포함) 변경,1,K55105BD9058,O,운용
20260813,└▶삼성코리아초단기우량채권증권자투자신탁 1[채권]_Cw,삼성자산운용,K55105BD8993,A01005,2OF04,2OF0401,2,투자설명서(간이투자설명서 포함) 변경,1,K55105BD9058,O,운용
20260813,└▶삼성코리아초단기우량채권증권자투자신탁 1[채권]_C-P,삼성자산운용,K55105BD9009,A01005,2OF04,2OF0401,2,투자설명서(간이투자설명서 포함) 변경,1,K55105BD9058,O,운용
20260813,└▶삼성코리아초단기우량채권증권자투자신탁 1[채권]Cp(퇴직연금),삼성자산운용,K55105BD9017,A01005,2OF04,2OF0401,2,투자설명서(간이투자설명서 포함) 변경,1,K55105BD9058,O,운용
20260813,└▶삼성코리아초단기우량채권증권자투자신탁 1[채권]Cp-f(퇴직연금),삼성자산운용,K55105BD9025,A01005,2OF04,2OF0401,2,투자설명서(간이투자설명서 포함) 변경,1,K55105BD9058,O,운용
20260813,└▶삼성코리아초단기우량채권증권자투자신탁 1[채권]_S,삼성자산운용,K55105BD9033,A01005,2OF04,2OF0401,2,투자설명서(간이투자설명서 포함) 변경,1,K55105BD9058,O,운용
20260813,└▶삼성코리아초단기우량채권증권자투자신탁 1[채권]Ce,삼성자산운용,K55105BD9041,A01005,2OF04,2OF0401,2,투자설명서(간이투자설명서 포함) 변경,1,K55105BD9058,O,운용
20260813,└▶삼성코리아초단기우량채권증권자투자신탁 1[채권]Ae,삼성자산운용,K55105BD9074,A01005,2OF04,2OF0401,2,투자설명서(간이투자설명서 포함) 변경,1,K55105BD9058,O,운용
20260813,└▶삼성코리아초단기우량채권증권자투자신탁 1[채권]C-Pe,삼성자산운용,K55105BU1211,A01005,2OF04,2OF0401,2,투자설명서(간이투자설명서 포함) 변경,1,K55105BD9058,O,운용
20260813,└▶삼성코리아초단기우량채권증권자투자신탁 1[채권]_Cpe(퇴직연금),삼성자산운용,K55105BU1245,A01005,2OF04,2OF0401,2,투자설명서(간이투자설명서 포함) 변경,1,K55105BD9058,O,운용
20260813,└▶삼성코리아초단기우량채권증권자투자신탁 1[채권]_직판,삼성자산운용,K55105CX4583,A01005,2OF04,2OF0401,2,투자설명서(간이투자설명서 포함) 변경,1,K55105BD9058,O,운용
20260813,삼성KODEX코스닥150인버스증권상장지수투자신탁[주식-파생형],삼성자산운용,K55105BF4255,A01005,2OF04,2OF0401,2,투자설명서(간이투자설명서 포함) 변경,1,K55105BF4255,O,운용
20260813,삼성KODEX200선물인버스2X증권상장지수투자신탁[주식-파생형],삼성자산운용,K55105BG8438,A01005,2OF04,2OF0401,2,투자설명서(간이투자설명서 포함) 변경,1,K55105BG8438,O,운용
20260813,삼성KODEX미국달러선물특별자산상장지수투자신탁[미국달러-파생형],삼성자산운용,K55105BJ8583,A01005,2OF04,2OF0401,2,투자설명서(간이투자설명서 포함) 변경,1,K55105BJ8583,O,운용
20260813,삼성KODEX미국달러선물레버리지특별자산상장지수투자신탁[미국달러-파생형],삼성자산운용,K55105BJ8591,A01005,2OF04,2OF0401,2,투자설명서(간이투자설명서 포함) 변경,1,K55105BJ8591,O,운용
20260813,삼성KODEX미국달러선물인버스특별자산상장지수투자신탁[미국달러-파생형],삼성자산운용,K55105BJ8609,A01005,2OF04,2OF0401,2,투자설명서(간이투자설명서 포함) 변경,1,K55105BJ8609,O,운용
20260813,삼성KODEX미국달러선물인버스2X특별자산상장지수투자신탁[미국달러-파생형],삼성자산운용,K55105BJ8617,A01005,2OF04,2OF0401,2,투자설명서(간이투자설명서 포함) 변경,1,K55105BJ8617,O,운용
20260813,삼성평생소득TIF20증권자투자신탁H[채권혼합-재간접형],삼성자산운용,K55105BQ3478,A01005,2OF04,2OF0401,2,투자설명서(간이투자설명서 포함) 변경,1,K55105BQ3478,O,운용
20260813,└▶삼성평생소득TIF20증권자투자신탁H[채권혼합-재간접형]_C-P,삼성자산운용,K55105BQ3577,A01005,2OF04,2OF0401,2,투자설명서(간이투자설명서 포함) 변경,1,K55105BQ3478,O,운용
20260813,└▶삼성평생소득TIF20증권자투자신탁H[채권혼합-재간접형]_Cp(퇴직연금),삼성자산운용,K55105BQ3585,A01005,2OF04,2OF0401,2,투자설명서(간이투자설명서 포함) 변경,1,K55105BQ3478,O,운용
20260813,└▶삼성평생소득TIF20증권자투자신탁H[채권혼합-재간접형]_S-P,삼성자산운용,K55105BQ3601,A01005,2OF04,2OF0401,2,투자설명서(간이투자설명서 포함) 변경,1,K55105BQ3478,O,운용
20260813,└▶삼성평생소득TIF20증권자투자신탁H[채권혼합-재간접형]_Cs,삼성자산운용,K55105BR3121,A01005,2OF04,2OF0401,2,투자설명서(간이투자설명서 포함) 변경,1,K55105BQ3478,O,운용
20260813,└▶삼성평생소득TIF20증권자투자신탁H[채권혼합-재간접형]_C-Pe,삼성자산운용,K55105BS6255,A01005,2OF04,2OF0401,2,투자설명서(간이투자설명서 포함) 변경,1,K55105BQ3478,O,운용
20260813,└▶삼성평생소득TIF20증권자투자신탁H[채권혼합-재간접형]_Cpe(퇴직연금),삼성자산운용,K55105BU3316,A01005,2OF04,2OF0401,2,투자설명서(간이투자설명서 포함) 변경,1,K55105BQ3478,O,운용
20260813,└▶삼성평생소득TIF20증권자투자신탁H[채권혼합-재간접형]_CY(퇴직연금),삼성자산운용,K55105D45336,A01005,2OF04,2OF0401,2,투자설명서(간이투자설명서 포함) 변경,1,K55105BQ3478,O,운용
20260813,삼성평생소득TIF20월지급식증권자투자신탁H[채권혼합-재간접형],삼성자산운용,K55105BQ3619,A01005,2OF04,2OF0401,2,투자설명서(간이투자설명서 포함) 변경,1,K55105BQ3619,O,운용
20260813,└▶삼성평생소득TIF20월지급식증권자투자신탁H[채권혼합-재간접형]_C-P,삼성자산운용,K55105BQ3627,A01005,2OF04,2OF0401,2,투자설명서(간이투자설명서 포함) 변경,1,K55105BQ3619,O,운용
20260813,└▶삼성한국형RIF월지급식증권자투자신탁H[채권혼합-재간접형]Cp(퇴직연금),삼성자산운용,K55105BQ3635,A01005,2OF04,2OF0401,2,투자설명서(간이투자설명서 포함) 변경,1,K55105BQ3619,O,운용
20260813,삼성평생소득TIF40증권자투자신탁H[채권혼합-재간접형],삼성자산운용,K55105BQ3650,A01005,2OF04,2OF0401,2,투자설명서(간이투자설명서 포함) 변경,1,K55105BQ3650,O,운용
20260813,└▶삼성평생소득TIF40증권자투자신탁H[채권혼합-재간접형]_C-P,삼성자산운용,K55105BQ3817,A01005,2OF04,2OF0401,2,투자설명서(간이투자설명서 포함) 변경,1,K55105BQ3650,O,운용
20260813,└▶삼성평생소득TIF40증권자투자신탁H[채권혼합-재간접형]_Cp(퇴직연금),삼성자산운용,K55105BQ3825,A01005,2OF04,2OF0401,2,투자설명서(간이투자설명서 포함) 변경,1,K55105BQ3650,O,운용
20260813,└▶삼성평생소득TIF40증권자투자신탁H[채권혼합-재간접형]_S-P,삼성자산운용,K55105BQ3841,A01005,2OF04,2OF0401,2,투자설명서(간이투자설명서 포함) 변경,1,K55105BQ3650,O,운용
20260813,└▶삼성평생소득TIF40증권자투자신탁H[채권혼합-재간접형]_Cs,삼성자산운용,K55105BR3139,A01005,2OF04,2OF0401,2,투자설명서(간이투자설명서 포함) 변경,1,K55105BQ3650,O,운용
20260813,└▶삼성평생소득TIF40증권자투자신탁H[채권혼합-재간접형]_C-Pe,삼성자산운용,K55105BS6271,A01005,2OF04,2OF0401,2,투자설명서(간이투자설명서 포함) 변경,1,K55105BQ3650,O,운용
20260813,└▶삼성평생소득TIF40증권자투자신탁H[채권혼합-재간접형]_Cpe(퇴직연금),삼성자산운용,K55105BU3332,A01005,2OF04,2OF0401,2,투자설명서(간이투자설명서 포함) 변경,1,K55105BQ3650,O,운용
20260813,삼성KODEX종합채권(AA-이상)액티브증권상장지수투자신탁[채권],삼성자산운용,K55105BR0838,A01005,2OF04,2OF0401,2,투자설명서(간이투자설명서 포함) 변경,1,K55105BR0838,O,운용
20260813,삼성KODEX단기변동금리부채권액티브증권상장지수투자신탁[채권],삼성자산운용,K55105BR3113,A01005,2OF04,2OF0401,2,투자설명서(간이투자설명서 포함) 변경,1,K55105BR3113,O,운용
20260813,삼성글로벌타겟인컴20증권자투자신탁H[채권혼합-재간접형],삼성자산운용,K55105BS3658,A01005,2OF04,2OF0401,2,투자설명서(간이투자설명서 포함) 변경,1,K55105BS3658,O,운용
20260813,└▶삼성글로벌타겟인컴20증권자투자신탁H[채권혼합-재간접형]A,삼성자산운용,K55105BQ3486,A01005,2OF04,2OF0401,2,투자설명서(간이투자설명서 포함) 변경,1,K55105BS3658,O,운용
20260813,└▶삼성글로벌타겟인컴20증권자투자신탁H[채권혼합-재간접형]_Ae,삼성자산운용,K55105BQ3494,A01005,2OF04,2OF0401,2,투자설명서(간이투자설명서 포함) 변경,1,K55105BS3658,O,운용
20260813,└▶삼성글로벌타겟인컴20증권자투자신탁H[채권혼합-재간접형]_Ce,삼성자산운용,K55105BQ3528,A01005,2OF04,2OF0401,2,투자설명서(간이투자설명서 포함) 변경,1,K55105BS3658,O,운용
20260813,└▶삼성글로벌타겟인컴20증권자투자신탁H[채권혼합-재간접형]_Cf,삼성자산운용,K55105BQ3536,A01005,2OF04,2OF0401,2,투자설명서(간이투자설명서 포함) 변경,1,K55105BS3658,O,운용
20260813,└▶삼성글로벌타겟인컴20증권자투자신탁H[채권혼합-재간접형]S,삼성자산운용,K55105BQ3593,A01005,2OF04,2OF0401,2,투자설명서(간이투자설명서 포함) 변경,1,K55105BS3658,O,운용
20260813,삼성픽테4차산업글로벌디지털증권자투자신탁H[주식-재간접형],삼성자산운용,K55105BT2154,A01005,2OF04,2OF0401,2,투자설명서(간이투자설명서 포함) 변경,1,K55105BT2154,O,운용
20260813,└▶삼성픽테4차산업글로벌디지털증권자투자신탁H[주식-재간접형]_A,삼성자산운용,K55105BT2162,A01005,2OF04,2OF0401,2,투자설명서(간이투자설명서 포함) 변경,1,K55105BT2154,O,운용
20260813,└▶삼성픽테4차산업글로벌디지털증권자투자신탁H[주식-재간접형]Ae,삼성자산운용,K55105BT2170,A01005,2OF04,2OF0401,2,투자설명서(간이투자설명서 포함) 변경,1,K55105BT2154,O,운용
20260813,└▶삼성픽테4차산업글로벌디지털증권자투자신탁H[주식-재간접형]C,삼성자산운용,K55105BT2196,A01005,2OF04,2OF0401,2,투자설명서(간이투자설명서 포함) 변경,1,K55105BT2154,O,운용
20260813,└▶삼성픽테4차산업글로벌디지털증권자투자신탁H[주식-재간접형]Ce,삼성자산운용,K55105BT2204,A01005,2OF04,2OF0401,2,투자설명서(간이투자설명서 포함) 변경,1,K55105BT2154,O,운용
20260813,└▶삼성픽테4차산업글로벌디지털증권자투자신탁H[주식-재간접형]_Cw,삼성자산운용,K55105BT2253,A01005,2OF04,2OF0401,2,투자설명서(간이투자설명서 포함) 변경,1,K55105BT2154,O,운용
20260813,└▶삼성픽테4차산업글로벌디지털증권자투자신탁H[주식-재간접형]C-P,삼성자산운용,K55105BT2261,A01005,2OF04,2OF0401,2,투자설명서(간이투자설명서 포함) 변경,1,K55105BT2154,O,운용
20260813,└▶삼성픽테4차산업글로벌디지털증권자투자신탁H[주식-재간접형]C-Pe,삼성자산운용,K55105BT2279,A01005,2OF04,2OF0401,2,투자설명서(간이투자설명서 포함) 변경,1,K55105BT2154,O,운용
20260813,└▶삼성픽테4차산업글로벌디지털증권자투자신탁H[주식-재간접형]S,삼성자산운용,K55105BT2287,A01005,2OF04,2OF0401,2,투자설명서(간이투자설명서 포함) 변경,1,K55105BT2154,O,운용
20260813,└▶삼성픽테4차산업글로벌디지털증권자투자신탁H[주식-재간접형]S-P,삼성자산운용,K55105BT2295,A01005,2OF04,2OF0401,2,투자설명서(간이투자설명서 포함) 변경,1,K55105BT2154,O,운용
20260813,└▶삼성픽테4차산업글로벌디지털증권자투자신탁H[주식-재간접형]Cp(퇴직연금),삼성자산운용,K55105BT2329,A01005,2OF04,2OF0401,2,투자설명서(간이투자설명서 포함) 변경,1,K55105BT2154,O,운용
20260813,└▶삼성픽테4차산업글로벌디지털증권자투자신탁H[주식-재간접형]Cpe(퇴직연금),삼성자산운용,K55105BT2337,A01005,2OF04,2OF0401,2,투자설명서(간이투자설명서 포함) 변경,1,K55105BT2154,O,운용
20260813,삼성픽테4차산업글로벌디지털증권자투자신탁UH[주식-재간접형],삼성자산운용,K55105BT2360,A01005,2OF04,2OF0401,2,투자설명서(간이투자설명서 포함) 변경,1,K55105BT2360,O,운용
20260813,└▶삼성픽테4차산업글로벌디지털증권자투자신탁UH[주식-재간접형]A,삼성자산운용,K55105BT2386,A01005,2OF04,2OF0401,2,투자설명서(간이투자설명서 포함) 변경,1,K55105BT2360,O,운용
20260813,└▶삼성픽테4차산업글로벌디지털증권자투자신탁UH[주식-재간접형]Ae,삼성자산운용,K55105BT2394,A01005,2OF04,2OF0401,2,투자설명서(간이투자설명서 포함) 변경,1,K55105BT2360,O,운용
20260813,└▶삼성픽테4차산업글로벌디지털증권자투자신탁UH[주식-재간접형]C,삼성자산운용,K55105BT2428,A01005,2OF04,2OF0401,2,투자설명서(간이투자설명서 포함) 변경,1,K55105BT2360,O,운용
20260813,└▶삼성픽테4차산업글로벌디지털증권자투자신탁UH[주식-재간접형]Ce,삼성자산운용,K55105BT2436,A01005,2OF04,2OF0401,2,투자설명서(간이투자설명서 포함) 변경,1,K55105BT2360,O,운용
20260813,└▶삼성픽테4차산업글로벌디지털증권자투자신탁UH[주식-재간접형]C-P,삼성자산운용,K55105BT2501,A01005,2OF04,2OF0401,2,투자설명서(간이투자설명서 포함) 변경,1,K55105BT2360,O,운용
20260813,└▶삼성픽테4차산업글로벌디지털증권자투자신탁UH[주식-재간접형]C-Pe,삼성자산운용,K55105BT2519,A01005,2OF04,2OF0401,2,투자설명서(간이투자설명서 포함) 변경,1,K55105BT2360,O,운용
20260813,└▶삼성픽테4차산업글로벌디지털증권자투자신탁UH[주식-재간접형]S,삼성자산운용,K55105BT2527,A01005,2OF04,2OF0401,2,투자설명서(간이투자설명서 포함) 변경,1,K55105BT2360,O,운용
20260813,└▶삼성픽테4차산업글로벌디지털증권자투자신탁UH[주식-재간접형]S-P,삼성자산운용,K55105BT2535,A01005,2OF04,2OF0401,2,투자설명서(간이투자설명서 포함) 변경,1,K55105BT2360,O,운용
20260813,└▶삼성픽테4차산업글로벌디지털증권자투자신탁UH[주식-재간접형]Cp(퇴직연금),삼성자산운용,K55105BT2543,A01005,2OF04,2OF0401,2,투자설명서(간이투자설명서 포함) 변경,1,K55105BT2360,O,운용
20260813,└▶삼성픽테4차산업글로벌디지털증권자투자신탁UH[주식-재간접형]Cpe(퇴직연금),삼성자산운용,K55105BT2550,A01005,2OF04,2OF0401,2,투자설명서(간이투자설명서 포함) 변경,1,K55105BT2360,O,운용
20260813,삼성KODEX미국S&amp;P500배당귀족커버드콜증권상장지수투자신탁[주식-파생형](합성)(H),삼성자산운용,K55105BT6551,A01005,2OF04,2OF0401,2,투자설명서(간이투자설명서 포함) 변경,1,K55105BT6551,O,운용
20260813,삼성KODEXTRF7030증권상장지수투자신탁[주식혼합-재간접형],삼성자산운용,K55105CS1255,A01005,2OF04,2OF0401,2,투자설명서(간이투자설명서 포함) 변경,1,K55105CS1255,O,운용
20260813,삼성KODEXTRF5050증권상장지수투자신탁[채권혼합-재간접형],삼성자산운용,K55105CS1263,A01005,2OF04,2OF0401,2,투자설명서(간이투자설명서 포함) 변경,1,K55105CS1263,O,운용
20260813,삼성KODEXTRF3070증권상장지수투자신탁[채권혼합],삼성자산운용,K55105CS1271,A01005,2OF04,2OF0401,2,투자설명서(간이투자설명서 포함) 변경,1,K55105CS1271,O,운용
20260813,삼성미국그로스증권자투자신탁H[주식-재간접형],삼성자산운용,K55105CS5025,A01005,2OF04,2OF0401,2,투자설명서(간이투자설명서 포함) 변경,1,K55105CS5025,O,운용
20260813,└▶삼성미국그로스증권자투자신탁H[주식-재간접형]_C-Pe,삼성자산운용,K55105CR8541,A01005,2OF04,2OF0401,2,투자설명서(간이투자설명서 포함) 변경,1,K55105CS5025,O,운용
20260813,└▶삼성미국그로스증권자투자신탁H[주식-재간접형]_A,삼성자산운용,K55105CS5181,A01005,2OF04,2OF0401,2,투자설명서(간이투자설명서 포함) 변경,1,K55105CS5025,O,운용
20260813,└▶삼성미국그로스증권자투자신탁H[주식-재간접형]_Ae,삼성자산운용,K55105CS5199,A01005,2OF04,2OF0401,2,투자설명서(간이투자설명서 포함) 변경,1,K55105CS5025,O,운용
20260813,└▶삼성미국그로스증권자투자신탁H[주식-재간접형]_C,삼성자산운용,K55105CS5249,A01005,2OF04,2OF0401,2,투자설명서(간이투자설명서 포함) 변경,1,K55105CS5025,O,운용
20260813,└▶삼성미국그로스증권자투자신탁H[주식-재간접형]_Ce,삼성자산운용,K55105CS5272,A01005,2OF04,2OF0401,2,투자설명서(간이투자설명서 포함) 변경,1,K55105CS5025,O,운용
20260813,└▶삼성미국그로스증권자투자신탁H[주식-재간접형]_Cw,삼성자산운용,K55105CS5421,A01005,2OF04,2OF0401,2,투자설명서(간이투자설명서 포함) 변경,1,K55105CS5025,O,운용
20260813,└▶삼성미국그로스증권자투자신탁H[주식-재간접형]C-P,삼성자산운용,K55105CS5439,A01005,2OF04,2OF0401,2,투자설명서(간이투자설명서 포함) 변경,1,K55105CS5025,O,운용
20260813,└▶삼성미국그로스증권자투자신탁H[주식-재간접형]_Cp(퇴직연금),삼성자산운용,K55105CS5660,A01005,2OF04,2OF0401,2,투자설명서(간이투자설명서 포함) 변경,1,K55105CS5025,O,운용
20260813,└▶삼성미국그로스증권자투자신탁H[주식-재간접형]Cpe(퇴직연금),삼성자산운용,K55105CS5678,A01005,2OF04,2OF0401,2,투자설명서(간이투자설명서 포함) 변경,1,K55105CS5025,O,운용
20260813,삼성미국그로스증권자투자신탁UH[주식-재간접형],삼성자산운용,K55105CS5314,A01005,2OF04,2OF0401,2,투자설명서(간이투자설명서 포함) 변경,1,K55105CS5314,O,운용
20260813,└▶삼성미국그로스증권자투자신탁UH[주식-재간접형]_A,삼성자산운용,K55105CS5710,A01005,2OF04,2OF0401,2,투자설명서(간이투자설명서 포함) 변경,1,K55105CS5314,O,운용
20260813,└▶삼성미국그로스증권자투자신탁UH[주식-재간접형]_Ae,삼성자산운용,K55105CS5728,A01005,2OF04,2OF0401,2,투자설명서(간이투자설명서 포함) 변경,1,K55105CS5314,O,운용
20260813,└▶삼성미국그로스증권자투자신탁UH[주식-재간접형]_C,삼성자산운용,K55105CS5744,A01005,2OF04,2OF0401,2,투자설명서(간이투자설명서 포함) 변경,1,K55105CS5314,O,운용
20260813,└▶삼성미국그로스증권자투자신탁UH[주식-재간접형]_Ce,삼성자산운용,K55105CS5751,A01005,2OF04,2OF0401,2,투자설명서(간이투자설명서 포함) 변경,1,K55105CS5314,O,운용
20260813,└▶삼성미국그로스증권자투자신탁UH[주식-재간접형]_C-P,삼성자산운용,K55105CS5801,A01005,2OF04,2OF0401,2,투자설명서(간이투자설명서 포함) 변경,1,K55105CS5314,O,운용
20260813,└▶삼성미국그로스증권자투자신탁UH[주식-재간접형]_C-Pe,삼성자산운용,K55105CS5819,A01005,2OF04,2OF0401,2,투자설명서(간이투자설명서 포함) 변경,1,K55105CS5314,O,운용
20260813,└▶삼성미국그로스증권자투자신탁UH[주식-재간접형]_Cp(퇴직연금),삼성자산운용,K55105CS5827,A01005,2OF04,2OF0401,2,투자설명서(간이투자설명서 포함) 변경,1,K55105CS5314,O,운용
20260813,└▶삼성미국그로스증권자투자신탁UH[주식-재간접형]_Cpe(퇴직연금),삼성자산운용,K55105CS5835,A01005,2OF04,2OF0401,2,투자설명서(간이투자설명서 포함) 변경,1,K55105CS5314,O,운용
20260813,삼성글로벌EMPTDF2050증권자투자신탁[주식혼합-파생재간접형],삼성자산운용,K55105D30650,A01005,2OF04,2OF0401,2,투자설명서(간이투자설명서 포함) 변경,1,K55105D30650,O,운용
20260813,└▶삼성글로벌EMPTDF2050증권자투자신탁[주식혼합-파생재간접형]_Cf,삼성자산운용,K55105D32813,A01005,2OF04,2OF0401,2,투자설명서(간이투자설명서 포함) 변경,1,K55105D30650,O,운용
20260813,└▶삼성글로벌EMPTDF2050증권자투자신탁[주식혼합-파생재간접형]_C-Pe,삼성자산운용,K55105D32854,A01005,2OF04,2OF0401,2,투자설명서(간이투자설명서 포함) 변경,1,K55105D30650,O,운용
20260813,삼성글로벌EMPTDF2035증권자투자신탁[주식혼합-파생재간접형],삼성자산운용,K55105D30684,A01005,2OF04,2OF0401,2,투자설명서(간이투자설명서 포함) 변경,1,K55105D30684,O,운용
20260813,└▶삼성글로벌EMPTDF2035증권자투자신탁[주식혼합-파생재간접형]_Cf,삼성자산운용,K55105D34272,A01005,2OF04,2OF0401,2,투자설명서(간이투자설명서 포함) 변경,1,K55105D30684,O,운용
20260813,└▶삼성글로벌EMPTDF2035증권자투자신탁[주식혼합-파생재간접형]_C-Pe,삼성자산운용,K55105D34314,A01005,2OF04,2OF0401,2,투자설명서(간이투자설명서 포함) 변경,1,K55105D30684,O,운용
20260813,삼성글로벌EMPTDF2030증권자투자신탁[주식혼합-파생재간접형],삼성자산운용,K55105D36434,A01005,2OF04,2OF0401,2,투자설명서(간이투자설명서 포함) 변경,1,K55105D36434,O,운용
20260813,└▶삼성글로벌EMPTDF2030증권자투자신탁[주식혼합-파생재간접형]_Cf,삼성자산운용,K55105D41723,A01005,2OF04,2OF0401,2,투자설명서(간이투자설명서 포함) 변경,1,K55105D36434,O,운용
20260813,└▶삼성글로벌EMPTDF2030증권자투자신탁[주식혼합-파생재간접형]_C-Pe,삼성자산운용,K55105D41772,A01005,2OF04,2OF0401,2,투자설명서(간이투자설명서 포함) 변경,1,K55105D36434,O,운용
20260813,삼성글로벌EMPTDF2055증권자투자신탁[주식혼합-파생재간접형],삼성자산운용,K55105D36467,A01005,2OF04,2OF0401,2,투자설명서(간이투자설명서 포함) 변경,1,K55105D36467,O,운용
20260813,└▶삼성글로벌EMPTDF2055증권자투자신탁[주식혼합-파생재간접형]_Cf,삼성자산운용,K55105D43448,A01005,2OF04,2OF0401,2,투자설명서(간이투자설명서 포함) 변경,1,K55105D36467,O,운용
20260813,└▶삼성글로벌EMPTDF2055증권자투자신탁[주식혼합-파생재간접형]_C-Pe,삼성자산운용,K55105D43489,A01005,2OF04,2OF0401,2,투자설명서(간이투자설명서 포함) 변경,1,K55105D36467,O,운용
20260813,삼성KODEX장기종합채권(AA-이상)액티브증권상장지수투자신탁[채권],삼성자산운용,K55105D79160,A01005,2OF04,2OF0401,2,투자설명서(간이투자설명서 포함) 변경,1,K55105D79160,O,운용
20260813,삼성KODEXESG종합채권(A-이상)액티브증권상장지수투자신탁[채권],삼성자산운용,K55105DR2899,A01005,2OF04,2OF0401,2,투자설명서(간이투자설명서 포함) 변경,1,K55105DR2899,O,운용
20260813,삼성KODEX아시아달러채권ESG플러스액티브증권상장지수투자신탁[채권],삼성자산운용,K55105DR4770,A01005,2OF04,2OF0401,2,투자설명서(간이투자설명서 포함) 변경,1,K55105DR4770,O,운용
20260813,삼성KODEXKOFR금리액티브특별자산상장지수투자신탁[금리-파생형](합성),삼성자산운용,K55105DR9373,A01005,2OF04,2OF0401,2,투자설명서(간이투자설명서 포함) 변경,1,K55105DR9373,O,운용
20260813,삼성KODEX차이나AI테크액티브증권상장지수투자신탁[주식],삼성자산운용,K55105DS5081,A01005,2OF04,2OF0401,2,투자설명서(간이투자설명서 포함) 변경,1,K55105DS5081,O,운용
20260813,삼성KODEX국고채30년액티브증권상장지수투자신탁[채권],삼성자산운용,K55105DV4568,A01005,2OF04,2OF0401,2,투자설명서(간이투자설명서 포함) 변경,1,K55105DV4568,O,운용
20260813,삼성KODEX미국달러SOFR금리액티브특별자산상장지수투자신탁[금리-파생형](합성),삼성자산운용,K55105E10130,A01005,2OF04,2OF0401,2,투자설명서(간이투자설명서 포함) 변경,1,K55105E10130,O,운용
20260813,삼성KODEX33-06국고채액티브증권상장지수투자신탁[채권],삼성자산운용,K55105E17036,A01005,2OF04,2OF0401,2,투자설명서(간이투자설명서 포함) 변경,1,K55105E17036,O,운용
20260813,삼성KODEX53-09국고채액티브증권상장지수투자신탁[채권],삼성자산운용,K55105E17044,A01005,2OF04,2OF0401,2,투자설명서(간이투자설명서 포함) 변경,1,K55105E17044,O,운용
20260813,삼성KODEXCD금리액티브증권상장지수투자신탁[채권혼합-파생형](합성),삼성자산운용,K55105E24776,A01005,2OF04,2OF0401,2,투자설명서(간이투자설명서 포함) 변경,1,K55105E24776,O,운용
20260813,삼성KODEX국고채10년액티브증권상장지수투자신탁[채권],삼성자산운용,K55105E67924,A01005,2OF04,2OF0401,2,투자설명서(간이투자설명서 포함) 변경,1,K55105E67924,O,운용
20260813,삼성KODEX26-12회사채(AA-이상)액티브증권상장지수투자신탁[채권],삼성자산운용,K55105E71496,A01005,2OF04,2OF0401,2,투자설명서(간이투자설명서 포함) 변경,1,K55105E71496,O,운용
20260813,삼성KODEX한국부동산리츠인프라부동산상장지수투자신탁[재간접형],삼성자산운용,K55105E84051,A01005,2OF04,2OF0401,2,투자설명서(간이투자설명서 포함) 변경,1,K55105E84051,O,운용
20260813,삼성KODEX머니마켓액티브증권상장지수투자신탁[채권],삼성자산운용,K55105EC8033,A01005,2OF04,2OF0401,2,투자설명서(간이투자설명서 포함) 변경,1,K55105EC8033,O,운용
20260813,삼성KODEX금융고배당TOP10타겟위클리커버드콜증권상장지수투자신탁[주식-파생형],삼성자산운용,K55105EF7263,A01005,2OF04,2OF0401,2,투자설명서(간이투자설명서 포함) 변경,1,K55105EF7263,O,운용
20260813,삼성KODEX200타겟위클리커버드콜증권상장지수투자신탁[주식-파생형],삼성자산운용,K55105EG3659,A01005,2OF04,2OF0401,2,투자설명서(간이투자설명서 포함) 변경,1,K55105EG3659,O,운용
20260813,삼성KODEX27-12회사채(AA-이상)액티브증권상장지수투자신탁[채권],삼성자산운용,K55105EG9086,A01005,2OF04,2OF0401,2,투자설명서(간이투자설명서 포함) 변경,1,K55105EG9086,O,운용
20260813,삼성KODEX차이나휴머노이드로봇증권상장지수투자신탁[주식],삼성자산운용,K55105EJ5511,A01005,2OF04,2OF0401,2,투자설명서(간이투자설명서 포함) 변경,1,K55105EJ5511,O,운용
20260813,삼성KODEX차이나테크TOP10증권상장지수투자신탁[주식],삼성자산운용,K55105EK8991,A01005,2OF04,2OF0401,2,투자설명서(간이투자설명서 포함) 변경,1,K55105EK8991,O,운용
20260813,삼성KODEX금융고배당TOP10증권상장지수투자신탁[주식],삼성자산운용,K55105EM2703,A01005,2OF04,2OF0401,2,투자설명서(간이투자설명서 포함) 변경,1,K55105EM2703,O,운용
20260813,삼성KODEX미국10년국채액티브증권상장지수투자신탁[채권-재간접형](H),삼성자산운용,K55105EM2711,A01005,2OF04,2OF0401,2,투자설명서(간이투자설명서 포함) 변경,1,K55105EM2711,O,운용
20260813,삼성KODEX코리아소버린AI증권상장지수투자신탁[주식],삼성자산운용,K55105EN8626,A01005,2OF04,2OF0401,2,투자설명서(간이투자설명서 포함) 변경,1,K55105EN8626,O,운용
20260813,삼성KODEX26-12금융채(AA-이상)액티브증권상장지수투자신탁[채권],삼성자산운용,K55105EN8634,A01005,2OF04,2OF0401,2,투자설명서(간이투자설명서 포함) 변경,1,K55105EN8634,O,운용
20260813,삼성KODEX28-12회사채(AA-이상)액티브증권상장지수투자신탁[채권],삼성자산운용,K55105EN8642,A01005,2OF04,2OF0401,2,투자설명서(간이투자설명서 포함) 변경,1,K55105EN8642,O,운용
20260813,삼성KODEX미국원자력SMR증권상장지수투자신탁[주식],삼성자산운용,K55105EP4797,A01005,2OF04,2OF0401,2,투자설명서(간이투자설명서 포함) 변경,1,K55105EP4797,O,운용
20260813,삼성KODEX국고채3년증권상장지수투자신탁[채권],삼성자산운용,KR5105149383,A01005,2OF04,2OF0401,2,투자설명서(간이투자설명서 포함) 변경,1,KR5105149383,O,운용
20260813,삼성KODEX인버스증권상장지수투자신탁[주식-파생형],삼성자산운용,KR5105152130,A01005,2OF04,2OF0401,2,투자설명서(간이투자설명서 포함) 변경,1,KR5105152130,O,운용
20260813,삼성KODEX레버리지증권상장지수투자신탁[주식-파생형],삼성자산운용,KR5105191153,A01005,2OF04,2OF0401,2,투자설명서(간이투자설명서 포함) 변경,1,KR5105191153,O,운용
20260813,삼성밸류라이프플랜안정증권전환형자투자신탁 1[채권],삼성자산운용,KR5105448157,A01005,2OF04,2OF0401,2,투자설명서(간이투자설명서 포함) 변경,1,KR5105448157,O,운용
20260813,삼성밸류플러스증권자투자신탁 1[주식혼합],삼성자산운용,KR5105577344,A01005,2OF04,2OF0401,2,투자설명서(간이투자설명서 포함) 변경,1,KR5105577344,O,운용
20260813,└▶삼성밸류플러스증권자투자신탁 1[주식혼합](A),삼성자산운용,KR5105955326,A01005,2OF04,2OF0401,2,투자설명서(간이투자설명서 포함) 변경,1,KR5105577344,O,운용
20260813,└▶삼성밸류플러스증권자투자신탁 1[주식혼합](C1),삼성자산운용,KR5105955334,A01005,2OF04,2OF0401,2,투자설명서(간이투자설명서 포함) 변경,1,KR5105577344,O,운용
20260813,└▶삼성밸류플러스증권자투자신탁 1[주식혼합](C2),삼성자산운용,KR5105973212,A01005,2OF04,2OF0401,2,투자설명서(간이투자설명서 포함) 변경,1,KR5105577344,O,운용
20260813,└▶삼성밸류플러스증권자투자신탁 1[주식혼합](C3),삼성자산운용,KR5105973220,A01005,2OF04,2OF0401,2,투자설명서(간이투자설명서 포함) 변경,1,KR5105577344,O,운용
20260813,└▶삼성밸류플러스증권자투자신탁 1[주식혼합](C4),삼성자산운용,KR5105973246,A01005,2OF04,2OF0401,2,투자설명서(간이투자설명서 포함) 변경,1,KR5105577344,O,운용
20260813,└▶삼성밸류플러스증권자투자신탁 1[주식혼합](C5),삼성자산운용,KR5105973261,A01005,2OF04,2OF0401,2,투자설명서(간이투자설명서 포함) 변경,1,KR5105577344,O,운용
20260813,삼성글로벌클린에너지증권자투자신탁 2[주식-재간접형],삼성자산운용,KR5105706562,A01005,2OF04,2OF0401,2,투자설명서(간이투자설명서 포함) 변경,1,KR5105706562,O,운용
20260813,└▶삼성글로벌클린에너지증권자투자신탁 2[주식-재간접형](A),삼성자산운용,KR5105706570,A01005,2OF04,2OF0401,2,투자설명서(간이투자설명서 포함) 변경,1,KR5105706562,O,운용
20260813,└▶삼성글로벌클린에너지증권자투자신탁 2[주식](C1),삼성자산운용,KR5105706588,A01005,2OF04,2OF0401,2,투자설명서(간이투자설명서 포함) 변경,1,KR5105706562,O,운용
20260813,└▶삼성글로벌클린에너지증권자투자신탁 2[주식](C2),삼성자산운용,KR5105992006,A01005,2OF04,2OF0401,2,투자설명서(간이투자설명서 포함) 변경,1,KR5105706562,O,운용
20260813,└▶삼성글로벌클린에너지증권자투자신탁 2[주식-재간접형](C3),삼성자산운용,KR5105992014,A01005,2OF04,2OF0401,2,투자설명서(간이투자설명서 포함) 변경,1,KR5105706562,O,운용
20260813,└▶삼성글로벌클린에너지증권자투자신탁 2[주식-재간접형](C4),삼성자산운용,KR5105992022,A01005,2OF04,2OF0401,2,투자설명서(간이투자설명서 포함) 변경,1,KR5105706562,O,운용
20260813,└▶삼성글로벌클린에너지증권자투자신탁 2[주식-재간접형](C5),삼성자산운용,KR5105992030,A01005,2OF04,2OF0401,2,투자설명서(간이투자설명서 포함) 변경,1,KR5105706562,O,운용
20260813,└▶삼성글로벌클린에너지증권자투자신탁 2[주식-재간접형](S),삼성자산운용,KR5105AR4676,A01005,2OF04,2OF0401,2,투자설명서(간이투자설명서 포함) 변경,1,KR5105706562,O,운용
20260813,삼성장기주택마련대표증권자투자신탁 1[주식],삼성자산운용,KR5105717353,A01005,2OF04,2OF0401,2,투자설명서(간이투자설명서 포함) 변경,1,KR5105717353,O,운용
20260813,└▶삼성장기주택마련대표증권자투자신탁 1[주식](A),삼성자산운용,KR5105717361,A01005,2OF04,2OF0401,2,투자설명서(간이투자설명서 포함) 변경,1,KR5105717353,O,운용
20260813,└▶삼성장기주택마련대표증권자투자신탁 1[주식](C),삼성자산운용,KR5105718633,A01005,2OF04,2OF0401,2,투자설명서(간이투자설명서 포함) 변경,1,KR5105717353,O,운용
20260813,삼성인디아증권자투자신탁 3[주식-파생형],삼성자산운용,KR5105951952,A01005,2OF04,2OF0401,2,투자설명서(간이투자설명서 포함) 변경,1,KR5105951952,O,운용
20260813,└▶삼성인디아증권자투자신탁 3[주식-파생형](S),삼성자산운용,K55105BE7291,A01005,2OF04,2OF0401,2,투자설명서(간이투자설명서 포함) 변경,1,KR5105951952,O,운용
20260813,└▶삼성인디아증권자투자신탁 3[주식-파생형](적립식),삼성자산운용,KR5105158129,A01005,2OF04,2OF0401,2,투자설명서(간이투자설명서 포함) 변경,1,KR5105951952,O,운용
20260813,└▶삼성인디아증권자투자신탁 3[주식-파생형](B),삼성자산운용,KR5105286888,A01005,2OF04,2OF0401,2,투자설명서(간이투자설명서 포함) 변경,1,KR5105951952,O,운용
20260813,└▶삼성인디아증권자투자신탁 3[주식-파생형](C5),삼성자산운용,KR5105348670,A01005,2OF04,2OF0401,2,투자설명서(간이투자설명서 포함) 변경,1,KR5105951952,O,운용
20260813,└▶삼성인디아증권자투자신탁 3[주식-파생형](A),삼성자산운용,KR5105951978,A01005,2OF04,2OF0401,2,투자설명서(간이투자설명서 포함) 변경,1,KR5105951952,O,운용
20260813,└▶삼성인디아증권자투자신탁 3[주식-파생형](C1),삼성자산운용,KR5105951994,A01005,2OF04,2OF0401,2,투자설명서(간이투자설명서 포함) 변경,1,KR5105951952,O,운용
20260813,└▶삼성인디아증권자투자신탁 3[주식-파생형](C2),삼성자산운용,KR5105952000,A01005,2OF04,2OF0401,2,투자설명서(간이투자설명서 포함) 변경,1,KR5105951952,O,운용
20260813,└▶삼성인디아증권자투자신탁 3[주식-파생형](C3),삼성자산운용,KR5105952018,A01005,2OF04,2OF0401,2,투자설명서(간이투자설명서 포함) 변경,1,KR5105951952,O,운용
20260813,└▶삼성인디아증권자투자신탁 3[주식-파생형](C4),삼성자산운용,KR5105952026,A01005,2OF04,2OF0401,2,투자설명서(간이투자설명서 포함) 변경,1,KR5105951952,O,운용
20260813,└▶삼성인디아증권자투자신탁 3[주식-파생형](Ce),삼성자산운용,KR5105952034,A01005,2OF04,2OF0401,2,투자설명서(간이투자설명서 포함) 변경,1,KR5105951952,O,운용
20260813,└▶삼성인디아증권자투자신탁 3[주식-파생형](Cf),삼성자산운용,KR5105952042,A01005,2OF04,2OF0401,2,투자설명서(간이투자설명서 포함) 변경,1,KR5105951952,O,운용
20260813,└▶삼성인디아증권자투자신탁 3[주식-파생형](Cw),삼성자산운용,KR5105952059,A01005,2OF04,2OF0401,2,투자설명서(간이투자설명서 포함) 변경,1,KR5105951952,O,운용
20260813,삼성밸류코어증권자투자신탁 1[주식],삼성자산운용,KR5105A38101,A01005,2OF04,2OF0401,2,투자설명서(간이투자설명서 포함) 변경,1,KR5105A38101,O,운용
20260813,└▶삼성밸류코어증권자투자신탁 1[주식]_A,삼성자산운용,KR5105A38127,A01005,2OF04,2OF0401,2,투자설명서(간이투자설명서 포함) 변경,1,KR5105A38101,O,운용
20260813,└▶삼성밸류코어증권자투자신탁 1[주식]_B,삼성자산운용,KR5105A38135,A01005,2OF04,2OF0401,2,투자설명서(간이투자설명서 포함) 변경,1,KR5105A38101,O,운용
20260813,└▶삼성밸류코어증권자투자신탁 1[주식]_C1,삼성자산운용,KR5105A38143,A01005,2OF04,2OF0401,2,투자설명서(간이투자설명서 포함) 변경,1,KR5105A38101,O,운용
20260813,└▶삼성밸류코어증권자투자신탁 1[주식]_C2,삼성자산운용,KR5105A38150,A01005,2OF04,2OF0401,2,투자설명서(간이투자설명서 포함) 변경,1,KR5105A38101,O,운용
20260813,└▶삼성밸류코어증권자투자신탁 1[주식]_C3,삼성자산운용,KR5105A38168,A01005,2OF04,2OF0401,2,투자설명서(간이투자설명서 포함) 변경,1,KR5105A38101,O,운용
20260813,└▶삼성밸류코어증권자투자신탁 1[주식]_C4,삼성자산운용,KR5105A38184,A01005,2OF04,2OF0401,2,투자설명서(간이투자설명서 포함) 변경,1,KR5105A38101,O,운용
20260813,└▶삼성밸류코어증권자투자신탁 1[주식]_Ce,삼성자산운용,KR5105A38192,A01005,2OF04,2OF0401,2,투자설명서(간이투자설명서 포함) 변경,1,KR5105A38101,O,운용
20260813,└▶삼성밸류코어증권자투자신탁 1[주식]_Cw,삼성자산운용,KR5105A38200,A01005,2OF04,2OF0401,2,투자설명서(간이투자설명서 포함) 변경,1,KR5105A38101,O,운용
20260813,└▶삼성밸류코어증권자투자신탁 1[주식]_Cf,삼성자산운용,KR5105A42467,A01005,2OF04,2OF0401,2,투자설명서(간이투자설명서 포함) 변경,1,KR5105A38101,O,운용
20260813,삼성KODEX단기채권증권상장지수투자신탁[채권],삼성자산운용,KR5105A84337,A01005,2OF04,2OF0401,2,투자설명서(간이투자설명서 포함) 변경,1,KR5105A84337,O,운용
20260813,삼성퇴직연금코리아중소형채권혼합증권자투자신탁 1[채권혼합],삼성자산운용,KR5105AA4477,A01005,2OF04,2OF0401,2,투자설명서(간이투자설명서 포함) 변경,1,KR5105AA4477,O,운용
20260813,└▶삼성퇴직연금코리아중소형채권혼합증권자투자신탁 1[채권혼합]_Ce,삼성자산운용,K55105BT7773,A01005,2OF04,2OF0401,2,투자설명서(간이투자설명서 포함) 변경,1,KR5105AA4477,O,운용
20260813,└▶삼성퇴직연금코리아중소형채권혼합증권자투자신탁 1[채권혼합]_C,삼성자산운용,KR5105AI0048,A01005,2OF04,2OF0401,2,투자설명서(간이투자설명서 포함) 변경,1,KR5105AA4477,O,운용
20260813,└▶삼성퇴직연금코리아중소형채권혼합증권자투자신탁 1[채권혼합]_Cf,삼성자산운용,KR5105AI0055,A01005,2OF04,2OF0401,2,투자설명서(간이투자설명서 포함) 변경,1,KR5105AA4477,O,운용
20260813,삼성밸류플러스증권자투자신탁 1[주식],삼성자산운용,KR5105AT0938,A01005,2OF04,2OF0401,2,투자설명서(간이투자설명서 포함) 변경,1,KR5105AT0938,O,운용
20260813,└▶삼성밸류플러스증권자투자신탁 1[주식]_S,삼성자산운용,K55105B10375,A01005,2OF04,2OF0401,2,투자설명서(간이투자설명서 포함) 변경,1,KR5105AT0938,O,운용
20260813,└▶삼성밸류플러스증권자투자신탁 1[주식]_Cp(퇴직연금),삼성자산운용,K55105B70411,A01005,2OF04,2OF0401,2,투자설명서(간이투자설명서 포함) 변경,1,KR5105AT0938,O,운용
20260813,└▶삼성밸류플러스증권자투자신탁 1[주식]Ag,삼성자산운용,K55105BP0558,A01005,2OF04,2OF0401,2,투자설명서(간이투자설명서 포함) 변경,1,KR5105AT0938,O,운용
20260813,└▶삼성밸류플러스증권자투자신탁 1[주식]_A,삼성자산운용,KR5105AT1043,A01005,2OF04,2OF0401,2,투자설명서(간이투자설명서 포함) 변경,1,KR5105AT0938,O,운용
20260813,└▶삼성밸류플러스증권자투자신탁 1[주식]_Ae,삼성자산운용,KR5105AT1084,A01005,2OF04,2OF0401,2,투자설명서(간이투자설명서 포함) 변경,1,KR5105AT0938,O,운용
20260813,└▶삼성밸류플러스증권자투자신탁 1[주식]_C1,삼성자산운용,KR5105AT1092,A01005,2OF04,2OF0401,2,투자설명서(간이투자설명서 포함) 변경,1,KR5105AT0938,O,운용
20260813,└▶삼성밸류플러스증권자투자신탁 1[주식]_C2,삼성자산운용,KR5105AT1100,A01005,2OF04,2OF0401,2,투자설명서(간이투자설명서 포함) 변경,1,KR5105AT0938,O,운용
20260813,└▶삼성밸류플러스증권자투자신탁 1[주식]_C3,삼성자산운용,KR5105AT1118,A01005,2OF04,2OF0401,2,투자설명서(간이투자설명서 포함) 변경,1,KR5105AT0938,O,운용
20260813,└▶삼성밸류플러스증권자투자신탁 1[주식]C4,삼성자산운용,KR5105AT1126,A01005,2OF04,2OF0401,2,투자설명서(간이투자설명서 포함) 변경,1,KR5105AT0938,O,운용
20260813,└▶삼성밸류플러스증권자투자신탁 1[주식]_Ce,삼성자산운용,KR5105AT1134,A01005,2OF04,2OF0401,2,투자설명서(간이투자설명서 포함) 변경,1,KR5105AT0938,O,운용
20260813,└▶삼성밸류플러스증권자투자신탁 1[주식]_Cw,삼성자산운용,KR5105AT1142,A01005,2OF04,2OF0401,2,투자설명서(간이투자설명서 포함) 변경,1,KR5105AT0938,O,운용
20260813,└▶삼성밸류플러스증권자투자신탁 1[주식]_Cf,삼성자산운용,KR5105AT1159,A01005,2OF04,2OF0401,2,투자설명서(간이투자설명서 포함) 변경,1,KR5105AT0938,O,운용
20260813,삼성클래식밸류플러스연금증권자투자신탁 1[주식],삼성자산운용,KR5105AT9137,A01005,2OF04,2OF0401,2,투자설명서(간이투자설명서 포함) 변경,1,KR5105AT9137,O,운용
20260813,└▶삼성클래식밸류플러스연금증권자투자신탁 1[주식]_C,삼성자산운용,KR5105AT9145,A01005,2OF04,2OF0401,2,투자설명서(간이투자설명서 포함) 변경,1,KR5105AT9137,O,운용
20260813,└▶삼성클래식밸류플러스연금증권자투자신탁 1[주식]_Ce,삼성자산운용,KR5105AT9152,A01005,2OF04,2OF0401,2,투자설명서(간이투자설명서 포함) 변경,1,KR5105AT9137,O,운용
20260813,삼성KODEX코리아배당성장증권상장지수투자신탁[주식],삼성자산운용,KR5105AX7259,A01005,2OF04,2OF0401,2,투자설명서(간이투자설명서 포함) 변경,1,KR5105AX7259,O,운용
20260813,삼성베스트MMF법인 1,삼성자산운용,KR5214272621,A01005,2OF04,2OF0401,2,투자설명서(간이투자설명서 포함) 변경,1,KR5214272621,O,운용
20260813,키움고배당&amp;주주가치30증권자투자신탁 1[채권혼합],키움투자자산운용,KR5206465456,A01014,2OF04,2OF0401,2,투자설명서(간이투자설명서 포함) 변경,1,KR5206465456,O,운용
20260813,└▶키움고배당&amp;주주가치30증권자투자신탁 1[채권혼합]ClassA-e,키움투자자산운용,K55206BX6710,A01014,2OF04,2OF0401,2,투자설명서(간이투자설명서 포함) 변경,1,KR5206465456,O,운용
20260813,└▶키움고배당&amp;주주가치30증권자투자신탁 1[채권혼합]C-Pe,키움투자자산운용,K55206BX6751,A01014,2OF04,2OF0401,2,투자설명서(간이투자설명서 포함) 변경,1,KR5206465456,O,운용
20260813,└▶키움고배당&amp;주주가치30증권자투자신탁1[채권혼합]C1,키움투자자산운용,KR5206539938,A01014,2OF04,2OF0401,2,투자설명서(간이투자설명서 포함) 변경,1,KR5206465456,O,운용
20260813,└▶우리프런티어배당주안정증권투자신탁 1[채권혼합]W,키움투자자산운용,KR5206550646,A01014,2OF04,2OF0401,2,투자설명서(간이투자설명서 포함) 변경,1,KR5206465456,O,운용
20260813,└▶키움고배당&amp;주주가치30증권자투자신탁 1[채권혼합]Class C-e,키움투자자산운용,KR5206613212,A01014,2OF04,2OF0401,2,투자설명서(간이투자설명서 포함) 변경,1,KR5206465456,O,운용
20260813,└▶키움고배당&amp;주주가치30증권자투자신탁 1[채권혼합] A1,키움투자자산운용,KR5206859278,A01014,2OF04,2OF0401,2,투자설명서(간이투자설명서 포함) 변경,1,KR5206465456,O,운용
20260813,└▶키움고배당에이스30증권자투자신탁 1[채권혼합]C-d,키움투자자산운용,KR5206A02202,A01014,2OF04,2OF0401,2,투자설명서(간이투자설명서 포함) 변경,1,KR5206465456,O,운용
20260813,키움고배당&amp;주주가치증권자투자신탁 1[주식],키움투자자산운용,KR5206479366,A01014,2OF04,2OF0401,2,투자설명서(간이투자설명서 포함) 변경,1,KR5206479366,O,운용
20260813,└▶키움고배당&amp;주주가치증권자투자신탁 1[주식]C-Pe,키움투자자산운용,K55206BX6827,A01014,2OF04,2OF0401,2,투자설명서(간이투자설명서 포함) 변경,1,KR5206479366,O,운용
20260813,└▶키움고배당&amp;주주가치증권자투자신탁 1[주식]C-P2e(퇴직연금),키움투자자산운용,K55206BX6843,A01014,2OF04,2OF0401,2,투자설명서(간이투자설명서 포함) 변경,1,KR5206479366,O,운용
20260813,└▶키움고배당에이스증권자투자신탁 1[주식]C-I,키움투자자산운용,K55206C16202,A01014,2OF04,2OF0401,2,투자설명서(간이투자설명서 포함) 변경,1,KR5206479366,O,운용
20260813,└▶키움고배당에이스증권자투자신탁 1[주식]C1,키움투자자산운용,KR5206518528,A01014,2OF04,2OF0401,2,투자설명서(간이투자설명서 포함) 변경,1,KR5206479366,O,운용
20260813,└▶키움고배당에이스증권자투자신탁 1[주식]C-W,키움투자자산운용,KR5206519179,A01014,2OF04,2OF0401,2,투자설명서(간이투자설명서 포함) 변경,1,KR5206479366,O,운용
20260813,└▶키움고배당&amp;주주가치증권자투자신탁 1[주식] C-H,키움투자자산운용,KR5206738183,A01014,2OF04,2OF0401,2,투자설명서(간이투자설명서 포함) 변경,1,KR5206479366,O,운용
20260813,└▶키움고배당&amp;주주가치증권자투자신탁 1[주식]A1,키움투자자산운용,KR5206835344,A01014,2OF04,2OF0401,2,투자설명서(간이투자설명서 포함) 변경,1,KR5206479366,O,운용
20260813,└▶키움고배당에이스증권자투자신탁 1[주식]C2,키움투자자산운용,KR5206960696,A01014,2OF04,2OF0401,2,투자설명서(간이투자설명서 포함) 변경,1,KR5206479366,O,운용
20260813,└▶키움고배당에이스증권자투자신탁 1[주식]C3,키움투자자산운용,KR5206960704,A01014,2OF04,2OF0401,2,투자설명서(간이투자설명서 포함) 변경,1,KR5206479366,O,운용
20260813,└▶키움고배당에이스증권자투자신탁 1[주식]C4,키움투자자산운용,KR5206960712,A01014,2OF04,2OF0401,2,투자설명서(간이투자설명서 포함) 변경,1,KR5206479366,O,운용
20260813,└▶키움고배당&amp;주주가치증권자투자신탁 1[주식]C5,키움투자자산운용,KR5206960720,A01014,2OF04,2OF0401,2,투자설명서(간이투자설명서 포함) 변경,1,KR5206479366,O,운용
20260813,└▶키움고배당&amp;주주가치증권자투자신탁 1[주식]A-e,키움투자자산운용,KR5206AQ7330,A01014,2OF04,2OF0401,2,투자설명서(간이투자설명서 포함) 변경,1,KR5206479366,O,운용
20260813,└▶키움고배당&amp;주주가치증권자투자신탁 1[주식]S,키움투자자산운용,KR5206AQ7348,A01014,2OF04,2OF0401,2,투자설명서(간이투자설명서 포함) 변경,1,KR5206479366,O,운용
20260813,키움K-차세대성장산업증권자투자신탁 1[주식],키움투자자산운용,KR5206524542,A01014,2OF04,2OF0401,2,투자설명서(간이투자설명서 포함) 변경,1,KR5206524542,O,운용
20260813,└▶키움행복을드리는증권자투자신탁 1[주식]C1,키움투자자산운용,KR5206524559,A01014,2OF04,2OF0401,2,투자설명서(간이투자설명서 포함) 변경,1,KR5206524542,O,운용
20260813,└▶키움K-차세대성장산업증권자투자신탁 1[주식]C-W,키움투자자산운용,KR5206524567,A01014,2OF04,2OF0401,2,투자설명서(간이투자설명서 포함) 변경,1,KR5206524542,O,운용
20260813,└▶키움K-차세대성장산업증권자투자신탁 1[주식]C-e,키움투자자산운용,KR5206608667,A01014,2OF04,2OF0401,2,투자설명서(간이투자설명서 포함) 변경,1,KR5206524542,O,운용
20260813,└▶키움K-차세대성장산업증권자투자신탁 1[주식]A1,키움투자자산운용,KR5206712477,A01014,2OF04,2OF0401,2,투자설명서(간이투자설명서 포함) 변경,1,KR5206524542,O,운용
20260813,└▶키움행복을드리는증권자투자신탁 1[주식]C2,키움투자자산운용,KR5206960738,A01014,2OF04,2OF0401,2,투자설명서(간이투자설명서 포함) 변경,1,KR5206524542,O,운용
20260813,└▶키움행복을드리는증권자투자신탁 1[주식]C3,키움투자자산운용,KR5206960746,A01014,2OF04,2OF0401,2,투자설명서(간이투자설명서 포함) 변경,1,KR5206524542,O,운용
20260813,└▶키움행복을드리는증권자투자신탁 1[주식]C4,키움투자자산운용,KR5206960753,A01014,2OF04,2OF0401,2,투자설명서(간이투자설명서 포함) 변경,1,KR5206524542,O,운용
20260813,└▶키움K-차세대성장산업증권자투자신탁 1[주식]C5,키움투자자산운용,KR5206960761,A01014,2OF04,2OF0401,2,투자설명서(간이투자설명서 포함) 변경,1,KR5206524542,O,운용
20260813,└▶키움행복을드리는증권자투자신탁 1[주식]C-F,키움투자자산운용,KR5206A14124,A01014,2OF04,2OF0401,2,투자설명서(간이투자설명서 포함) 변경,1,KR5206524542,O,운용
20260813,└▶키움K-차세대성장산업증권자투자신탁 1[주식]A-e,키움투자자산운용,KR5206AQ7264,A01014,2OF04,2OF0401,2,투자설명서(간이투자설명서 포함) 변경,1,KR5206524542,O,운용
20260813,└▶키움K-차세대성장산업증권자투자신탁 1[주식]S,키움투자자산운용,KR5206AQ7272,A01014,2OF04,2OF0401,2,투자설명서(간이투자설명서 포함) 변경,1,KR5206524542,O,운용
20260813,키움퇴직연금고배당&amp;주주가치증권자투자신탁제A- 1[국공채혼합],키움투자자산운용,KR5206893004,A01014,2OF04,2OF0401,2,투자설명서(간이투자설명서 포함) 변경,1,KR5206893004,O,운용
20260813,키움K-차세대성장산업장기소득공제증권전환형자투자신탁 1[주식],키움투자자산운용,KR5206AP8610,A01014,2OF04,2OF0401,2,투자설명서(간이투자설명서 포함) 변경,1,KR5206AP8610,O,운용
20260813,└▶키움K-차세대성장산업장기소득공제증권전환형자투자신탁 1C1[주식],키움투자자산운용,KR5206AP8628,A01014,2OF04,2OF0401,2,투자설명서(간이투자설명서 포함) 변경,1,KR5206AP8610,O,운용
20260813,└▶키움행복드림장기소득공제증권전환형자투자신탁 1[주식]S-T,키움투자자산운용,KR5206AP8644,A01014,2OF04,2OF0401,2,투자설명서(간이투자설명서 포함) 변경,1,KR5206AP8610,O,운용
20260813,└▶키움K-차세대성장산업장기소득공제증권전환형자투자신탁 1C-e[주식],키움투자자산운용,KR5206AR1977,A01014,2OF04,2OF0401,2,투자설명서(간이투자설명서 포함) 변경,1,KR5206AP8610,O,운용
20260813,키움코리아인덱스장기소득공제증권전환형자투자신탁 1[주식],키움투자자산운용,KR5206AP8651,A01014,2OF04,2OF0401,2,투자설명서(간이투자설명서 포함) 변경,1,KR5206AP8651,O,운용
20260813,└▶키움코리아인덱스장기소득공제증권전환형자투자신탁 1[주식]C1,키움투자자산운용,KR5206AP8669,A01014,2OF04,2OF0401,2,투자설명서(간이투자설명서 포함) 변경,1,KR5206AP8651,O,운용
20260813,└▶키움코리아인덱스장기소득공제증권전환형자투자신탁 1[주식]S-T,키움투자자산운용,KR5206AP8677,A01014,2OF04,2OF0401,2,투자설명서(간이투자설명서 포함) 변경,1,KR5206AP8651,O,운용
20260813,└▶키움코리아인덱스장기소득공제증권전환형자투자신탁 1[주식]C-e,키움투자자산운용,KR5206AR1985,A01014,2OF04,2OF0401,2,투자설명서(간이투자설명서 포함) 변경,1,KR5206AP8651,O,운용
20260813,키움코어밸류장기소득공제증권전환형자투자신탁 1[주식],키움투자자산운용,KR5206AP8685,A01014,2OF04,2OF0401,2,투자설명서(간이투자설명서 포함) 변경,1,KR5206AP8685,O,운용
20260813,└▶키움코어밸류장기소득공제증권전환형자투자신탁 1[주식]C1,키움투자자산운용,KR5206AP8693,A01014,2OF04,2OF0401,2,투자설명서(간이투자설명서 포함) 변경,1,KR5206AP8685,O,운용
20260813,└▶키움코어밸류장기소득공제증권전환형자투자신탁 1[주식]S-T,키움투자자산운용,KR5206AP8701,A01014,2OF04,2OF0401,2,투자설명서(간이투자설명서 포함) 변경,1,KR5206AP8685,O,운용
20260813,└▶키움코어밸류장기소득공제증권전환형자투자신탁 1[주식]C-e,키움투자자산운용,KR5206AR1993,A01014,2OF04,2OF0401,2,투자설명서(간이투자설명서 포함) 변경,1,KR5206AP8685,O,운용
20260813,키움인덱스55장기소득공제증권전환형자투자신탁 1[주식혼합],키움투자자산운용,KR5206AP8719,A01014,2OF04,2OF0401,2,투자설명서(간이투자설명서 포함) 변경,1,KR5206AP8719,O,운용
20260813,└▶키움인덱스55장기소득공제증권전환형자투자신탁 1[주식혼합]C1,키움투자자산운용,KR5206AP8727,A01014,2OF04,2OF0401,2,투자설명서(간이투자설명서 포함) 변경,1,KR5206AP8719,O,운용
20260813,└▶키움인덱스55장기소득공제증권전환형자투자신탁 1[주식혼합]S-T,키움투자자산운용,KR5206AP8735,A01014,2OF04,2OF0401,2,투자설명서(간이투자설명서 포함) 변경,1,KR5206AP8719,O,운용
20260813,└▶키움인덱스55장기소득공제증권전환형자투자신탁 1[주식혼합]C-e,키움투자자산운용,KR5206AR2009,A01014,2OF04,2OF0401,2,투자설명서(간이투자설명서 포함) 변경,1,KR5206AP8719,O,운용
20260813,한국투자베트남그로스증권자투자신탁(주식),한국투자신탁운용,K55101B79155,A01001,2OF04,2OF0401,2,투자설명서(간이투자설명서 포함) 변경,1,K55101B79155,O,운용
20260813,└▶한국투자베트남그로스증권자투자신탁(주식)(A),한국투자신탁운용,K55101B79163,A01001,2OF04,2OF0401,2,투자설명서(간이투자설명서 포함) 변경,1,K55101B79155,O,운용
20260813,└▶한국투자베트남그로스증권자투자신탁(주식)(A-e),한국투자신탁운용,K55101B79171,A01001,2OF04,2OF0401,2,투자설명서(간이투자설명서 포함) 변경,1,K55101B79155,O,운용
20260813,└▶한국투자베트남그로스증권자투자신탁(주식)(C1),한국투자신탁운용,K55101B79189,A01001,2OF04,2OF0401,2,투자설명서(간이투자설명서 포함) 변경,1,K55101B79155,O,운용
20260813,└▶한국투자베트남그로스증권자투자신탁(주식)(C2),한국투자신탁운용,K55101B79197,A01001,2OF04,2OF0401,2,투자설명서(간이투자설명서 포함) 변경,1,K55101B79155,O,운용
20260813,└▶한국투자베트남그로스증권자투자신탁(주식)(C3),한국투자신탁운용,K55101B79205,A01001,2OF04,2OF0401,2,투자설명서(간이투자설명서 포함) 변경,1,K55101B79155,O,운용
20260813,└▶한국투자베트남그로스증권자투자신탁(주식)(C4),한국투자신탁운용,K55101B79213,A01001,2OF04,2OF0401,2,투자설명서(간이투자설명서 포함) 변경,1,K55101B79155,O,운용
20260813,└▶한국투자베트남그로스증권자투자신탁(주식)(C-e),한국투자신탁운용,K55101B79221,A01001,2OF04,2OF0401,2,투자설명서(간이투자설명서 포함) 변경,1,K55101B79155,O,운용
20260813,└▶한국투자베트남그로스증권자투자신탁(주식)(C-F),한국투자신탁운용,K55101B79239,A01001,2OF04,2OF0401,2,투자설명서(간이투자설명서 포함) 변경,1,K55101B79155,O,운용
20260813,└▶한국투자베트남그로스증권자투자신탁(주식)(C-W),한국투자신탁운용,K55101B79247,A01001,2OF04,2OF0401,2,투자설명서(간이투자설명서 포함) 변경,1,K55101B79155,O,운용
20260813,└▶한국투자베트남그로스증권자투자신탁(주식)(S),한국투자신탁운용,K55101B79254,A01001,2OF04,2OF0401,2,투자설명서(간이투자설명서 포함) 변경,1,K55101B79155,O,운용
20260813,└▶한국투자베트남그로스증권자투자신탁(주식)(C-I),한국투자신탁운용,K55101BG5172,A01001,2OF04,2OF0401,2,투자설명서(간이투자설명서 포함) 변경,1,K55101B79155,O,운용
20260813,└▶한국투자베트남그로스증권자투자신탁(주식)C-G,한국투자신탁운용,K55101BP1816,A01001,2OF04,2OF0401,2,투자설명서(간이투자설명서 포함) 변경,1,K55101B79155,O,운용
20260813,└▶한국투자베트남그로스증권자투자신탁(주식)(A-G),한국투자신탁운용,K55101BP1824,A01001,2OF04,2OF0401,2,투자설명서(간이투자설명서 포함) 변경,1,K55101B79155,O,운용
20260813,한국투자베트남그로스증권자투자신탁UH(주식),한국투자신탁운용,K55101B79262,A01001,2OF04,2OF0401,2,투자설명서(간이투자설명서 포함) 변경,1,K55101B79262,O,운용
20260813,└▶한국투자베트남그로스증권자투자신탁UH(주식)(A),한국투자신탁운용,K55101B79270,A01001,2OF04,2OF0401,2,투자설명서(간이투자설명서 포함) 변경,1,K55101B79262,O,운용
20260813,└▶한국투자베트남그로스증권자투자신탁UH(주식)(A-e),한국투자신탁운용,K55101B79288,A01001,2OF04,2OF0401,2,투자설명서(간이투자설명서 포함) 변경,1,K55101B79262,O,운용
20260813,└▶한국투자베트남그로스증권자투자신탁UH(주식)(C1),한국투자신탁운용,K55101B79296,A01001,2OF04,2OF0401,2,투자설명서(간이투자설명서 포함) 변경,1,K55101B79262,O,운용
20260813,└▶한국투자베트남그로스증권자투자신탁UH(주식)(C2),한국투자신탁운용,K55101B79304,A01001,2OF04,2OF0401,2,투자설명서(간이투자설명서 포함) 변경,1,K55101B79262,O,운용
20260813,└▶한국투자베트남그로스증권자투자신탁UH(주식)(C3),한국투자신탁운용,K55101B79312,A01001,2OF04,2OF0401,2,투자설명서(간이투자설명서 포함) 변경,1,K55101B79262,O,운용
20260813,└▶한국투자베트남그로스증권자투자신탁UH(주식)(C4),한국투자신탁운용,K55101B79320,A01001,2OF04,2OF0401,2,투자설명서(간이투자설명서 포함) 변경,1,K55101B79262,O,운용
20260813,└▶한국투자베트남그로스증권자투자신탁UH(주식)(C-e),한국투자신탁운용,K55101B79338,A01001,2OF04,2OF0401,2,투자설명서(간이투자설명서 포함) 변경,1,K55101B79262,O,운용
20260813,└▶한국투자베트남그로스증권자투자신탁UH(주식)(C-F),한국투자신탁운용,K55101B79346,A01001,2OF04,2OF0401,2,투자설명서(간이투자설명서 포함) 변경,1,K55101B79262,O,운용
20260813,└▶한국투자베트남그로스증권자투자신탁UH(주식)(C-W),한국투자신탁운용,K55101B79353,A01001,2OF04,2OF0401,2,투자설명서(간이투자설명서 포함) 변경,1,K55101B79262,O,운용
20260813,└▶한국투자베트남그로스증권자투자신탁UH(주식)(S),한국투자신탁운용,K55101B79361,A01001,2OF04,2OF0401,2,투자설명서(간이투자설명서 포함) 변경,1,K55101B79262,O,운용
20260813,└▶한국투자베트남그로스증권자투자신탁UH(주식)A-G,한국투자신탁운용,K55101BP1840,A01001,2OF04,2OF0401,2,투자설명서(간이투자설명서 포함) 변경,1,K55101B79262,O,운용
20260813,한국투자연금베트남그로스증권자투자신탁(주식),한국투자신탁운용,K55101BB9567,A01001,2OF04,2OF0401,2,투자설명서(간이투자설명서 포함) 변경,1,K55101BB9567,O,운용
20260813,└▶한국투자연금베트남그로스증권자투자신탁(주식)(C-R),한국투자신탁운용,K55101BB9575,A01001,2OF04,2OF0401,2,투자설명서(간이투자설명서 포함) 변경,1,K55101BB9567,O,운용
20260813,└▶한국투자연금베트남그로스증권자투자신탁(주식)(C),한국투자신탁운용,K55101BF4176,A01001,2OF04,2OF0401,2,투자설명서(간이투자설명서 포함) 변경,1,K55101BB9567,O,운용
20260813,└▶한국투자연금베트남그로스증권자투자신탁(주식)(C-e),한국투자신탁운용,K55101BF4184,A01001,2OF04,2OF0401,2,투자설명서(간이투자설명서 포함) 변경,1,K55101BB9567,O,운용
20260813,└▶한국투자연금베트남그로스증권자투자신탁(주식)(S-P),한국투자신탁운용,K55101BF4200,A01001,2OF04,2OF0401,2,투자설명서(간이투자설명서 포함) 변경,1,K55101BB9567,O,운용
20260813,└▶한국투자연금베트남그로스증권자투자신탁(주식)(C-Re),한국투자신탁운용,K55101BT7462,A01001,2OF04,2OF0401,2,투자설명서(간이투자설명서 포함) 변경,1,K55101BB9567,O,운용
20260813,└▶한국투자연금베트남그로스증권자투자신탁(주식)(S-R),한국투자신탁운용,K55101D06758,A01001,2OF04,2OF0401,2,투자설명서(간이투자설명서 포함) 변경,1,K55101BB9567,O,운용
20260813,한국투자퇴직연금베트남그로스40증권자투자신탁(채권혼합),한국투자신탁운용,K55101BB9609,A01001,2OF04,2OF0401,2,투자설명서(간이투자설명서 포함) 변경,1,K55101BB9609,O,운용
20260813,└▶한국투자퇴직연금베트남그로스40증권자투자신탁(채권혼합)(C),한국투자신탁운용,K55101BB9617,A01001,2OF04,2OF0401,2,투자설명서(간이투자설명서 포함) 변경,1,K55101BB9609,O,운용
20260813,└▶한국투자퇴직연금베트남그로스40증권자투자신탁(채권혼합)(C-e),한국투자신탁운용,K55101BV7674,A01001,2OF04,2OF0401,2,투자설명서(간이투자설명서 포함) 변경,1,K55101BB9609,O,운용
20260813,└▶한국투자퇴직연금베트남그로스40증권자투자신탁(채권혼합)(S-R),한국투자신탁운용,K55101D21674,A01001,2OF04,2OF0401,2,투자설명서(간이투자설명서 포함) 변경,1,K55101BB9609,O,운용
20260813,한국투자ACE미국친환경그린테마증권상장지수투자신탁(주식),한국투자신탁운용,K55101DK6651,A01001,2OF04,2OF0401,2,투자설명서(간이투자설명서 포함) 변경,1,K55101DK6651,O,운용
20260813,한국투자ACE원자력TOP10증권상장지수투자신탁(주식),한국투자신탁운용,K55101DU0363,A01001,2OF04,2OF0401,2,투자설명서(간이투자설명서 포함) 변경,1,K55101DU0363,O,운용
20260813,한국투자ACE글로벌브랜드TOP10증권상장지수투자신탁(주식),한국투자신탁운용,K55101DU3912,A01001,2OF04,2OF0401,2,투자설명서(간이투자설명서 포함) 변경,1,K55101DU3912,O,운용
20260813,한국투자ACE주주환원가치주액티브증권상장지수투자신탁(주식),한국투자신탁운용,K55101DY4338,A01001,2OF04,2OF0401,2,투자설명서(간이투자설명서 포함) 변경,1,K55101DY4338,O,운용
20260813,한국투자ACEKPOP포커스증권상장지수투자신탁(주식),한국투자신탁운용,K55101E79688,A01001,2OF04,2OF0401,2,투자설명서(간이투자설명서 포함) 변경,1,K55101E79688,O,운용
20260813,한국투자ACE미국반도체데일리타겟커버드콜증권상장지수투자신탁(주식-파생형)(합성),한국투자신탁운용,K55101E96450,A01001,2OF04,2OF0401,2,투자설명서(간이투자설명서 포함) 변경,1,K55101E96450,O,운용
20260813,한국투자ACE미국500데일리타겟커버드콜증권상장지수투자신탁(주식-파생형)(합성),한국투자신탁운용,K55101E97755,A01001,2OF04,2OF0401,2,투자설명서(간이투자설명서 포함) 변경,1,K55101E97755,O,운용
20260813,한국투자ACE미국빅테크7+데일리타겟커버드콜증권상장지수투자신탁(주식-파생형)(합성),한국투자신탁운용,K55101E97763,A01001,2OF04,2OF0401,2,투자설명서(간이투자설명서 포함) 변경,1,K55101E97763,O,운용
20260813,한국투자베트남주식35증권자투자신탁(채권혼합)(모),한국투자신탁운용,K55101EE3424,A01001,2OF04,2OF0401,2,투자설명서(간이투자설명서 포함) 변경,1,K55101EE3424,O,운용
20260813,└▶한국투자베트남주식35증권자투자신탁(채권혼합)(C-e),한국투자신탁운용,K55101EE3465,A01001,2OF04,2OF0401,2,투자설명서(간이투자설명서 포함) 변경,1,K55101EE3424,O,운용
20260813,└▶한국투자베트남주식35증권자투자신탁(채권혼합)(C-W),한국투자신탁운용,K55101EE3499,A01001,2OF04,2OF0401,2,투자설명서(간이투자설명서 포함) 변경,1,K55101EE3424,O,운용
20260813,한국투자ACE코리아밸류업증권상장지수투자신탁(주식),한국투자신탁운용,K55101EF9826,A01001,2OF04,2OF0401,2,투자설명서(간이투자설명서 포함) 변경,1,K55101EF9826,O,운용
20260813,한국투자ACE미국대형가치주액티브증권상장지수투자신탁(주식),한국투자신탁운용,K55101EP9626,A01001,2OF04,2OF0401,2,투자설명서(간이투자설명서 포함) 변경,1,K55101EP9626,O,운용
20260813,한국투자ACE미국대형성장주액티브증권상장지수투자신탁(주식),한국투자신탁운용,K55101EP9634,A01001,2OF04,2OF0401,2,투자설명서(간이투자설명서 포함) 변경,1,K55101EP9634,O,운용
20260813,한국투자ACE리츠부동산인프라액티브부동산상장지수투자신탁(재간접형),한국투자신탁운용,K55101EP9774,A01001,2OF04,2OF0401,2,투자설명서(간이투자설명서 포함) 변경,1,K55101EP9774,O,운용
20260813,한국투자ACE삼성전자단일종목레버리지증권상장지수투자신탁(주식-파생형),한국투자신탁운용,K55101EV7093,A01001,2OF04,2OF0401,2,투자설명서(간이투자설명서 포함) 변경,1,K55101EV7093,O,운용
20260813,한국투자ACESK하이닉스단일종목레버리지증권상장지수투자신탁(주식-파생형),한국투자신탁운용,K55101EV7101,A01001,2OF04,2OF0401,2,투자설명서(간이투자설명서 포함) 변경,1,K55101EV7101,O,운용
20260813,한국투자베트남증권자투자신탁 1(주식혼합),한국투자신탁운용,KR5101622615,A01001,2OF04,2OF0401,2,투자설명서(간이투자설명서 포함) 변경,1,KR5101622615,O,운용
20260813,└▶한국투자베트남증권자투자신탁 1(주식혼합)(A),한국투자신탁운용,K55101B60312,A01001,2OF04,2OF0401,2,투자설명서(간이투자설명서 포함) 변경,1,KR5101622615,O,운용
20260813,└▶한국투자베트남증권자투자신탁 1(주식혼합)(A-e),한국투자신탁운용,K55101B60320,A01001,2OF04,2OF0401,2,투자설명서(간이투자설명서 포함) 변경,1,KR5101622615,O,운용
20260813,└▶한국투자베트남증권자투자신탁 1(주식혼합)(C-e),한국투자신탁운용,K55101B60338,A01001,2OF04,2OF0401,2,투자설명서(간이투자설명서 포함) 변경,1,KR5101622615,O,운용
20260813,└▶한국투자베트남증권자투자신탁 1(주식혼합)(C-W),한국투자신탁운용,K55101B63043,A01001,2OF04,2OF0401,2,투자설명서(간이투자설명서 포함) 변경,1,KR5101622615,O,운용
20260813,└▶한국투자베트남증권자투자신탁 1(주식혼합)(C-G),한국투자신탁운용,K55101BP1790,A01001,2OF04,2OF0401,2,투자설명서(간이투자설명서 포함) 변경,1,KR5101622615,O,운용
20260813,└▶한국투자베트남증권자투자신탁 1(주식혼합)(C),한국투자신탁운용,KR5101AL4098,A01001,2OF04,2OF0401,2,투자설명서(간이투자설명서 포함) 변경,1,KR5101622615,O,운용
20260813,└▶한국투자베트남증권자투자신탁 1(주식혼합)(C-F),한국투자신탁운용,KR5101AL4106,A01001,2OF04,2OF0401,2,투자설명서(간이투자설명서 포함) 변경,1,KR5101622615,O,운용
20260813,└▶한국투자베트남증권자투자신탁 1(주식혼합)(S),한국투자신탁운용,KR5101AQ4960,A01001,2OF04,2OF0401,2,투자설명서(간이투자설명서 포함) 변경,1,KR5101622615,O,운용
20260813,한국투자차이나베트남증권투자신탁 1(주식),한국투자신탁운용,KR5101644916,A01001,2OF04,2OF0401,2,투자설명서(간이투자설명서 포함) 변경,1,KR5101644916,O,운용
20260813,└▶한국투자차이나베트남증권투자신탁 1(주식)(A-G),한국투자신탁운용,K55101BP2277,A01001,2OF04,2OF0401,2,투자설명서(간이투자설명서 포함) 변경,1,KR5101644916,O,운용
20260813,└▶한국투자차이나베트남증권투자신탁 1(주식)C-G,한국투자신탁운용,K55101BP2285,A01001,2OF04,2OF0401,2,투자설명서(간이투자설명서 포함) 변경,1,KR5101644916,O,운용
20260813,└▶한국투자차이나베트남증권투자신탁 1(주식)(C-P),한국투자신탁운용,K55101C09192,A01001,2OF04,2OF0401,2,투자설명서(간이투자설명서 포함) 변경,1,KR5101644916,O,운용
20260813,└▶한국투자차이나베트남증권투자신탁 1(주식)(C-R),한국투자신탁운용,K55101C38464,A01001,2OF04,2OF0401,2,투자설명서(간이투자설명서 포함) 변경,1,KR5101644916,O,운용
20260813,└▶한국투자차이나베트남증권투자신탁 1(주식)(C-Re),한국투자신탁운용,K55101C38472,A01001,2OF04,2OF0401,2,투자설명서(간이투자설명서 포함) 변경,1,KR5101644916,O,운용
20260813,└▶한국투자차이나베트남증권투자신탁 1(주식)(A),한국투자신탁운용,KR5101645038,A01001,2OF04,2OF0401,2,투자설명서(간이투자설명서 포함) 변경,1,KR5101644916,O,운용
20260813,└▶한국투자차이나베트남증권투자신탁 1(주식)(C1),한국투자신탁운용,KR5101645046,A01001,2OF04,2OF0401,2,투자설명서(간이투자설명서 포함) 변경,1,KR5101644916,O,운용
20260813,└▶한국투자차이나베트남증권투자신탁 1(주식)(C2),한국투자신탁운용,KR5101996019,A01001,2OF04,2OF0401,2,투자설명서(간이투자설명서 포함) 변경,1,KR5101644916,O,운용
20260813,└▶한국투자차이나베트남증권투자신탁 1(주식)(C3),한국투자신탁운용,KR5101996027,A01001,2OF04,2OF0401,2,투자설명서(간이투자설명서 포함) 변경,1,KR5101644916,O,운용
20260813,└▶한국투자차이나베트남증권투자신탁 1(주식)(C4),한국투자신탁운용,KR5101996035,A01001,2OF04,2OF0401,2,투자설명서(간이투자설명서 포함) 변경,1,KR5101644916,O,운용
20260813,└▶한국투자차이나베트남증권투자신탁 1(주식)(C5),한국투자신탁운용,KR5101996043,A01001,2OF04,2OF0401,2,투자설명서(간이투자설명서 포함) 변경,1,KR5101644916,O,운용
20260813,└▶한국투자차이나베트남증권투자신탁 1(주식)(S),한국투자신탁운용,KR5101AQ5082,A01001,2OF04,2OF0401,2,투자설명서(간이투자설명서 포함) 변경,1,KR5101644916,O,운용
20260813,└▶한국투자차이나베트남증권투자신탁 1(주식)(A-e),한국투자신탁운용,KR5101AQ7872,A01001,2OF04,2OF0401,2,투자설명서(간이투자설명서 포함) 변경,1,KR5101644916,O,운용
20260813,└▶한국투자차이나베트남증권투자신탁 1(주식)(C-e),한국투자신탁운용,KR5101AQ7880,A01001,2OF04,2OF0401,2,투자설명서(간이투자설명서 포함) 변경,1,KR5101644916,O,운용
20260813,한국투자ACE미국부동산리츠부동산상장지수투자신탁(파생형)(합성 H),한국투자신탁운용,KR5101AJ9786,A01001,2OF04,2OF0401,2,투자설명서(간이투자설명서 포함) 변경,1,KR5101AJ9786,O,운용
20260813,한국투자연금베트남증권자투자신탁(주식혼합),한국투자신탁운용,KR5101AO9953,A01001,2OF04,2OF0401,2,투자설명서(간이투자설명서 포함) 변경,1,KR5101AO9953,O,운용
20260813,└▶한국투자연금베트남증권자투자신탁(주식혼합)(C-R),한국투자신탁운용,K55101B68505,A01001,2OF04,2OF0401,2,투자설명서(간이투자설명서 포함) 변경,1,KR5101AO9953,O,운용
20260813,└▶한국투자연금베트남증권자투자신탁(주식혼합)(C-Re),한국투자신탁운용,K55101BT7470,A01001,2OF04,2OF0401,2,투자설명서(간이투자설명서 포함) 변경,1,KR5101AO9953,O,운용
20260813,└▶한국투자연금베트남증권자투자신탁(주식혼합)(S-R),한국투자신탁운용,K55101D06766,A01001,2OF04,2OF0401,2,투자설명서(간이투자설명서 포함) 변경,1,KR5101AO9953,O,운용
20260813,└▶한국투자연금베트남증권자투자신탁(주식혼합)(C),한국투자신탁운용,KR5101AO9961,A01001,2OF04,2OF0401,2,투자설명서(간이투자설명서 포함) 변경,1,KR5101AO9953,O,운용
20260813,└▶한국투자연금베트남증권자투자신탁(주식혼합)(C-e),한국투자신탁운용,KR5101AO9987,A01001,2OF04,2OF0401,2,투자설명서(간이투자설명서 포함) 변경,1,KR5101AO9953,O,운용
20260813,└▶한국투자연금베트남증권자투자신탁(주식혼합)(S-P),한국투자신탁운용,KR5101AX9697,A01001,2OF04,2OF0401,2,투자설명서(간이투자설명서 포함) 변경,1,KR5101AO9953,O,운용
20260813,미래에셋TIGER미국소비트렌드액티브증권상장지수투자신탁(주식),미래에셋자산운용,K55301EH0516,A01048,2OF00,2OF0000,1,투자운용인력변경,1,K55301EH0516,O,운용
20260813,미래에셋글로벌그레이트컨슈머증권모투자신탁[주식],미래에셋자산운용,KR5301A38171,A01048,2OF00,2OF0000,1,투자운용인력변경,1,KR5301A38171,O,운용
20260813,한국투자ACE미국친환경그린테마증권상장지수투자신탁(주식),한국투자신탁운용,K55101DK6651,A01001,2OF00,2OF0000,1,투자운용인력변경,1,K55101DK6651,O,운용
20260813,한국투자ACE원자력TOP10증권상장지수투자신탁(주식),한국투자신탁운용,K55101DU0363,A01001,2OF00,2OF0000,1,투자운용인력변경,1,K55101DU0363,O,운용
20260813,한국투자ACE글로벌브랜드TOP10증권상장지수투자신탁(주식),한국투자신탁운용,K55101DU3912,A01001,2OF00,2OF0000,1,투자운용인력변경,1,K55101DU3912,O,운용
20260813,한국투자ACE주주환원가치주액티브증권상장지수투자신탁(주식),한국투자신탁운용,K55101DY4338,A01001,2OF00,2OF0000,1,투자운용인력변경,1,K55101DY4338,O,운용
20260813,한국투자ACEKPOP포커스증권상장지수투자신탁(주식),한국투자신탁운용,K55101E79688,A01001,2OF00,2OF0000,1,투자운용인력변경,1,K55101E79688,O,운용
20260813,한국투자ACE미국반도체데일리타겟커버드콜증권상장지수투자신탁(주식-파생형)(합성),한국투자신탁운용,K55101E96450,A01001,2OF00,2OF0000,1,투자운용인력변경,1,K55101E96450,O,운용
20260813,한국투자ACE미국500데일리타겟커버드콜증권상장지수투자신탁(주식-파생형)(합성),한국투자신탁운용,K55101E97755,A01001,2OF00,2OF0000,1,투자운용인력변경,1,K55101E97755,O,운용
20260813,한국투자ACE미국빅테크7+데일리타겟커버드콜증권상장지수투자신탁(주식-파생형)(합성),한국투자신탁운용,K55101E97763,A01001,2OF00,2OF0000,1,투자운용인력변경,1,K55101E97763,O,운용
20260813,한국투자ACE코리아밸류업증권상장지수투자신탁(주식),한국투자신탁운용,K55101EF9826,A01001,2OF00,2OF0000,1,투자운용인력변경,1,K55101EF9826,O,운용
20260813,한국투자ACE미국대형가치주액티브증권상장지수투자신탁(주식),한국투자신탁운용,K55101EP9626,A01001,2OF00,2OF0000,1,투자운용인력변경,1,K55101EP9626,O,운용
20260813,한국투자ACE미국대형성장주액티브증권상장지수투자신탁(주식),한국투자신탁운용,K55101EP9634,A01001,2OF00,2OF0000,1,투자운용인력변경,1,K55101EP9634,O,운용
20260813,한국투자ACE리츠부동산인프라액티브부동산상장지수투자신탁(재간접형),한국투자신탁운용,K55101EP9774,A01001,2OF00,2OF0000,1,투자운용인력변경,1,K55101EP9774,O,운용
20260813,한국투자ACE삼성전자단일종목레버리지증권상장지수투자신탁(주식-파생형),한국투자신탁운용,K55101EV7093,A01001,2OF00,2OF0000,1,투자운용인력변경,1,K55101EV7093,O,운용
20260813,한국투자ACESK하이닉스단일종목레버리지증권상장지수투자신탁(주식-파생형),한국투자신탁운용,K55101EV7101,A01001,2OF00,2OF0000,1,투자운용인력변경,1,K55101EV7101,O,운용
20260813,한국투자ACE미국부동산리츠부동산상장지수투자신탁(파생형)(합성 H),한국투자신탁운용,KR5101AJ9786,A01001,2OF00,2OF0000,1,투자운용인력변경,1,KR5101AJ9786,O,운용
20260813,하나클래스원특별자산투자신탁3,하나자산운용,KR5102725276,A01002,2RF02,2RF0200,1,회계감사보고서(공모펀드),1,KR5102725276,R,시장
20260813,└▶하나클래스원특별자산투자신탁3ClassC1,하나자산운용,KR5102725151,A01002,2RF02,2RF0200,1,회계감사보고서(공모펀드),1,KR5102725151,R,시장
20260813,└▶하나클래스원특별자산투자신탁3ClassC2,하나자산운용,KR5102725169,A01002,2RF02,2RF0200,1,회계감사보고서(공모펀드),1,KR5102725169,R,시장
20260813,한화K방산조선원전증권모투자신탁(주식),한화자산운용,K55213EM6166,A01021,2RF02,2RF0200,1,회계감사보고서(공모펀드),1,K55213EM6166,R,시장
20260813,한화K방산조선원전증권자투자신탁(주식),한화자산운용,K55213EM6174,A01021,2RF02,2RF0200,1,회계감사보고서(공모펀드),1,K55213EM6174,R,시장
20260813,└▶한화K방산조선원전증권자투자신탁(주식)A,한화자산운용,K55213EM6182,A01021,2RF02,2RF0200,1,회계감사보고서(공모펀드),1,K55213EM6182,R,시장
20260813,└▶한화K방산조선원전증권자투자신탁(주식)A-e,한화자산운용,K55213EM6190,A01021,2RF02,2RF0200,1,회계감사보고서(공모펀드),1,K55213EM6190,R,시장
20260813,└▶한화K방산조선원전증권자투자신탁(주식)C,한화자산운용,K55213EM6216,A01021,2RF02,2RF0200,1,회계감사보고서(공모펀드),1,K55213EM6216,R,시장
20260813,└▶한화K방산조선원전증권자투자신탁(주식)C-e,한화자산운용,K55213EM6224,A01021,2RF02,2RF0200,1,회계감사보고서(공모펀드),1,K55213EM6224,R,시장
20260813,└▶한화K방산조선원전증권자투자신탁(주식)C-P(연금저축),한화자산운용,K55213EM6273,A01021,2RF02,2RF0200,1,회계감사보고서(공모펀드),1,K55213EM6273,R,시장
20260813,└▶한화K방산조선원전증권자투자신탁(주식)C-Pe(연금저축),한화자산운용,K55213EM6281,A01021,2RF02,2RF0200,1,회계감사보고서(공모펀드),1,K55213EM6281,R,시장
20260813,└▶한화K방산조선원전증권자투자신탁(주식)C-RP(퇴직연금),한화자산운용,K55213EM6299,A01021,2RF02,2RF0200,1,회계감사보고서(공모펀드),1,K55213EM6299,R,시장
20260813,└▶한화K방산조선원전증권자투자신탁(주식)C-RPe(퇴직연금),한화자산운용,K55213EM6307,A01021,2RF02,2RF0200,1,회계감사보고서(공모펀드),1,K55213EM6307,R,시장
20260813,└▶한화K방산조선원전증권자투자신탁(주식)J-e,한화자산운용,K55213EM6315,A01021,2RF02,2RF0200,1,회계감사보고서(공모펀드),1,K55213EM6315,R,시장
20260813,└▶한화K방산조선원전증권자투자신탁(주식)J-Pe(연금저축),한화자산운용,K55213EM6323,A01021,2RF02,2RF0200,1,회계감사보고서(공모펀드),1,K55213EM6323,R,시장
20260813,└▶한화K방산조선원전증권자투자신탁(주식)S,한화자산운용,K55213EN7353,A01021,2RF02,2RF0200,1,회계감사보고서(공모펀드),1,K55213EN7353,R,시장
20260813,└▶한화K방산조선원전증권자투자신탁(주식)S-P (연금저축),한화자산운용,K55213EN7361,A01021,2RF02,2RF0200,1,회계감사보고서(공모펀드),1,K55213EN7361,R,시장
20260813,└▶한화K방산조선원전증권자투자신탁(주식)S-RP(퇴직연금),한화자산운용,K55213EN7379,A01021,2RF02,2RF0200,1,회계감사보고서(공모펀드),1,K55213EN7379,R,시장
20260814,코레이트하이일드공모주플러스증권투자신탁[채권혼합],코레이트자산운용,K55310DG8031,A01057,2OF02,2OF0200,1,부실자산의 발생,1,K55310DG8031,O,운용
20260814,키움KIWOOMK-2차전지북미공급망증권상장지수투자신탁[주식],키움투자자산운용,K55206ED2207,A01014,2OF11,2OF1101,5,소규모펀드(1개월)여부 공시,1,K55206ED2207,O,운용
20260814,한화배당성장인덱스증권자투자신탁2(주식)종류A-e,한화자산운용,K55213BN3785,A01021,2OF11,2OF1101,5,소규모펀드(1개월)여부 공시,1,K55213BN3785,O,운용
20260814,한화배당성장인덱스증권자투자신탁2(주식)종류C-P(연금저축),한화자산운용,K55213BN3835,A01021,2OF11,2OF1101,5,소규모펀드(1개월)여부 공시,1,K55213BN3835,O,운용
20260814,한화배당성장인덱스증권자투자신탁 1(주식)종류C-Pe(연금저축),한화자산운용,K55213BV5327,A01021,2OF11,2OF1101,5,소규모펀드(1개월)여부 공시,1,K55213BV5327,O,운용
20260814,한화배당성장인덱스증권자투자신탁 1(주식)종류C-RPe(퇴직연금),한화자산운용,K55213BV5335,A01021,2OF11,2OF1101,5,소규모펀드(1개월)여부 공시,1,K55213BV5335,O,운용
20260814,한화배당성장인덱스증권자투자신탁2(주식)종류C-Pe,한화자산운용,K55213BZ0720,A01021,2OF11,2OF1101,5,소규모펀드(1개월)여부 공시,1,K55213BZ0720,O,운용
20260814,한화배당성장인덱스증권자투자신탁2(주식)종류C-RPe,한화자산운용,K55213BZ0738,A01021,2OF11,2OF1101,5,소규모펀드(1개월)여부 공시,1,K55213BZ0738,O,운용
20260814,한화배당성장인덱스증권자투자신탁 1(주식)종류A2,한화자산운용,K55213EO7733,A01021,2OF11,2OF1101,5,소규모펀드(1개월)여부 공시,1,K55213EO7733,O,운용
20260814,한화배당성장인덱스증권자투자신탁 1(주식)종류A,한화자산운용,KR5103282848,A01021,2OF11,2OF1101,5,소규모펀드(1개월)여부 공시,1,KR5103282848,O,운용
20260814,한화배당성장인덱스증권자투자신탁 1(주식)종류C-e,한화자산운용,KR5103282855,A01021,2OF11,2OF1101,5,소규모펀드(1개월)여부 공시,1,KR5103282855,O,운용
20260814,한화배당성장인덱스증권자투자신탁 1(주식)종류C-I,한화자산운용,KR5103282863,A01021,2OF11,2OF1101,5,소규모펀드(1개월)여부 공시,1,KR5103282863,O,운용
20260814,한화배당성장인덱스증권자투자신탁 1(주식)종류C-W,한화자산운용,KR5103282871,A01021,2OF11,2OF1101,5,소규모펀드(1개월)여부 공시,1,KR5103282871,O,운용
20260814,한화배당성장인덱스증권자투자신탁 1(주식)종류C,한화자산운용,KR5103332742,A01021,2OF11,2OF1101,5,소규모펀드(1개월)여부 공시,1,KR5103332742,O,운용
20260814,한화배당성장인덱스증권자투자신탁2(주식)종류A,한화자산운용,KR5103587774,A01021,2OF11,2OF1101,5,소규모펀드(1개월)여부 공시,1,KR5103587774,O,운용
20260814,한화배당성장인덱스증권자투자신탁2(주식)종류F,한화자산운용,KR5103738740,A01021,2OF11,2OF1101,5,소규모펀드(1개월)여부 공시,1,KR5103738740,O,운용
20260814,한화배당성장인덱스증권자투자신탁2(주식)종류A-u2,한화자산운용,KR5213A90955,A01021,2OF11,2OF1101,5,소규모펀드(1개월)여부 공시,1,KR5213A90955,O,운용
20260814,미래에셋맵스리얼티부동산공모투자회사,미래에셋자산운용,KRM225643662,A01048,2OF10,2OF1000,1,수시공시 기타,1,KRM225643662,O,운용
20260814,삼성누버거버먼미국리츠부동산모투자신탁[REITs-재간접형],삼성자산운용,K55105D00448,A01005,2OF10,2OF1000,1,수시공시 기타,1,K55105D00448,O,운용
20260814,한화K리츠플러스부동산모투자신탁(리츠-재간접형),한화자산운용,K55213DA7904,A01021,2OF10,2OF1000,1,수시공시 기타,1,K55213DA7904,O,운용
20260814,한화글로벌리츠부동산모투자신탁(리츠-재간접형),한화자산운용,KR5213AV5999,A01021,2OF10,2OF1000,1,수시공시 기타,1,KR5213AV5999,O,운용
20260814,현대인베스트먼트넥스트하이킥목표전환형증권투자신탁 1(채권-재간접형),현대인베스트먼트자산운용,K55239EM6372,A01047,2RF08,2RF0800,1,자산보관/관리보고서,1,K55239EM6372,R,시장
20260814,브이신종개인MMFA- 1,브이자산운용,KR5212331452,A01020,2RF06,2RF0600,1,자산운용보고서(MMF),1,KR5212331452,R,시장
20260814,BNK튼튼개인MMF 1,비엔케이자산운용,KR5240AW4584,A01075,2RF06,2RF0600,1,자산운용보고서(MMF),1,KR5240AW4584,R,시장
20260814,└▶BNK튼튼개인MMF 1ClassS,비엔케이자산운용,K55240B01940,A01075,2RF06,2RF0600,1,자산운용보고서(MMF),1,K55240B01940,R,시장
20260814,└▶BNK튼튼개인MMF 1ClassS-P,비엔케이자산운용,K55240B01957,A01075,2RF06,2RF0600,1,자산운용보고서(MMF),1,K55240B01957,R,시장
20260814,└▶BNK튼튼개인MMF 1ClassC-w,비엔케이자산운용,K55240BD5003,A01075,2RF06,2RF0600,1,자산운용보고서(MMF),1,K55240BD5003,R,시장
20260814,└▶BNK튼튼개인MMF 1ClassC-e,비엔케이자산운용,K55240C24924,A01075,2RF06,2RF0600,1,자산운용보고서(MMF),1,K55240C24924,R,시장
20260814,└▶BNK튼튼개인MMF 1ClassC-Pe,비엔케이자산운용,K55240C24932,A01075,2RF06,2RF0600,1,자산운용보고서(MMF),1,K55240C24932,R,시장
20260814,└▶BNK튼튼개인MMF 1ClassC,비엔케이자산운용,KR5240AW4592,A01075,2RF06,2RF0600,1,자산운용보고서(MMF),1,KR5240AW4592,R,시장
20260814,키움플러스법인MMF 1[국공채],키움투자자산운용,KR5206367066,A01014,2RF06,2RF0600,1,자산운용보고서(MMF),1,KR5206367066,R,시장
20260814,└▶키움플러스법인MMF 1A,키움투자자산운용,KR5206509683,A01014,2RF06,2RF0600,1,자산운용보고서(MMF),1,KR5206509683,R,시장
20260814,다올액티브자산배분형증권모투자신탁[주식혼합],다올자산운용,K55306BJ2831,A01053,2RF12,2RF1200,1,자산운용보고서(공모펀드),1,K55306BJ2831,R,시장
20260814,다올액티브자산배분형증권자투자신탁4[주식혼합](운),다올자산운용,KR5306781786,A01053,2RF12,2RF1200,1,자산운용보고서(공모펀드),1,KR5306781786,R,시장
20260814,└▶다올액티브자산배분형증권자투자신탁4[주식혼합]종류A,다올자산운용,KR5306781794,A01053,2RF12,2RF1200,1,자산운용보고서(공모펀드),1,KR5306781794,R,시장
20260814,└▶다올액티브자산배분형증권자투자신탁4[주식혼합]종류Ce,다올자산운용,KR5306781810,A01053,2RF12,2RF1200,1,자산운용보고서(공모펀드),1,KR5306781810,R,시장
20260814,└▶다올액티브자산배분형증권자투자신탁4[주식혼합]종류C2,다올자산운용,KR5306AG2027,A01053,2RF12,2RF1200,1,자산운용보고서(공모펀드),1,KR5306AG2027,R,시장
20260814,마이다스아시아리더스성장주증권자투자신탁(H)(주식)(운용),마이다스에셋자산운용,K55303B16787,A01050,2RF12,2RF1200,1,자산운용보고서(공모펀드),1,K55303B16787,R,시장
20260814,└▶마이다스아시아리더스성장주증권자투자신탁(H)(주식)A,마이다스에셋자산운용,K55303B16795,A01050,2RF12,2RF1200,1,자산운용보고서(공모펀드),1,K55303B16795,R,시장
20260814,└▶마이다스아시아리더스성장주증권자투자신탁(H)(주식)Ae,마이다스에셋자산운용,K55303B16803,A01050,2RF12,2RF1200,1,자산운용보고서(공모펀드),1,K55303B16803,R,시장
20260814,└▶마이다스아시아리더스성장주증권자투자신탁(H)(주식)C1,마이다스에셋자산운용,K55303B16811,A01050,2RF12,2RF1200,1,자산운용보고서(공모펀드),1,K55303B16811,R,시장
20260814,└▶마이다스아시아리더스성장주증권자투자신탁(H)(주식)C2,마이다스에셋자산운용,K55303B16829,A01050,2RF12,2RF1200,1,자산운용보고서(공모펀드),1,K55303B16829,R,시장
20260814,└▶마이다스아시아리더스성장주증권자투자신탁(H)(주식)C3,마이다스에셋자산운용,K55303B16837,A01050,2RF12,2RF1200,1,자산운용보고서(공모펀드),1,K55303B16837,R,시장
20260814,└▶마이다스아시아리더스성장주증권자투자신탁(H)(주식)C4,마이다스에셋자산운용,K55303B16845,A01050,2RF12,2RF1200,1,자산운용보고서(공모펀드),1,K55303B16845,R,시장
20260814,└▶마이다스아시아리더스성장주증권자투자신탁(H)(주식)Ce,마이다스에셋자산운용,K55303B16852,A01050,2RF12,2RF1200,1,자산운용보고서(공모펀드),1,K55303B16852,R,시장
20260814,└▶마이다스아시아리더스성장주증권자투자신탁(H)(주식)W,마이다스에셋자산운용,K55303B16860,A01050,2RF12,2RF1200,1,자산운용보고서(공모펀드),1,K55303B16860,R,시장
20260814,└▶마이다스아시아리더스성장주증권자투자신탁(H)(주식)F,마이다스에셋자산운용,K55303B16878,A01050,2RF12,2RF1200,1,자산운용보고서(공모펀드),1,K55303B16878,R,시장
20260814,└▶마이다스아시아리더스성장주증권자투자신탁(H)(주식)S,마이다스에셋자산운용,K55303B16886,A01050,2RF12,2RF1200,1,자산운용보고서(공모펀드),1,K55303B16886,R,시장
20260814,└▶마이다스아시아리더스성장주증권자투자신탁(H)(주식)C-P1,마이다스에셋자산운용,K55303CR9002,A01050,2RF12,2RF1200,1,자산운용보고서(공모펀드),1,K55303CR9002,R,시장
20260814,└▶마이다스아시아리더스성장주증권자투자신탁(H)(주식)C-Pe1,마이다스에셋자산운용,K55303CR9010,A01050,2RF12,2RF1200,1,자산운용보고서(공모펀드),1,K55303CR9010,R,시장
20260814,└▶마이다스아시아리더스성장주증권자투자신탁(H)(주식)C-P2,마이다스에셋자산운용,K55303CR9028,A01050,2RF12,2RF1200,1,자산운용보고서(공모펀드),1,K55303CR9028,R,시장
20260814,└▶마이다스아시아리더스성장주증권자투자신탁(H)(주식)C-Pe2,마이다스에셋자산운용,K55303CR9044,A01050,2RF12,2RF1200,1,자산운용보고서(공모펀드),1,K55303CR9044,R,시장
20260814,마이다스아시아리더스성장주증권자투자신탁(UH)(주식)(운용),마이다스에셋자산운용,K55303B16894,A01050,2RF12,2RF1200,1,자산운용보고서(공모펀드),1,K55303B16894,R,시장
20260814,└▶마이다스아시아리더스성장주증권자투자신탁(UH)(주식)A,마이다스에셋자산운용,K55303B16902,A01050,2RF12,2RF1200,1,자산운용보고서(공모펀드),1,K55303B16902,R,시장
20260814,└▶마이다스아시아리더스성장주증권자투자신탁(UH)(주식)Ae,마이다스에셋자산운용,K55303B16910,A01050,2RF12,2RF1200,1,자산운용보고서(공모펀드),1,K55303B16910,R,시장
20260814,└▶마이다스아시아리더스성장주증권자투자신탁(UH)(주식)C1,마이다스에셋자산운용,K55303B16928,A01050,2RF12,2RF1200,1,자산운용보고서(공모펀드),1,K55303B16928,R,시장
20260814,└▶마이다스아시아리더스성장주증권자투자신탁(UH)(주식)C2,마이다스에셋자산운용,K55303B16936,A01050,2RF12,2RF1200,1,자산운용보고서(공모펀드),1,K55303B16936,R,시장
20260814,└▶마이다스아시아리더스성장주증권자투자신탁(UH)(주식)C3,마이다스에셋자산운용,K55303B16944,A01050,2RF12,2RF1200,1,자산운용보고서(공모펀드),1,K55303B16944,R,시장
20260814,└▶마이다스아시아리더스성장주증권자투자신탁(UH)(주식)C4,마이다스에셋자산운용,K55303B16951,A01050,2RF12,2RF1200,1,자산운용보고서(공모펀드),1,K55303B16951,R,시장
20260814,└▶마이다스아시아리더스성장주증권자투자신탁(UH)(주식)Ce,마이다스에셋자산운용,K55303B16969,A01050,2RF12,2RF1200,1,자산운용보고서(공모펀드),1,K55303B16969,R,시장
20260814,└▶마이다스아시아리더스성장주증권자투자신탁(UH)(주식)W,마이다스에셋자산운용,K55303B16977,A01050,2RF12,2RF1200,1,자산운용보고서(공모펀드),1,K55303B16977,R,시장
20260814,└▶마이다스아시아리더스성장주증권자투자신탁(UH)(주식)S,마이다스에셋자산운용,K55303B16993,A01050,2RF12,2RF1200,1,자산운용보고서(공모펀드),1,K55303B16993,R,시장
20260814,└▶마이다스아시아리더스성장주증권자투자신탁(UH)(주식)C-P1,마이다스에셋자산운용,K55303D98237,A01050,2RF12,2RF1200,1,자산운용보고서(공모펀드),1,K55303D98237,R,시장
20260814,└▶마이다스아시아리더스성장주증권자투자신탁(UH)(주식)C-Pe1,마이다스에셋자산운용,K55303D98245,A01050,2RF12,2RF1200,1,자산운용보고서(공모펀드),1,K55303D98245,R,시장
20260814,└▶마이다스아시아리더스성장주증권자투자신탁(UH)(주식)C-P2,마이다스에셋자산운용,K55303D98252,A01050,2RF12,2RF1200,1,자산운용보고서(공모펀드),1,K55303D98252,R,시장
20260814,└▶마이다스아시아리더스성장주증권자투자신탁(UH)(주식)C-Pe2,마이다스에셋자산운용,K55303D98260,A01050,2RF12,2RF1200,1,자산운용보고서(공모펀드),1,K55303D98260,R,시장
20260814,마이다스블루칩배당증권투자회사(주식)(운용),마이다스에셋자산운용,KRM303373539,A01050,2RF12,2RF1200,1,자산운용보고서(공모펀드),1,KRM303373539,R,시장
20260814,└▶마이다스블루칩배당증권투자회사(주식)A1,마이다스에셋자산운용,KRM303AP8183,A01050,2RF12,2RF1200,1,자산운용보고서(공모펀드),1,KRM303AP8183,R,시장
20260814,└▶마이다스블루칩배당증권투자회사(주식)Ae,마이다스에셋자산운용,KRM303AP8191,A01050,2RF12,2RF1200,1,자산운용보고서(공모펀드),1,KRM303AP8191,R,시장
20260814,└▶마이다스블루칩배당증권투자회사(주식)S,마이다스에셋자산운용,KRM303AP8209,A01050,2RF12,2RF1200,1,자산운용보고서(공모펀드),1,KRM303AP8209,R,시장
20260814,미래에셋IPO공모주셀렉션혼합자산투자신탁(사모투자재간접형),미래에셋자산운용,K55301E22007,A01048,2RF12,2RF1200,1,자산운용보고서(공모펀드),1,K55301E22007,R,시장
20260814,└▶미래에셋IPO공모주셀렉션혼합자산투자신탁(사모투자재간접형)종류A,미래에셋자산운용,K55301E22056,A01048,2RF12,2RF1200,1,자산운용보고서(공모펀드),1,K55301E22056,R,시장
20260814,└▶미래에셋IPO공모주셀렉션혼합자산투자신탁(사모투자재간접형)종류A-e,미래에셋자산운용,K55301E22114,A01048,2RF12,2RF1200,1,자산운용보고서(공모펀드),1,K55301E22114,R,시장
20260814,└▶미래에셋IPO공모주셀렉션혼합자산투자신탁(사모투자재간접형)종류C,미래에셋자산운용,K55301E22171,A01048,2RF12,2RF1200,1,자산운용보고서(공모펀드),1,K55301E22171,R,시장
20260814,└▶미래에셋IPO공모주셀렉션혼합자산투자신탁(사모투자재간접형)종류C-e,미래에셋자산운용,K55301E22189,A01048,2RF12,2RF1200,1,자산운용보고서(공모펀드),1,K55301E22189,R,시장
20260814,└▶미래에셋IPO공모주셀렉션혼합자산투자신탁(사모투자재간접형)종류C-I,미래에셋자산운용,K55301E22205,A01048,2RF12,2RF1200,1,자산운용보고서(공모펀드),1,K55301E22205,R,시장
20260814,└▶미래에셋IPO공모주셀렉션혼합자산투자신탁(사모투자재간접형)종류F,미래에셋자산운용,K55301E22213,A01048,2RF12,2RF1200,1,자산운용보고서(공모펀드),1,K55301E22213,R,시장
20260814,└▶미래에셋IPO공모주셀렉션혼합자산투자신탁(사모투자재간접형)종류C-P,미래에셋자산운용,K55301E22239,A01048,2RF12,2RF1200,1,자산운용보고서(공모펀드),1,K55301E22239,R,시장
20260814,└▶미래에셋IPO공모주셀렉션혼합자산투자신탁(사모투자재간접형)종류C-Pe,미래에셋자산운용,K55301E22247,A01048,2RF12,2RF1200,1,자산운용보고서(공모펀드),1,K55301E22247,R,시장
20260814,미래에셋삼바브라질포커스증권자투자신탁[주식],미래에셋자산운용,KR5205814266,A01048,2RF12,2RF1200,1,자산운용보고서(공모펀드),1,KR5205814266,R,시장
20260814,└▶미래에셋삼바브라질포커스증권자투자신탁[주식]종류A,미래에셋자산운용,KR5205832771,A01048,2RF12,2RF1200,1,자산운용보고서(공모펀드),1,KR5205832771,R,시장
20260814,└▶미래에셋삼바브라질포커스증권자투자신탁[주식]종류Ce,미래에셋자산운용,KR5205834876,A01048,2RF12,2RF1200,1,자산운용보고서(공모펀드),1,KR5205834876,R,시장
20260814,└▶미래에셋삼바브라질포커스증권자투자신탁[주식]종류C1d,미래에셋자산운용,KR5205996535,A01048,2RF12,2RF1200,1,자산운용보고서(공모펀드),1,KR5205996535,R,시장
20260814,미래에셋코스피200인덱스증권자투자신탁 1(주식),미래에셋자산운용,KR5225546690,A01048,2RF12,2RF1200,1,자산운용보고서(공모펀드),1,KR5225546690,R,시장
20260814,└▶미래에셋코스피200인덱스증권자투자신탁 1(주식)종류F,미래에셋자산운용,K55301BC5950,A01048,2RF12,2RF1200,1,자산운용보고서(공모펀드),1,K55301BC5950,R,시장
20260814,└▶미래에셋코스피200인덱스증권자투자신탁 1(주식)종류C-Pe,미래에셋자산운용,K55301E82837,A01048,2RF12,2RF1200,1,자산운용보고서(공모펀드),1,K55301E82837,R,시장
20260814,└▶미래에셋코스피200인덱스증권자투자신탁 1(주식)종류C-e,미래에셋자산운용,KR5225735913,A01048,2RF12,2RF1200,1,자산운용보고서(공모펀드),1,KR5225735913,R,시장
20260814,└▶미래에셋코스피200인덱스증권자투자신탁 1(주식)종류C-i,미래에셋자산운용,KR5225741226,A01048,2RF12,2RF1200,1,자산운용보고서(공모펀드),1,KR5225741226,R,시장
20260814,└▶미래에셋코스피200인덱스증권자투자신탁 1(주식)종류A,미래에셋자산운용,KR5225883051,A01048,2RF12,2RF1200,1,자산운용보고서(공모펀드),1,KR5225883051,R,시장
20260814,└▶미래에셋코스피200인덱스증권자투자신탁 1(주식)종류S,미래에셋자산운용,KR5301AW6494,A01048,2RF12,2RF1200,1,자산운용보고서(공모펀드),1,KR5301AW6494,R,시장
20260814,미래에셋마켓플러스증권자투자신탁 3 (주식),미래에셋자산운용,KR5225760879,A01048,2RF12,2RF1200,1,자산운용보고서(공모펀드),1,KR5225760879,R,시장
20260814,└▶미래에셋마켓플러스증권자투자신탁 3 (주식)종류A,미래에셋자산운용,KR5225760887,A01048,2RF12,2RF1200,1,자산운용보고서(공모펀드),1,KR5225760887,R,시장
20260814,└▶미래에셋마켓플러스증권자투자신탁 3 (주식)종류C-e,미래에셋자산운용,KR5225760903,A01048,2RF12,2RF1200,1,자산운용보고서(공모펀드),1,KR5225760903,R,시장
20260814,└▶미래에셋마켓플러스증권자투자신탁 3 (주식)종류C4,미래에셋자산운용,KR5225965825,A01048,2RF12,2RF1200,1,자산운용보고서(공모펀드),1,KR5225965825,R,시장
20260814,└▶미래에셋마켓플러스증권자투자신탁 3 (주식)종류S,미래에셋자산운용,KR5301AR0247,A01048,2RF12,2RF1200,1,자산운용보고서(공모펀드),1,KR5301AR0247,R,시장
20260814,미래에셋차이나H인덱스증권자투자신탁 1(주식),미래에셋자산운용,KR5225795966,A01048,2RF12,2RF1200,1,자산운용보고서(공모펀드),1,KR5225795966,R,시장
20260814,└▶미래에셋차이나H인덱스증권자투자신탁 1(주식)종류A-e,미래에셋자산운용,K55301B00082,A01048,2RF12,2RF1200,1,자산운용보고서(공모펀드),1,K55301B00082,R,시장
20260814,└▶미래에셋차이나H인덱스증권자투자신탁 1(주식)종류C,미래에셋자산운용,K55301B00090,A01048,2RF12,2RF1200,1,자산운용보고서(공모펀드),1,K55301B00090,R,시장
20260814,└▶미래에셋차이나H인덱스증권자투자신탁 1(주식)종류C-Pe,미래에셋자산운용,K55301B09117,A01048,2RF12,2RF1200,1,자산운용보고서(공모펀드),1,K55301B09117,R,시장
20260814,└▶미래에셋차이나H인덱스증권자투자신탁 1(주식)종류C-P2,미래에셋자산운용,K55301B50947,A01048,2RF12,2RF1200,1,자산운용보고서(공모펀드),1,K55301B50947,R,시장
20260814,└▶미래에셋차이나H인덱스증권자투자신탁 1(주식)종류C-P2e,미래에셋자산운용,K55301BX9882,A01048,2RF12,2RF1200,1,자산운용보고서(공모펀드),1,K55301BX9882,R,시장
20260814,└▶미래에셋차이나H인덱스증권자투자신탁 1(주식)종류A,미래에셋자산운용,KR5225795982,A01048,2RF12,2RF1200,1,자산운용보고서(공모펀드),1,KR5225795982,R,시장
20260814,└▶미래에셋차이나H인덱스증권자투자신탁 1(주식)종류C-e,미래에셋자산운용,KR5225795990,A01048,2RF12,2RF1200,1,자산운용보고서(공모펀드),1,KR5225795990,R,시장
20260814,└▶미래에셋차이나H인덱스증권자투자신탁 1(주식)종류F,미래에셋자산운용,KR5301AB7422,A01048,2RF12,2RF1200,1,자산운용보고서(공모펀드),1,KR5301AB7422,R,시장
20260814,└▶미래에셋차이나H인덱스증권자투자신탁 1(주식)종류S,미래에셋자산운용,KR5301AW7328,A01048,2RF12,2RF1200,1,자산운용보고서(공모펀드),1,KR5301AW7328,R,시장
20260814,└▶미래에셋차이나H인덱스증권자투자신탁 1(주식)종류C-P,미래에셋자산운용,KR5301AZ0973,A01048,2RF12,2RF1200,1,자산운용보고서(공모펀드),1,KR5301AZ0973,R,시장
20260814,미래에셋소득공제장기스마트롱숏70증권전환형자투자신탁 1(주식),미래에셋자산운용,KR5301AR9958,A01048,2RF12,2RF1200,1,자산운용보고서(공모펀드),1,KR5301AR9958,R,시장
20260814,└▶미래에셋소득공제장기스마트롱숏70증권전환형자투자신탁 1(주식)종류C,미래에셋자산운용,KR5301AR9966,A01048,2RF12,2RF1200,1,자산운용보고서(공모펀드),1,KR5301AR9966,R,시장
20260814,└▶미래에셋소득공제장기스마트롱숏70증권전환형자투자신탁 1(주식)종류C-e,미래에셋자산운용,KR5301AR9974,A01048,2RF12,2RF1200,1,자산운용보고서(공모펀드),1,KR5301AR9974,R,시장
20260814,신영TDF증권투자신탁(채권혼합-재간접형)운용,신영자산운용,K55209DE4325,A01017,2RF12,2RF1200,1,자산운용보고서(공모펀드),1,K55209DE4325,R,시장
20260814,└▶신영TDF증권투자신탁(채권혼합-재간접형)A형,신영자산운용,K55209DE4333,A01017,2RF12,2RF1200,1,자산운용보고서(공모펀드),1,K55209DE4333,R,시장
20260814,└▶신영TDF증권투자신탁(채권혼합-재간접형)A-E형,신영자산운용,K55209DE4341,A01017,2RF12,2RF1200,1,자산운용보고서(공모펀드),1,K55209DE4341,R,시장
20260814,└▶신영TDF증권투자신탁(채권혼합-재간접형)C형,신영자산운용,K55209DE4366,A01017,2RF12,2RF1200,1,자산운용보고서(공모펀드),1,K55209DE4366,R,시장
20260814,└▶신영TDF증권투자신탁(채권혼합-재간접형)C-E형,신영자산운용,K55209DE4374,A01017,2RF12,2RF1200,1,자산운용보고서(공모펀드),1,K55209DE4374,R,시장
20260814,└▶신영TDF증권투자신탁(채권혼합-재간접형)C-P형,신영자산운용,K55209DE4416,A01017,2RF12,2RF1200,1,자산운용보고서(공모펀드),1,K55209DE4416,R,시장
20260814,└▶신영TDF증권투자신탁(채권혼합-재간접형)C-Pe형,신영자산운용,K55209DE4424,A01017,2RF12,2RF1200,1,자산운용보고서(공모펀드),1,K55209DE4424,R,시장
20260814,└▶신영TDF증권투자신탁(채권혼합-재간접형)C-P2e형,신영자산운용,K55209DE4440,A01017,2RF12,2RF1200,1,자산운용보고서(공모펀드),1,K55209DE4440,R,시장
20260814,└▶신영TDF증권투자신탁(채권혼합-재간접형)C-P2형,신영자산운용,K55209DG4489,A01017,2RF12,2RF1200,1,자산운용보고서(공모펀드),1,K55209DG4489,R,시장
20260814,└▶신영TDF증권투자신탁(채권혼합-재간접형)S형,신영자산운용,K55209DP5287,A01017,2RF12,2RF1200,1,자산운용보고서(공모펀드),1,K55209DP5287,R,시장
20260814,└▶신영TDF증권투자신탁(채권혼합-재간접형)S-P형,신영자산운용,K55209DP5295,A01017,2RF12,2RF1200,1,자산운용보고서(공모펀드),1,K55209DP5295,R,시장
20260814,└▶신영TDF증권투자신탁(채권혼합-재간접형)S-P2형,신영자산운용,K55209DP5303,A01017,2RF12,2RF1200,1,자산운용보고서(공모펀드),1,K55209DP5303,R,시장
20260814,신영적격TDF2030증권투자신탁(혼합-재간접형)운용,신영자산운용,K55209DE4457,A01017,2RF12,2RF1200,1,자산운용보고서(공모펀드),1,K55209DE4457,R,시장
20260814,└▶신영적격TDF2030증권투자신탁(혼합-재간접형)A형,신영자산운용,K55209DE4465,A01017,2RF12,2RF1200,1,자산운용보고서(공모펀드),1,K55209DE4465,R,시장
20260814,└▶신영적격TDF2030증권투자신탁(혼합-재간접형)A-E형,신영자산운용,K55209DE4473,A01017,2RF12,2RF1200,1,자산운용보고서(공모펀드),1,K55209DE4473,R,시장
20260814,└▶신영적격TDF2030증권투자신탁(혼합-재간접형)A-G형,신영자산운용,K55209DE4481,A01017,2RF12,2RF1200,1,자산운용보고서(공모펀드),1,K55209DE4481,R,시장
20260814,└▶신영적격TDF2030증권투자신탁(혼합-재간접형)C형,신영자산운용,K55209DE4499,A01017,2RF12,2RF1200,1,자산운용보고서(공모펀드),1,K55209DE4499,R,시장
20260814,└▶신영적격TDF2030증권투자신탁(혼합-재간접형)C-E형,신영자산운용,K55209DE4507,A01017,2RF12,2RF1200,1,자산운용보고서(공모펀드),1,K55209DE4507,R,시장
20260814,└▶신영적격TDF2030증권투자신탁(혼합-재간접형)C-P형,신영자산운용,K55209DE4549,A01017,2RF12,2RF1200,1,자산운용보고서(공모펀드),1,K55209DE4549,R,시장
20260814,└▶신영적격TDF2030증권투자신탁(혼합-재간접형)C-Pe형,신영자산운용,K55209DE4556,A01017,2RF12,2RF1200,1,자산운용보고서(공모펀드),1,K55209DE4556,R,시장
20260814,└▶신영적격TDF2030증권투자신탁(혼합-재간접형)C-P2형,신영자산운용,K55209DE4564,A01017,2RF12,2RF1200,1,자산운용보고서(공모펀드),1,K55209DE4564,R,시장
20260814,└▶신영적격TDF2030증권투자신탁(혼합-재간접형)C-P2e형,신영자산운용,K55209DE4572,A01017,2RF12,2RF1200,1,자산운용보고서(공모펀드),1,K55209DE4572,R,시장
20260814,└▶신영적격TDF2030증권투자신탁(혼합-재간접형)S형,신영자산운용,K55209DP5311,A01017,2RF12,2RF1200,1,자산운용보고서(공모펀드),1,K55209DP5311,R,시장
20260814,└▶신영적격TDF2030증권투자신탁(혼합-재간접형)S-P형,신영자산운용,K55209DP5329,A01017,2RF12,2RF1200,1,자산운용보고서(공모펀드),1,K55209DP5329,R,시장
20260814,└▶신영적격TDF2030증권투자신탁(혼합-재간접형)S-P2형,신영자산운용,K55209DP5337,A01017,2RF12,2RF1200,1,자산운용보고서(공모펀드),1,K55209DP5337,R,시장
20260814,└▶신영적격TDF2030증권투자신탁(혼합-재간접형)O형,신영자산운용,K55209DW5031,A01017,2RF12,2RF1200,1,자산운용보고서(공모펀드),1,K55209DW5031,R,시장
20260814,신영적격TDF2040증권투자신탁(주식혼합-재간접형)운용,신영자산운용,K55209DE4580,A01017,2RF12,2RF1200,1,자산운용보고서(공모펀드),1,K55209DE4580,R,시장
20260814,└▶신영적격TDF2040증권투자신탁(주식혼합-재간접형)A형,신영자산운용,K55209DE4598,A01017,2RF12,2RF1200,1,자산운용보고서(공모펀드),1,K55209DE4598,R,시장
20260814,└▶신영적격TDF2040증권투자신탁(주식혼합-재간접형)A-E형,신영자산운용,K55209DE4606,A01017,2RF12,2RF1200,1,자산운용보고서(공모펀드),1,K55209DE4606,R,시장
20260814,└▶신영적격TDF2040증권투자신탁(주식혼합-재간접형)C형,신영자산운용,K55209DE4622,A01017,2RF12,2RF1200,1,자산운용보고서(공모펀드),1,K55209DE4622,R,시장
20260814,└▶신영적격TDF2040증권투자신탁(주식혼합-재간접형)C-E형,신영자산운용,K55209DE4630,A01017,2RF12,2RF1200,1,자산운용보고서(공모펀드),1,K55209DE4630,R,시장
20260814,└▶신영적격TDF2040증권투자신탁(주식혼합-재간접형)C-W형,신영자산운용,K55209DE4663,A01017,2RF12,2RF1200,1,자산운용보고서(공모펀드),1,K55209DE4663,R,시장
20260814,└▶신영적격TDF2040증권투자신탁(주식혼합-재간접형)C-P형,신영자산운용,K55209DE4671,A01017,2RF12,2RF1200,1,자산운용보고서(공모펀드),1,K55209DE4671,R,시장
20260814,└▶신영적격TDF2040증권투자신탁(주식혼합-재간접형)C-Pe형,신영자산운용,K55209DE4689,A01017,2RF12,2RF1200,1,자산운용보고서(공모펀드),1,K55209DE4689,R,시장
20260814,└▶신영적격TDF2040증권투자신탁(주식혼합-재간접형)C-P2형,신영자산운용,K55209DE4697,A01017,2RF12,2RF1200,1,자산운용보고서(공모펀드),1,K55209DE4697,R,시장
20260814,└▶신영적격TDF2040증권투자신탁(주식혼합-재간접형)C-P2e형,신영자산운용,K55209DE4705,A01017,2RF12,2RF1200,1,자산운용보고서(공모펀드),1,K55209DE4705,R,시장
20260814,└▶신영적격TDF2040증권투자신탁(주식혼합-재간접형)S형,신영자산운용,K55209DP5345,A01017,2RF12,2RF1200,1,자산운용보고서(공모펀드),1,K55209DP5345,R,시장
20260814,└▶신영적격TDF2040증권투자신탁(주식혼합-재간접형)S-P형,신영자산운용,K55209DP5352,A01017,2RF12,2RF1200,1,자산운용보고서(공모펀드),1,K55209DP5352,R,시장
20260814,└▶신영적격TDF2040증권투자신탁(주식혼합-재간접형)S-P2형,신영자산운용,K55209DP5360,A01017,2RF12,2RF1200,1,자산운용보고서(공모펀드),1,K55209DP5360,R,시장
20260814,└▶신영적격TDF2040증권투자신탁(주식혼합-재간접형)O형,신영자산운용,K55209DW5064,A01017,2RF12,2RF1200,1,자산운용보고서(공모펀드),1,K55209DW5064,R,시장
20260814,신한빠른대응적격TDF2035증권자투자신탁(UH)[주식혼합-재간접형],신한자산운용,K55210ET3144,A01018,2RF12,2RF1200,1,자산운용보고서(공모펀드),1,K55210ET3144,R,시장
20260814,└▶신한빠른대응적격TDF2035증권자투자신탁(UH)[주식혼합-재간접형](종류C-r),신한자산운용,K55210ET3243,A01018,2RF12,2RF1200,1,자산운용보고서(공모펀드),1,K55210ET3243,R,시장
20260814,└▶신한빠른대응적격TDF2035증권자투자신탁(UH)[주식혼합-재간접형](종류C-re),신한자산운용,K55210ET3250,A01018,2RF12,2RF1200,1,자산운용보고서(공모펀드),1,K55210ET3250,R,시장
20260814,신한빠른대응적격TDF2040증권자투자신탁(UH)[주식혼합-재간접형],신한자산운용,K55210ET3334,A01018,2RF12,2RF1200,1,자산운용보고서(공모펀드),1,K55210ET3334,R,시장
20260814,└▶신한빠른대응적격TDF2040증권자투자신탁(UH)[주식혼합-재간접형](종류A1),신한자산운용,K55210ET3367,A01018,2RF12,2RF1200,1,자산운용보고서(공모펀드),1,K55210ET3367,R,시장
20260814,└▶신한빠른대응적격TDF2040증권자투자신탁(UH)[주식혼합-재간접형](종류C-e),신한자산운용,K55210ET3383,A01018,2RF12,2RF1200,1,자산운용보고서(공모펀드),1,K55210ET3383,R,시장
20260814,└▶신한빠른대응적격TDF2040증권자투자신탁(UH)[주식혼합-재간접형](종류C-r),신한자산운용,K55210ET3433,A01018,2RF12,2RF1200,1,자산운용보고서(공모펀드),1,K55210ET3433,R,시장
20260814,└▶신한빠른대응적격TDF2040증권자투자신탁(UH)[주식혼합-재간접형](종류C-re),신한자산운용,K55210ET3441,A01018,2RF12,2RF1200,1,자산운용보고서(공모펀드),1,K55210ET3441,R,시장
20260814,└▶신한빠른대응적격TDF2040증권자투자신탁(UH)[주식혼합-재간접형](종류C1),신한자산운용,K55210ET3474,A01018,2RF12,2RF1200,1,자산운용보고서(공모펀드),1,K55210ET3474,R,시장
20260814,신한지수연계증권투자신탁K-38[채권](종류),신한자산운용,K55210EV3561,A01018,2RF12,2RF1200,1,자산운용보고서(공모펀드),1,K55210EV3561,R,시장
20260814,└▶신한지수연계증권투자신탁K-38[채권](종류A1),신한자산운용,K55210EV3579,A01018,2RF12,2RF1200,1,자산운용보고서(공모펀드),1,K55210EV3579,R,시장
20260814,└▶신한지수연계증권투자신탁K-38[채권](종류A-e),신한자산운용,K55210EV3587,A01018,2RF12,2RF1200,1,자산운용보고서(공모펀드),1,K55210EV3587,R,시장
20260814,└▶신한지수연계증권투자신탁K-38[채권](종류C-e),신한자산운용,K55210EV3603,A01018,2RF12,2RF1200,1,자산운용보고서(공모펀드),1,K55210EV3603,R,시장
20260814,신한코리아신경제증권자투자신탁 1[주식](종류),신한자산운용,KR5210546614,A01018,2RF12,2RF1200,1,자산운용보고서(공모펀드),1,KR5210546614,R,시장
20260814,└▶신한코리아신경제증권자투자신탁 1[주식](종류C-r),신한자산운용,K55210D52413,A01018,2RF12,2RF1200,1,자산운용보고서(공모펀드),1,K55210D52413,R,시장
20260814,└▶신한코리아신경제증권자투자신탁 1[주식](종류C-p),신한자산운용,K55210D52488,A01018,2RF12,2RF1200,1,자산운용보고서(공모펀드),1,K55210D52488,R,시장
20260814,└▶신한코리아신경제증권자투자신탁 1[주식](종류C-pe),신한자산운용,K55210D52504,A01018,2RF12,2RF1200,1,자산운용보고서(공모펀드),1,K55210D52504,R,시장
20260814,└▶신한코리아신경제증권자투자신탁 1[주식](종류S-R),신한자산운용,K55210D52512,A01018,2RF12,2RF1200,1,자산운용보고서(공모펀드),1,K55210D52512,R,시장
20260814,└▶신한코리아신경제증권자투자신탁 1[주식](종류A),신한자산운용,KR5210599753,A01018,2RF12,2RF1200,1,자산운용보고서(공모펀드),1,KR5210599753,R,시장
20260814,└▶신한코리아신경제증권자투자신탁 1[주식](종류A-H),신한자산운용,KR5210756221,A01018,2RF12,2RF1200,1,자산운용보고서(공모펀드),1,KR5210756221,R,시장
20260814,└▶신한코리아신경제증권자투자신탁 1[주식](종류A-e),신한자산운용,KR5210AJ6079,A01018,2RF12,2RF1200,1,자산운용보고서(공모펀드),1,KR5210AJ6079,R,시장
20260814,└▶신한코리아신경제증권자투자신탁 1[주식](종류C4),신한자산운용,KR5210AJ6111,A01018,2RF12,2RF1200,1,자산운용보고서(공모펀드),1,KR5210AJ6111,R,시장
20260814,└▶신한코리아신경제증권자투자신탁 1[주식](종류C-e),신한자산운용,KR5210AJ6129,A01018,2RF12,2RF1200,1,자산운용보고서(공모펀드),1,KR5210AJ6129,R,시장
20260814,└▶신한코리아신경제증권자투자신탁 1[주식](종류S),신한자산운용,KR5210AQ3804,A01018,2RF12,2RF1200,1,자산운용보고서(공모펀드),1,KR5210AQ3804,R,시장
20260814,신한일본인덱스증권자투자신탁 2(H)[주식](종류),신한자산운용,KR5210546804,A01018,2RF12,2RF1200,1,자산운용보고서(공모펀드),1,KR5210546804,R,시장
20260814,└▶신한일본인덱스증권자투자신탁 2(H)[주식](종류A1),신한자산운용,KR5210AG7963,A01018,2RF12,2RF1200,1,자산운용보고서(공모펀드),1,KR5210AG7963,R,시장
20260814,└▶신한일본인덱스증권자투자신탁 2(H)[주식](종류A-e),신한자산운용,KR5210AJ6293,A01018,2RF12,2RF1200,1,자산운용보고서(공모펀드),1,KR5210AJ6293,R,시장
20260814,신한코리아신경제증권자투자신탁2[주식](종류),신한자산운용,KR5210963322,A01018,2RF12,2RF1200,1,자산운용보고서(공모펀드),1,KR5210963322,R,시장
20260814,└▶신한코리아신경제증권자투자신탁2[주식](종류C),신한자산운용,KR5210963389,A01018,2RF12,2RF1200,1,자산운용보고서(공모펀드),1,KR5210963389,R,시장
20260814,신한아름다운SRI증권자투자신탁 1[주식](종류),신한자산운용,KR5219523986,A01018,2RF12,2RF1200,1,자산운용보고서(공모펀드),1,KR5219523986,R,시장
20260814,└▶신한아름다운SRI증권자투자신탁 1[주식](종류C-w),신한자산운용,K55210DB1784,A01018,2RF12,2RF1200,1,자산운용보고서(공모펀드),1,K55210DB1784,R,시장
20260814,└▶신한아름다운SRI증권자투자신탁 1[주식](종류A1),신한자산운용,K55210DB2139,A01018,2RF12,2RF1200,1,자산운용보고서(공모펀드),1,K55210DB2139,R,시장
20260814,└▶신한아름다운SRI증권자투자신탁 1[주식](종류A-e),신한자산운용,K55210DB2147,A01018,2RF12,2RF1200,1,자산운용보고서(공모펀드),1,K55210DB2147,R,시장
20260814,└▶신한아름다운SRI증권자투자신탁 1[주식](종류C1),신한자산운용,K55210DB2154,A01018,2RF12,2RF1200,1,자산운용보고서(공모펀드),1,K55210DB2154,R,시장
20260814,└▶신한아름다운SRI증권자투자신탁 1[주식](종류C-e),신한자산운용,K55210DB2162,A01018,2RF12,2RF1200,1,자산운용보고서(공모펀드),1,K55210DB2162,R,시장
20260814,└▶신한아름다운SRI증권자투자신탁 1[주식](종류C-p),신한자산운용,K55210DB2170,A01018,2RF12,2RF1200,1,자산운용보고서(공모펀드),1,K55210DB2170,R,시장
20260814,└▶신한아름다운SRI증권자투자신탁 1[주식](종류C-pe),신한자산운용,K55210DB2188,A01018,2RF12,2RF1200,1,자산운용보고서(공모펀드),1,K55210DB2188,R,시장
20260814,└▶신한아름다운SRI증권자투자신탁 1[주식](종류C-r),신한자산운용,K55210DB2196,A01018,2RF12,2RF1200,1,자산운용보고서(공모펀드),1,K55210DB2196,R,시장
20260814,└▶신한아름다운SRI증권자투자신탁 1[주식](종류C-re),신한자산운용,K55210DB2204,A01018,2RF12,2RF1200,1,자산운용보고서(공모펀드),1,K55210DB2204,R,시장
20260814,└▶신한아름다운SRI증권자투자신탁 1[주식](종류S-P),신한자산운용,K55210DB2212,A01018,2RF12,2RF1200,1,자산운용보고서(공모펀드),1,K55210DB2212,R,시장
20260814,└▶신한아름다운SRI증권자투자신탁 1[주식](종류S-R),신한자산운용,K55210DB2220,A01018,2RF12,2RF1200,1,자산운용보고서(공모펀드),1,K55210DB2220,R,시장
20260814,└▶신한아름다운SRI증권자투자신탁 1[주식](종류C-i),신한자산운용,KR5210982249,A01018,2RF12,2RF1200,1,자산운용보고서(공모펀드),1,KR5210982249,R,시장
20260814,└▶신한아름다운SRI증권자투자신탁 1[주식](종류A-ch),신한자산운용,KR5210989608,A01018,2RF12,2RF1200,1,자산운용보고서(공모펀드),1,KR5210989608,R,시장
20260814,└▶신한아름다운SRI증권자투자신탁 1[주식](종류A-ds),신한자산운용,KR5210989616,A01018,2RF12,2RF1200,1,자산운용보고서(공모펀드),1,KR5210989616,R,시장
20260814,└▶신한아름다운SRI증권자투자신탁 1[주식](종류S),신한자산운용,KR5210AQ2590,A01018,2RF12,2RF1200,1,자산운용보고서(공모펀드),1,KR5210AQ2590,R,시장
20260814,└▶신한아름다운SRI증권자투자신탁 1[주식](종류A2),신한자산운용,KR5219523994,A01018,2RF12,2RF1200,1,자산운용보고서(공모펀드),1,KR5219523994,R,시장
20260814,IBK밸류코리아증권자투자신탁 3[주식],아이비케이자산운용,KR5234620718,A01042,2RF12,2RF1200,1,자산운용보고서(공모펀드),1,KR5234620718,R,시장
20260814,└▶IBK밸류코리아증권자투자신탁 3[주식]종류A,아이비케이자산운용,KR5234620726,A01042,2RF12,2RF1200,1,자산운용보고서(공모펀드),1,KR5234620726,R,시장
20260814,└▶IBK밸류코리아증권자투자신탁 3[주식]종류C,아이비케이자산운용,KR5234620734,A01042,2RF12,2RF1200,1,자산운용보고서(공모펀드),1,KR5234620734,R,시장
20260814,IBK베트남플러스아시아증권투자신탁[주식],아이비케이자산운용,KR5234761116,A01042,2RF12,2RF1200,1,자산운용보고서(공모펀드),1,KR5234761116,R,시장
20260814,└▶IBK베트남플러스아시아증권투자신탁[주식]종류A-e,아이비케이자산운용,K55234BG3060,A01042,2RF12,2RF1200,1,자산운용보고서(공모펀드),1,K55234BG3060,R,시장
20260814,└▶IBK베트남플러스아시아증권투자신탁[주식]종류C-P,아이비케이자산운용,K55234BN3616,A01042,2RF12,2RF1200,1,자산운용보고서(공모펀드),1,K55234BN3616,R,시장
20260814,└▶IBK베트남플러스아시아증권투자신탁[주식]종류C-R,아이비케이자산운용,K55234BN3624,A01042,2RF12,2RF1200,1,자산운용보고서(공모펀드),1,K55234BN3624,R,시장
20260814,└▶IBK베트남플러스아시아증권투자신탁[주식]종류AG,아이비케이자산운용,K55234BP3838,A01042,2RF12,2RF1200,1,자산운용보고서(공모펀드),1,K55234BP3838,R,시장
20260814,└▶IBK베트남플러스아시아증권투자신탁[주식]종류CG,아이비케이자산운용,K55234BP3846,A01042,2RF12,2RF1200,1,자산운용보고서(공모펀드),1,K55234BP3846,R,시장
20260814,└▶IBK베트남플러스아시아증권투자신탁[주식]종류C-Pe,아이비케이자산운용,K55234BY9958,A01042,2RF12,2RF1200,1,자산운용보고서(공모펀드),1,K55234BY9958,R,시장
20260814,└▶IBK베트남플러스아시아증권투자신탁[주식]종류C-Re,아이비케이자산운용,K55234BY9966,A01042,2RF12,2RF1200,1,자산운용보고서(공모펀드),1,K55234BY9966,R,시장
20260814,└▶IBK베트남플러스아시아증권투자신탁[주식]종류A,아이비케이자산운용,KR5234761124,A01042,2RF12,2RF1200,1,자산운용보고서(공모펀드),1,KR5234761124,R,시장
20260814,└▶IBK베트남플러스아시아증권투자신탁[주식]종류C1,아이비케이자산운용,KR5234761132,A01042,2RF12,2RF1200,1,자산운용보고서(공모펀드),1,KR5234761132,R,시장
20260814,└▶IBK베트남플러스아시아증권투자신탁[주식]종류Ce,아이비케이자산운용,KR5234761140,A01042,2RF12,2RF1200,1,자산운용보고서(공모펀드),1,KR5234761140,R,시장
20260814,└▶IBK베트남플러스아시아증권투자신탁[주식]종류C-w,아이비케이자산운용,KR5234936221,A01042,2RF12,2RF1200,1,자산운용보고서(공모펀드),1,KR5234936221,R,시장
20260814,└▶IBK베트남플러스아시아증권투자신탁[주식]종류S,아이비케이자산운용,KR5234AO9185,A01042,2RF12,2RF1200,1,자산운용보고서(공모펀드),1,KR5234AO9185,R,시장
20260814,IBK포춘중국고배당증권자투자신탁2[주식],아이비케이자산운용,KR5234972226,A01042,2RF12,2RF1200,1,자산운용보고서(공모펀드),1,KR5234972226,R,시장
20260814,└▶IBK포춘중국고배당증권자투자신탁2[주식]종류C-W,아이비케이자산운용,K55234BB5300,A01042,2RF12,2RF1200,1,자산운용보고서(공모펀드),1,K55234BB5300,R,시장
20260814,└▶IBK포춘중국고배당증권자투자신탁2[주식]종류A,아이비케이자산운용,KR5234972234,A01042,2RF12,2RF1200,1,자산운용보고서(공모펀드),1,KR5234972234,R,시장
20260814,└▶IBK포춘중국고배당증권자투자신탁2[주식]종류C4,아이비케이자산운용,KR5234972275,A01042,2RF12,2RF1200,1,자산운용보고서(공모펀드),1,KR5234972275,R,시장
20260814,└▶IBK포춘중국고배당증권자투자신탁2[주식]종류E,아이비케이자산운용,KR5234972283,A01042,2RF12,2RF1200,1,자산운용보고서(공모펀드),1,KR5234972283,R,시장
20260814,유리트리플알파증권자투자신탁[주식혼합]_운용,유리자산운용,KR5307AM1673,A01054,2RF12,2RF1200,1,자산운용보고서(공모펀드),1,KR5307AM1673,R,시장
20260814,└▶유리트리플알파증권자투자신탁[주식혼합]_ClassC-P1,유리자산운용,K55307B76055,A01054,2RF12,2RF1200,1,자산운용보고서(공모펀드),1,K55307B76055,R,시장
20260814,└▶유리트리플알파증권자투자신탁[주식혼합]_ClassS,유리자산운용,K55307BE6703,A01054,2RF12,2RF1200,1,자산운용보고서(공모펀드),1,K55307BE6703,R,시장
20260814,└▶유리트리플알파증권자투자신탁[주식혼합]_ClassA1,유리자산운용,KR5307AM1962,A01054,2RF12,2RF1200,1,자산운용보고서(공모펀드),1,KR5307AM1962,R,시장
20260814,└▶유리트리플알파증권자투자신탁[주식혼합]_ClassA-e,유리자산운용,KR5307AM1970,A01054,2RF12,2RF1200,1,자산운용보고서(공모펀드),1,KR5307AM1970,R,시장
20260814,└▶유리트리플알파증권자투자신탁[주식혼합]_ClassC1,유리자산운용,KR5307AM1988,A01054,2RF12,2RF1200,1,자산운용보고서(공모펀드),1,KR5307AM1988,R,시장
20260814,└▶유리트리플알파증권자투자신탁[주식혼합]_ClassC-e,유리자산운용,KR5307AM1996,A01054,2RF12,2RF1200,1,자산운용보고서(공모펀드),1,KR5307AM1996,R,시장
20260814,유진챔피언반디불목표전환형증권투자신탁(채권혼합),유진자산운용,K55214EU7775,A01022,2RF12,2RF1200,1,자산운용보고서(공모펀드),1,K55214EU7775,R,시장
20260814,└▶유진챔피언반디불목표전환형증권투자신탁(채권혼합)ClassA,유진자산운용,K55214EU7783,A01022,2RF12,2RF1200,1,자산운용보고서(공모펀드),1,K55214EU7783,R,시장
20260814,└▶유진챔피언반디불목표전환형증권투자신탁(채권혼합)ClassA-E,유진자산운용,K55214EU7791,A01022,2RF12,2RF1200,1,자산운용보고서(공모펀드),1,K55214EU7791,R,시장
20260814,└▶유진챔피언반디불목표전환형증권투자신탁(채권혼합)ClassC,유진자산운용,K55214EU7809,A01022,2RF12,2RF1200,1,자산운용보고서(공모펀드),1,K55214EU7809,R,시장
20260814,└▶유진챔피언반디불목표전환형증권투자신탁(채권혼합)ClassC-E,유진자산운용,K55214EU7817,A01022,2RF12,2RF1200,1,자산운용보고서(공모펀드),1,K55214EU7817,R,시장
20260814,└▶유진챔피언반디불목표전환형증권투자신탁(채권혼합)ClassC-F,유진자산운용,K55214EU7841,A01022,2RF12,2RF1200,1,자산운용보고서(공모펀드),1,K55214EU7841,R,시장
20260814,└▶유진챔피언반디불목표전환형증권투자신탁(채권혼합)ClassC-P,유진자산운용,K55214EU7858,A01022,2RF12,2RF1200,1,자산운용보고서(공모펀드),1,K55214EU7858,R,시장
20260814,└▶유진챔피언반디불목표전환형증권투자신탁(채권혼합)ClassC-Pe,유진자산운용,K55214EU7866,A01022,2RF12,2RF1200,1,자산운용보고서(공모펀드),1,K55214EU7866,R,시장
20260814,└▶유진챔피언반디불목표전환형증권투자신탁(채권혼합)ClassC-R,유진자산운용,K55214EU7874,A01022,2RF12,2RF1200,1,자산운용보고서(공모펀드),1,K55214EU7874,R,시장
20260814,└▶유진챔피언반디불목표전환형증권투자신탁(채권혼합)ClassC-Re,유진자산운용,K55214EU7882,A01022,2RF12,2RF1200,1,자산운용보고서(공모펀드),1,K55214EU7882,R,시장
20260814,카디안글로벌이머징증권자투자신탁 1[주식-재간접형],카디안자산운용,KR5229476209,A01037,2RF12,2RF1200,1,자산운용보고서(공모펀드),1,KR5229476209,R,시장
20260814,└▶카디안글로벌이머징증권자투자신탁 1[주식-재간접형]클래스C-P(퇴직연금),카디안자산운용,K55229BS3030,A01037,2RF12,2RF1200,1,자산운용보고서(공모펀드),1,K55229BS3030,R,시장
20260814,└▶카디안글로벌이머징증권자투자신탁 1[주식-재간접형]클래스C-P(퇴직연금)E,카디안자산운용,K55229BV5386,A01037,2RF12,2RF1200,1,자산운용보고서(공모펀드),1,K55229BV5386,R,시장
20260814,└▶카디안글로벌이머징증권자투자신탁 1[주식-재간접형]클래스S,카디안자산운용,K55229BX1631,A01037,2RF12,2RF1200,1,자산운용보고서(공모펀드),1,K55229BX1631,R,시장
20260814,└▶카디안글로벌이머징증권자투자신탁 1[주식-재간접형]클래스S-P2(연금저축),카디안자산운용,K55229BX1649,A01037,2RF12,2RF1200,1,자산운용보고서(공모펀드),1,K55229BX1649,R,시장
20260814,└▶카디안글로벌이머징증권자투자신탁 1[주식-재간접형]클래스A,카디안자산운용,KR5229993351,A01037,2RF12,2RF1200,1,자산운용보고서(공모펀드),1,KR5229993351,R,시장
20260814,└▶카디안글로벌이머징증권자투자신탁 1[주식-재간접형]클래스C4,카디안자산운용,KR5229993393,A01037,2RF12,2RF1200,1,자산운용보고서(공모펀드),1,KR5229993393,R,시장
20260814,└▶카디안글로벌이머징증권자투자신탁 1[주식-재간접형]클래스C-E,카디안자산운용,KR5229993401,A01037,2RF12,2RF1200,1,자산운용보고서(공모펀드),1,KR5229993401,R,시장
20260814,카디안유러피언리더스증권자투자신탁[주식-재간접형],카디안자산운용,KR5229653344,A01037,2RF12,2RF1200,1,자산운용보고서(공모펀드),1,KR5229653344,R,시장
20260814,└▶카디안유러피언리더스증권자투자신탁[주식-재간접형]클래스A,카디안자산운용,KR5229653351,A01037,2RF12,2RF1200,1,자산운용보고서(공모펀드),1,KR5229653351,R,시장
20260814,└▶카디안유러피언리더스증권자투자신탁[주식-재간접형]클래스C5,카디안자산운용,KR5229992940,A01037,2RF12,2RF1200,1,자산운용보고서(공모펀드),1,KR5229992940,R,시장
20260814,└▶카디안유러피언리더스증권자투자신탁[주식-재간접형]클래스C-E,카디안자산운용,KR5229994524,A01037,2RF12,2RF1200,1,자산운용보고서(공모펀드),1,KR5229994524,R,시장
20260814,└▶카디안유러피언리더스증권자투자신탁[주식-재간접형]클래스S,카디안자산운용,KR5229AQ6285,A01037,2RF12,2RF1200,1,자산운용보고서(공모펀드),1,KR5229AQ6285,R,시장
20260814,└▶카디안유러피언리더스증권자투자신탁[주식-재간접형]클래스A-E,카디안자산운용,KR5229AQ6301,A01037,2RF12,2RF1200,1,자산운용보고서(공모펀드),1,KR5229AQ6301,R,시장
20260814,KB내일드림초단기채증권투자신탁(채권)(운용),케이비자산운용,K55223E28026,A01031,2RF12,2RF1200,1,자산운용보고서(공모펀드),1,K55223E28026,R,시장
20260814,└▶KB내일드림초단기채증권투자신탁(채권)A,케이비자산운용,K55223E28034,A01031,2RF12,2RF1200,1,자산운용보고서(공모펀드),1,K55223E28034,R,시장
20260814,└▶KB내일드림초단기채증권투자신탁(채권)A-E,케이비자산운용,K55223E28042,A01031,2RF12,2RF1200,1,자산운용보고서(공모펀드),1,K55223E28042,R,시장
20260814,└▶KB내일드림초단기채증권투자신탁(채권)C,케이비자산운용,K55223E28067,A01031,2RF12,2RF1200,1,자산운용보고서(공모펀드),1,K55223E28067,R,시장
20260814,└▶KB내일드림초단기채증권투자신탁(채권)C-E,케이비자산운용,K55223E28075,A01031,2RF12,2RF1200,1,자산운용보고서(공모펀드),1,K55223E28075,R,시장
20260814,└▶KB내일드림초단기채증권투자신탁(채권)C-F,케이비자산운용,K55223E28091,A01031,2RF12,2RF1200,1,자산운용보고서(공모펀드),1,K55223E28091,R,시장
20260814,└▶KB내일드림초단기채증권투자신탁(채권)C-W,케이비자산운용,K55223E28109,A01031,2RF12,2RF1200,1,자산운용보고서(공모펀드),1,K55223E28109,R,시장
20260814,└▶KB내일드림초단기채증권투자신탁(채권)C-I,케이비자산운용,K55223E28117,A01031,2RF12,2RF1200,1,자산운용보고서(공모펀드),1,K55223E28117,R,시장
20260814,└▶KB내일드림초단기채증권투자신탁(채권)S,케이비자산운용,K55223E28125,A01031,2RF12,2RF1200,1,자산운용보고서(공모펀드),1,K55223E28125,R,시장
20260814,└▶KB내일드림초단기채증권투자신탁(채권)S-P,케이비자산운용,K55223E28133,A01031,2RF12,2RF1200,1,자산운용보고서(공모펀드),1,K55223E28133,R,시장
20260814,└▶KB내일드림초단기채증권투자신탁(채권)C-P,케이비자산운용,K55223E28141,A01031,2RF12,2RF1200,1,자산운용보고서(공모펀드),1,K55223E28141,R,시장
20260814,└▶KB내일드림초단기채증권투자신탁(채권)C-Pe,케이비자산운용,K55223E28158,A01031,2RF12,2RF1200,1,자산운용보고서(공모펀드),1,K55223E28158,R,시장
20260814,└▶KB내일드림초단기채증권투자신탁(채권)C-퇴직,케이비자산운용,K55223E28166,A01031,2RF12,2RF1200,1,자산운용보고서(공모펀드),1,K55223E28166,R,시장
20260814,└▶KB내일드림초단기채증권투자신탁(채권)C-퇴직e,케이비자산운용,K55223E28174,A01031,2RF12,2RF1200,1,자산운용보고서(공모펀드),1,K55223E28174,R,시장
20260814,└▶KB내일드림초단기채증권투자신탁(채권)S-퇴직,케이비자산운용,K55223E28182,A01031,2RF12,2RF1200,1,자산운용보고서(공모펀드),1,K55223E28182,R,시장
20260814,하나아시안리츠부동산투자신탁[재간접형],하나자산운용,KR5312568193,A01002,2RF12,2RF1200,1,자산운용보고서(공모펀드),1,KR5312568193,R,시장
20260814,└▶하나아시안리츠부동산투자신탁[재간접형]ClassC-P,하나자산운용,K55102B45584,A01002,2RF12,2RF1200,1,자산운용보고서(공모펀드),1,K55102B45584,R,시장
20260814,└▶하나아시안리츠부동산투자신탁[재간접형]ClassC-P2E,하나자산운용,K55102BU6205,A01002,2RF12,2RF1200,1,자산운용보고서(공모펀드),1,K55102BU6205,R,시장
20260814,└▶하나아시안리츠부동산투자신탁[재간접형]ClassC-PE,하나자산운용,K55102BU6213,A01002,2RF12,2RF1200,1,자산운용보고서(공모펀드),1,K55102BU6213,R,시장
20260814,└▶하나아시안리츠부동산투자신탁[재간접형]ClassC-E,하나자산운용,K55102BU6221,A01002,2RF12,2RF1200,1,자산운용보고서(공모펀드),1,K55102BU6221,R,시장
20260814,└▶하나아시안리츠부동산투자신탁[재간접형]ClassA-E,하나자산운용,K55102BU6239,A01002,2RF12,2RF1200,1,자산운용보고서(공모펀드),1,K55102BU6239,R,시장
20260814,└▶하나아시안리츠부동산투자신탁[재간접형]ClassC-F,하나자산운용,KR5102AQ6956,A01002,2RF12,2RF1200,1,자산운용보고서(공모펀드),1,KR5102AQ6956,R,시장
20260814,└▶하나아시안리츠부동산투자신탁[재간접형]ClassS,하나자산운용,KR5102AQ6972,A01002,2RF12,2RF1200,1,자산운용보고서(공모펀드),1,KR5102AQ6972,R,시장
20260814,└▶하나아시안리츠부동산투자신탁[재간접형]ClassA,하나자산운용,KR5312568201,A01002,2RF12,2RF1200,1,자산운용보고서(공모펀드),1,KR5312568201,R,시장
20260814,└▶하나아시안리츠부동산투자신탁[재간접형]ClassC,하나자산운용,KR5312568219,A01002,2RF12,2RF1200,1,자산운용보고서(공모펀드),1,KR5312568219,R,시장
20260814,한국투자함께해요K지수와성장테마목표전환증권투자신탁(채권-재간접형)(모),한국투자신탁운용,K55101EU0081,A01001,2RF12,2RF1200,1,자산운용보고서(공모펀드),1,K55101EU0081,R,시장
20260814,└▶한국투자함께해요K지수와성장테마목표전환증권투자신탁(채권-재간접형)(A),한국투자신탁운용,K55101EU0099,A01001,2RF12,2RF1200,1,자산운용보고서(공모펀드),1,K55101EU0099,R,시장
20260814,└▶한국투자함께해요K지수와성장테마목표전환증권투자신탁(채권-재간접형)(A-e),한국투자신탁운용,K55101EU0115,A01001,2RF12,2RF1200,1,자산운용보고서(공모펀드),1,K55101EU0115,R,시장
20260814,└▶한국투자함께해요K지수와성장테마목표전환증권투자신탁(채권-재간접형)(C-e),한국투자신탁운용,K55101EU0149,A01001,2RF12,2RF1200,1,자산운용보고서(공모펀드),1,K55101EU0149,R,시장
20260814,└▶한국투자함께해요K지수와성장테마목표전환증권투자신탁(채권-재간접형)(C-W),한국투자신탁운용,K55101EU0206,A01001,2RF12,2RF1200,1,자산운용보고서(공모펀드),1,K55101EU0206,R,시장
20260814,한국투자장기주택마련증권투자신탁 1(주식),한국투자신탁운용,KR5101689317,A01001,2RF12,2RF1200,1,자산운용보고서(공모펀드),1,KR5101689317,R,시장
20260814,└▶한국투자장기주택마련증권투자신탁 1(주식)(A),한국투자신탁운용,KR5101689374,A01001,2RF12,2RF1200,1,자산운용보고서(공모펀드),1,KR5101689374,R,시장
20260814,└▶한국투자장기주택마련증권투자신탁 1(주식)(C),한국투자신탁운용,KR5101689382,A01001,2RF12,2RF1200,1,자산운용보고서(공모펀드),1,KR5101689382,R,시장
20260814,미래에셋TIGER미국S&amp;P500타겟데일리커버드콜증권상장지수투자신탁(주식),미래에셋자산운용,K55301EB0231,A01048,2OF04,2OF0400,2,집합투자규약 등 변경,1,K55301EB0231,O,운용
20260814,BNK튼튼스마트인컴증권투자신탁(채권),비엔케이자산운용,K55240EW7516,A01075,2RF04,2RF0400,1,집합투자규약(구. 신탁약관(정관)),1,ZZZZZZZZZZZZ,R,시장
20260814,└▶BNK튼튼스마트인컴증권투자신탁(채권)ClassC-F,비엔케이자산운용,K55240EW7748,A01075,2RF04,2RF0400,1,집합투자규약(구. 신탁약관(정관)),1,K55240EW7516,R,시장
20260814,유진챔피언반디불목표전환형증권투자신탁2(채권혼합),유진자산운용,K55214EX7327,A01022,2RF04,2RF0400,1,집합투자규약(구. 신탁약관(정관)),1,ZZZZZZZZZZZZ,R,시장
20260814,└▶유진챔피언반디불목표전환형증권투자신탁2(채권혼합)ClassA,유진자산운용,K55214EX7335,A01022,2RF04,2RF0400,1,집합투자규약(구. 신탁약관(정관)),1,K55214EX7327,R,시장
20260814,└▶유진챔피언반디불목표전환형증권투자신탁2(채권혼합)ClassA-E,유진자산운용,K55214EX7343,A01022,2RF04,2RF0400,1,집합투자규약(구. 신탁약관(정관)),1,K55214EX7327,R,시장
20260814,└▶유진챔피언반디불목표전환형증권투자신탁2(채권혼합)ClassC,유진자산운용,K55214EX7350,A01022,2RF04,2RF0400,1,집합투자규약(구. 신탁약관(정관)),1,K55214EX7327,R,시장
20260814,└▶유진챔피언반디불목표전환형증권투자신탁2(채권혼합)ClassC-E,유진자산운용,K55214EX7368,A01022,2RF04,2RF0400,1,집합투자규약(구. 신탁약관(정관)),1,K55214EX7327,R,시장
20260814,└▶유진챔피언반디불목표전환형증권투자신탁2(채권혼합)ClassC-F,유진자산운용,K55214EX7392,A01022,2RF04,2RF0400,1,집합투자규약(구. 신탁약관(정관)),1,K55214EX7327,R,시장
20260814,└▶유진챔피언반디불목표전환형증권투자신탁2(채권혼합)ClassC-R,유진자산운용,K55214EX7400,A01022,2RF04,2RF0400,1,집합투자규약(구. 신탁약관(정관)),1,K55214EX7327,R,시장
20260814,└▶유진챔피언반디불목표전환형증권투자신탁2(채권혼합)ClassC-Re,유진자산운용,K55214EX7418,A01022,2RF04,2RF0400,1,집합투자규약(구. 신탁약관(정관)),1,K55214EX7327,R,시장
20260814,└▶유진챔피언반디불목표전환형증권투자신탁2(채권혼합)ClassC-P,유진자산운용,K55214EX7426,A01022,2RF04,2RF0400,1,집합투자규약(구. 신탁약관(정관)),1,K55214EX7327,R,시장
20260814,└▶유진챔피언반디불목표전환형증권투자신탁2(채권혼합)ClassC-Pe,유진자산운용,K55214EX7434,A01022,2RF04,2RF0400,1,집합투자규약(구. 신탁약관(정관)),1,K55214EX7327,R,시장
20260814,BNK튼튼스마트인컴증권투자신탁(채권),비엔케이자산운용,K55240EW7516,A01075,2RF05,2RF0500,1,투자설명서,1,ZZZZZZZZZZZZ,R,시장
20260814,└▶BNK튼튼스마트인컴증권투자신탁(채권)ClassC-F,비엔케이자산운용,K55240EW7748,A01075,2RF05,2RF0500,1,투자설명서,1,K55240EW7516,R,시장
20260814,유진챔피언반디불목표전환형증권투자신탁2(채권혼합),유진자산운용,K55214EX7327,A01022,2RF05,2RF0500,1,투자설명서,1,ZZZZZZZZZZZZ,R,시장
20260814,└▶유진챔피언반디불목표전환형증권투자신탁2(채권혼합)ClassA,유진자산운용,K55214EX7335,A01022,2RF05,2RF0500,1,투자설명서,1,K55214EX7327,R,시장
20260814,└▶유진챔피언반디불목표전환형증권투자신탁2(채권혼합)ClassA-E,유진자산운용,K55214EX7343,A01022,2RF05,2RF0500,1,투자설명서,1,K55214EX7327,R,시장
20260814,└▶유진챔피언반디불목표전환형증권투자신탁2(채권혼합)ClassC,유진자산운용,K55214EX7350,A01022,2RF05,2RF0500,1,투자설명서,1,K55214EX7327,R,시장
20260814,└▶유진챔피언반디불목표전환형증권투자신탁2(채권혼합)ClassC-E,유진자산운용,K55214EX7368,A01022,2RF05,2RF0500,1,투자설명서,1,K55214EX7327,R,시장
20260814,└▶유진챔피언반디불목표전환형증권투자신탁2(채권혼합)ClassC-F,유진자산운용,K55214EX7392,A01022,2RF05,2RF0500,1,투자설명서,1,K55214EX7327,R,시장
20260814,└▶유진챔피언반디불목표전환형증권투자신탁2(채권혼합)ClassC-R,유진자산운용,K55214EX7400,A01022,2RF05,2RF0500,1,투자설명서,1,K55214EX7327,R,시장
20260814,└▶유진챔피언반디불목표전환형증권투자신탁2(채권혼합)ClassC-Re,유진자산운용,K55214EX7418,A01022,2RF05,2RF0500,1,투자설명서,1,K55214EX7327,R,시장
20260814,└▶유진챔피언반디불목표전환형증권투자신탁2(채권혼합)ClassC-P,유진자산운용,K55214EX7426,A01022,2RF05,2RF0500,1,투자설명서,1,K55214EX7327,R,시장
20260814,└▶유진챔피언반디불목표전환형증권투자신탁2(채권혼합)ClassC-Pe,유진자산운용,K55214EX7434,A01022,2RF05,2RF0500,1,투자설명서,1,K55214EX7327,R,시장
20260814,미래에셋밸런스롱숏증권자투자신탁 1(채권혼합),미래에셋자산운용,K55301B27762,A01048,2OF04,2OF0401,2,투자설명서(간이투자설명서 포함) 변경,1,K55301B27762,O,운용
20260814,└▶미래에셋밸런스롱숏증권자투자신탁 1(채권혼합)종류A,미래에셋자산운용,K55301B27788,A01048,2OF04,2OF0401,2,투자설명서(간이투자설명서 포함) 변경,1,K55301B27762,O,운용
20260814,└▶미래에셋밸런스롱숏증권자투자신탁 1(채권혼합)종류A-e,미래에셋자산운용,K55301B27796,A01048,2OF04,2OF0401,2,투자설명서(간이투자설명서 포함) 변경,1,K55301B27762,O,운용
20260814,└▶미래에셋밸런스롱숏증권자투자신탁 1(채권혼합)종류C1,미래에셋자산운용,K55301B27804,A01048,2OF04,2OF0401,2,투자설명서(간이투자설명서 포함) 변경,1,K55301B27762,O,운용
20260814,└▶미래에셋밸런스롱숏증권자투자신탁 1(채권혼합)종류C2,미래에셋자산운용,K55301B27812,A01048,2OF04,2OF0401,2,투자설명서(간이투자설명서 포함) 변경,1,K55301B27762,O,운용
20260814,└▶미래에셋밸런스롱숏증권자투자신탁 1(채권혼합)종류C3,미래에셋자산운용,K55301B27820,A01048,2OF04,2OF0401,2,투자설명서(간이투자설명서 포함) 변경,1,K55301B27762,O,운용
20260814,└▶미래에셋밸런스롱숏증권자투자신탁 1(채권혼합)종류C4,미래에셋자산운용,K55301B27838,A01048,2OF04,2OF0401,2,투자설명서(간이투자설명서 포함) 변경,1,K55301B27762,O,운용
20260814,└▶미래에셋밸런스롱숏증권자투자신탁 1(채권혼합)종류C-e,미래에셋자산운용,K55301B27846,A01048,2OF04,2OF0401,2,투자설명서(간이투자설명서 포함) 변경,1,K55301B27762,O,운용
20260814,└▶미래에셋밸런스롱숏증권자투자신탁 1(채권혼합)종류C-I,미래에셋자산운용,K55301B27861,A01048,2OF04,2OF0401,2,투자설명서(간이투자설명서 포함) 변경,1,K55301B27762,O,운용
20260814,└▶미래에셋밸런스롱숏증권자투자신탁 1(채권혼합)종류F,미래에셋자산운용,K55301B27887,A01048,2OF04,2OF0401,2,투자설명서(간이투자설명서 포함) 변경,1,K55301B27762,O,운용
20260814,└▶미래에셋밸런스롱숏증권자투자신탁 1(채권혼합)종류S,미래에셋자산운용,K55301B27903,A01048,2OF04,2OF0401,2,투자설명서(간이투자설명서 포함) 변경,1,K55301B27762,O,운용
20260814,└▶미래에셋밸런스롱숏증권자투자신탁 1(채권혼합)종류C-P,미래에셋자산운용,K55301B27911,A01048,2OF04,2OF0401,2,투자설명서(간이투자설명서 포함) 변경,1,K55301B27762,O,운용
20260814,└▶미래에셋밸런스롱숏증권자투자신탁 1(채권혼합)종류C-Pe,미래에셋자산운용,K55301B27929,A01048,2OF04,2OF0401,2,투자설명서(간이투자설명서 포함) 변경,1,K55301B27762,O,운용
20260814,└▶미래에셋밸런스롱숏증권자투자신탁 1(채권혼합)종류C-P2,미래에셋자산운용,K55301BF7284,A01048,2OF04,2OF0401,2,투자설명서(간이투자설명서 포함) 변경,1,K55301B27762,O,운용
20260814,└▶미래에셋밸런스롱숏증권자투자신탁 1(채권혼합)종류C-P2e,미래에셋자산운용,K55301BW0023,A01048,2OF04,2OF0401,2,투자설명서(간이투자설명서 포함) 변경,1,K55301B27762,O,운용
20260814,미래에셋코스닥혁신성장증권자투자신탁(주식),미래에셋자산운용,K55301BE5776,A01048,2OF04,2OF0401,2,투자설명서(간이투자설명서 포함) 변경,1,K55301BE5776,O,운용
20260814,└▶미래에셋코스닥혁신성장증권자투자신탁(주식)종류A,미래에셋자산운용,K55301BE5784,A01048,2OF04,2OF0401,2,투자설명서(간이투자설명서 포함) 변경,1,K55301BE5776,O,운용
20260814,└▶미래에셋코스닥혁신성장증권자투자신탁(주식)종류A-e,미래에셋자산운용,K55301BE5792,A01048,2OF04,2OF0401,2,투자설명서(간이투자설명서 포함) 변경,1,K55301BE5776,O,운용
20260814,└▶미래에셋코스닥혁신성장증권자투자신탁(주식)종류C1,미래에셋자산운용,K55301BE5800,A01048,2OF04,2OF0401,2,투자설명서(간이투자설명서 포함) 변경,1,K55301BE5776,O,운용
20260814,└▶미래에셋코스닥혁신성장증권자투자신탁(주식)종류C2,미래에셋자산운용,K55301BE5818,A01048,2OF04,2OF0401,2,투자설명서(간이투자설명서 포함) 변경,1,K55301BE5776,O,운용
20260814,└▶미래에셋코스닥혁신성장증권자투자신탁(주식)종류C3,미래에셋자산운용,K55301BE5826,A01048,2OF04,2OF0401,2,투자설명서(간이투자설명서 포함) 변경,1,K55301BE5776,O,운용
20260814,└▶미래에셋코스닥혁신성장증권자투자신탁(주식)종류C4,미래에셋자산운용,K55301BE5834,A01048,2OF04,2OF0401,2,투자설명서(간이투자설명서 포함) 변경,1,K55301BE5776,O,운용
20260814,└▶미래에셋코스닥혁신성장증권자투자신탁(주식)종류C-e,미래에셋자산운용,K55301BE5842,A01048,2OF04,2OF0401,2,투자설명서(간이투자설명서 포함) 변경,1,K55301BE5776,O,운용
20260814,└▶미래에셋코스닥혁신성장증권자투자신탁(주식)종류C-I,미래에셋자산운용,K55301BE5859,A01048,2OF04,2OF0401,2,투자설명서(간이투자설명서 포함) 변경,1,K55301BE5776,O,운용
20260814,└▶미래에셋코스닥혁신성장증권자투자신탁(주식)종류S,미래에셋자산운용,K55301BE5867,A01048,2OF04,2OF0401,2,투자설명서(간이투자설명서 포함) 변경,1,K55301BE5776,O,운용
20260814,└▶미래에셋코스닥혁신성장증권자투자신탁(주식)종류F,미래에셋자산운용,K55301BE5875,A01048,2OF04,2OF0401,2,투자설명서(간이투자설명서 포함) 변경,1,K55301BE5776,O,운용
20260814,└▶미래에셋코스닥혁신성장증권자투자신탁(주식)종류C-P,미래에셋자산운용,K55301BE5883,A01048,2OF04,2OF0401,2,투자설명서(간이투자설명서 포함) 변경,1,K55301BE5776,O,운용
20260814,└▶미래에셋코스닥혁신성장증권자투자신탁(주식)종류C-Pe,미래에셋자산운용,K55301BE5891,A01048,2OF04,2OF0401,2,투자설명서(간이투자설명서 포함) 변경,1,K55301BE5776,O,운용
20260814,└▶미래에셋코스닥혁신성장증권자투자신탁(주식)종류C-P2,미래에셋자산운용,K55301BE5909,A01048,2OF04,2OF0401,2,투자설명서(간이투자설명서 포함) 변경,1,K55301BE5776,O,운용
20260814,└▶미래에셋코스닥혁신성장증권자투자신탁(주식)종류C-P2e,미래에셋자산운용,K55301BX0196,A01048,2OF04,2OF0401,2,투자설명서(간이투자설명서 포함) 변경,1,K55301BE5776,O,운용
20260814,미래에셋베트남고배당IPO증권자투자신탁(H-USD)(주식-파생형),미래에셋자산운용,K55301CB9358,A01048,2OF04,2OF0401,2,투자설명서(간이투자설명서 포함) 변경,1,K55301CB9358,O,운용
20260814,└▶미래에셋베트남고배당IPO증권자투자신탁(H-USD)(주식-파생형)종류A,미래에셋자산운용,K55301CB9366,A01048,2OF04,2OF0401,2,투자설명서(간이투자설명서 포함) 변경,1,K55301CB9358,O,운용
20260814,└▶미래에셋베트남고배당IPO증권자투자신탁(H-USD)(주식-파생형)종류A-e,미래에셋자산운용,K55301CB9374,A01048,2OF04,2OF0401,2,투자설명서(간이투자설명서 포함) 변경,1,K55301CB9358,O,운용
20260814,└▶미래에셋베트남고배당IPO증권자투자신탁(H-USD)(주식-파생형)종류C1,미래에셋자산운용,K55301CB9382,A01048,2OF04,2OF0401,2,투자설명서(간이투자설명서 포함) 변경,1,K55301CB9358,O,운용
20260814,└▶미래에셋베트남고배당IPO증권자투자신탁(H-USD)(주식-파생형)종류C2,미래에셋자산운용,K55301CB9390,A01048,2OF04,2OF0401,2,투자설명서(간이투자설명서 포함) 변경,1,K55301CB9358,O,운용
20260814,└▶미래에셋베트남고배당IPO증권자투자신탁(H-USD)(주식-파생형)종류C3,미래에셋자산운용,K55301CB9408,A01048,2OF04,2OF0401,2,투자설명서(간이투자설명서 포함) 변경,1,K55301CB9358,O,운용
20260814,└▶미래에셋베트남고배당IPO증권자투자신탁(H-USD)(주식-파생형)종류C4,미래에셋자산운용,K55301CB9416,A01048,2OF04,2OF0401,2,투자설명서(간이투자설명서 포함) 변경,1,K55301CB9358,O,운용
20260814,└▶미래에셋베트남고배당IPO증권자투자신탁(H-USD)(주식-파생형)종류C-e,미래에셋자산운용,K55301CB9424,A01048,2OF04,2OF0401,2,투자설명서(간이투자설명서 포함) 변경,1,K55301CB9358,O,운용
20260814,└▶미래에셋베트남고배당IPO증권자투자신탁(H-USD)(주식-파생형)종류S,미래에셋자산운용,K55301CB9440,A01048,2OF04,2OF0401,2,투자설명서(간이투자설명서 포함) 변경,1,K55301CB9358,O,운용
20260814,└▶미래에셋베트남고배당IPO증권자투자신탁(H-USD)(주식-파생형)종류F,미래에셋자산운용,K55301CB9457,A01048,2OF04,2OF0401,2,투자설명서(간이투자설명서 포함) 변경,1,K55301CB9358,O,운용
20260814,└▶미래에셋베트남고배당IPO증권자투자신탁(H-USD)(주식-파생형)종류C-P,미래에셋자산운용,K55301CB9465,A01048,2OF04,2OF0401,2,투자설명서(간이투자설명서 포함) 변경,1,K55301CB9358,O,운용
20260814,└▶미래에셋베트남고배당IPO증권자투자신탁(H-USD)(주식-파생형)종류C-Pe,미래에셋자산운용,K55301CB9473,A01048,2OF04,2OF0401,2,투자설명서(간이투자설명서 포함) 변경,1,K55301CB9358,O,운용
20260814,미래에셋TIGER미국S&amp;P500타겟데일리커버드콜증권상장지수투자신탁(주식),미래에셋자산운용,K55301EB0231,A01048,2OF04,2OF0401,2,투자설명서(간이투자설명서 포함) 변경,1,K55301EB0231,O,운용
20260814,미래에셋TIGER미국소비트렌드액티브증권상장지수투자신탁(주식),미래에셋자산운용,K55301EH0516,A01048,2OF04,2OF0401,2,투자설명서(간이투자설명서 포함) 변경,1,K55301EH0516,O,운용
20260814,미래에셋퇴직연금펀더멘탈인덱스40증권자투자신탁[채권혼합],미래에셋자산운용,KR5205283264,A01048,2OF04,2OF0401,2,투자설명서(간이투자설명서 포함) 변경,1,KR5205283264,O,운용
20260814,미래에셋퇴직플랜G40증권자투자신탁 1(채권혼합),미래에셋자산운용,KR5301536185,A01048,2OF04,2OF0401,2,투자설명서(간이투자설명서 포함) 변경,1,KR5301536185,O,운용
20260814,└▶미래에셋퇴직플랜G40증권자투자신탁 1(채권혼합) 종류C,미래에셋자산운용,K55301BV2517,A01048,2OF04,2OF0401,2,투자설명서(간이투자설명서 포함) 변경,1,KR5301536185,O,운용
20260814,└▶미래에셋퇴직플랜G40증권자투자신탁 1(채권혼합)종류C-P2e,미래에셋자산운용,K55301BV2525,A01048,2OF04,2OF0401,2,투자설명서(간이투자설명서 포함) 변경,1,KR5301536185,O,운용
20260814,미래에셋퇴직플랜G30증권자투자신탁 1(채권혼합),미래에셋자산운용,KR5301541912,A01048,2OF04,2OF0401,2,투자설명서(간이투자설명서 포함) 변경,1,KR5301541912,O,운용
20260814,└▶미래에셋퇴직플랜G30증권자투자신탁 1(채권혼합) 종류C,미래에셋자산운용,K55301BV2491,A01048,2OF04,2OF0401,2,투자설명서(간이투자설명서 포함) 변경,1,KR5301541912,O,운용
20260814,└▶미래에셋퇴직플랜G30증권자투자신탁 1(채권혼합)종류C-P2e,미래에셋자산운용,K55301BV2509,A01048,2OF04,2OF0401,2,투자설명서(간이투자설명서 포함) 변경,1,KR5301541912,O,운용
20260814,미래에셋퇴직플랜G20증권자투자신탁 1(채권혼합),미래에셋자산운용,KR5301543157,A01048,2OF04,2OF0401,2,투자설명서(간이투자설명서 포함) 변경,1,KR5301543157,O,운용
20260814,미래에셋퇴직플랜G증권자투자신탁 1(주식),미래에셋자산운용,KR5301551051,A01048,2OF04,2OF0401,2,투자설명서(간이투자설명서 포함) 변경,1,KR5301551051,O,운용
20260814,└▶미래에셋퇴직플랜G증권자투자신탁 1(주식) 종류C,미래에셋자산운용,K55301BV2533,A01048,2OF04,2OF0401,2,투자설명서(간이투자설명서 포함) 변경,1,KR5301551051,O,운용
20260814,└▶미래에셋퇴직플랜G증권자투자신탁 1(주식)종류C-P2e,미래에셋자산운용,K55301BV2566,A01048,2OF04,2OF0401,2,투자설명서(간이투자설명서 포함) 변경,1,KR5301551051,O,운용
20260814,미래에셋퇴직플랜G증권자투자신탁 1(주식혼합),미래에셋자산운용,KR5301551069,A01048,2OF04,2OF0401,2,투자설명서(간이투자설명서 포함) 변경,1,KR5301551069,O,운용
20260814,미래에셋퇴직플랜G증권자투자신탁 1(채권혼합),미래에셋자산운용,KR5301551077,A01048,2OF04,2OF0401,2,투자설명서(간이투자설명서 포함) 변경,1,KR5301551077,O,운용
20260814,└▶미래에셋퇴직플랜G증권자투자신탁 1(채권혼합) 종류C,미래에셋자산운용,K55301BV2574,A01048,2OF04,2OF0401,2,투자설명서(간이투자설명서 포함) 변경,1,KR5301551077,O,운용
20260814,└▶미래에셋퇴직플랜G증권자투자신탁 1(채권혼합)종류C-P2e,미래에셋자산운용,K55301BV2582,A01048,2OF04,2OF0401,2,투자설명서(간이투자설명서 포함) 변경,1,KR5301551077,O,운용
20260814,미래에셋퇴직플랜G10증권자투자신탁 1(채권혼합),미래에셋자산운용,KR5301557876,A01048,2OF04,2OF0401,2,투자설명서(간이투자설명서 포함) 변경,1,KR5301557876,O,운용
20260814,미래에셋글로벌그레이트컨슈머증권자투자신탁 1(주식),미래에셋자산운용,KR5301694034,A01048,2OF04,2OF0401,2,투자설명서(간이투자설명서 포함) 변경,1,KR5301694034,O,운용
20260814,└▶미래에셋글로벌그레이트컨슈머증권자투자신탁 1(주식)종류A,미래에셋자산운용,KR5301694042,A01048,2OF04,2OF0401,2,투자설명서(간이투자설명서 포함) 변경,1,KR5301694034,O,운용
20260814,└▶미래에셋글로벌그레이트컨슈머증권자투자신탁 1(주식)종류C1,미래에셋자산운용,KR5301694059,A01048,2OF04,2OF0401,2,투자설명서(간이투자설명서 포함) 변경,1,KR5301694034,O,운용
20260814,└▶미래에셋글로벌그레이트컨슈머증권자투자신탁 1(주식)종류C-i,미래에셋자산운용,KR5301933572,A01048,2OF04,2OF0401,2,투자설명서(간이투자설명서 포함) 변경,1,KR5301694034,O,운용
20260814,└▶미래에셋글로벌그레이트컨슈머증권자투자신탁 1(주식)종류C2,미래에셋자산운용,KR5301984187,A01048,2OF04,2OF0401,2,투자설명서(간이투자설명서 포함) 변경,1,KR5301694034,O,운용
20260814,└▶미래에셋글로벌그레이트컨슈머증권자투자신탁 1(주식)종류C3,미래에셋자산운용,KR5301984203,A01048,2OF04,2OF0401,2,투자설명서(간이투자설명서 포함) 변경,1,KR5301694034,O,운용
20260814,└▶미래에셋글로벌그레이트컨슈머증권자투자신탁 1(주식)종류C4,미래에셋자산운용,KR5301984211,A01048,2OF04,2OF0401,2,투자설명서(간이투자설명서 포함) 변경,1,KR5301694034,O,운용
20260814,└▶미래에셋글로벌그레이트컨슈머증권자투자신탁 1(주식)종류C5,미래에셋자산운용,KR5301984237,A01048,2OF04,2OF0401,2,투자설명서(간이투자설명서 포함) 변경,1,KR5301694034,O,운용
20260814,└▶미래에셋글로벌그레이트컨슈머증권자투자신탁 1(주식)종류F,미래에셋자산운용,KR5301A68400,A01048,2OF04,2OF0401,2,투자설명서(간이투자설명서 포함) 변경,1,KR5301694034,O,운용
20260814,└▶미래에셋글로벌그레이트컨슈머증권자투자신탁 1(주식)종류A-e,미래에셋자산운용,KR5301AB4437,A01048,2OF04,2OF0401,2,투자설명서(간이투자설명서 포함) 변경,1,KR5301694034,O,운용
20260814,└▶미래에셋글로벌그레이트컨슈머증권자투자신탁 1(주식)종류C-e,미래에셋자산운용,KR5301AB4999,A01048,2OF04,2OF0401,2,투자설명서(간이투자설명서 포함) 변경,1,KR5301694034,O,운용
20260814,└▶미래에셋글로벌그레이트컨슈머증권자투자신탁 1(주식)종류S,미래에셋자산운용,KR5301AQ6609,A01048,2OF04,2OF0401,2,투자설명서(간이투자설명서 포함) 변경,1,KR5301694034,O,운용
20260814,미래에셋글로벌그레이트컨슈머30증권자투자신탁 1(채권혼합),미래에셋자산운용,KR5301864934,A01048,2OF04,2OF0401,2,투자설명서(간이투자설명서 포함) 변경,1,KR5301864934,O,운용
20260814,└▶미래에셋글로벌그레이트컨슈머30증권자투자신탁 1(채권혼합)종류C-Pe,미래에셋자산운용,K55301B95314,A01048,2OF04,2OF0401,2,투자설명서(간이투자설명서 포함) 변경,1,KR5301864934,O,운용
20260814,└▶미래에셋글로벌그레이트컨슈머30증권자투자신탁 1(채권혼합)종류A,미래에셋자산운용,KR5301864942,A01048,2OF04,2OF0401,2,투자설명서(간이투자설명서 포함) 변경,1,KR5301864934,O,운용
20260814,└▶미래에셋글로벌그레이트컨슈머30증권자투자신탁 1(채권혼합)종류A-e,미래에셋자산운용,KR5301940882,A01048,2OF04,2OF0401,2,투자설명서(간이투자설명서 포함) 변경,1,KR5301864934,O,운용
20260814,└▶미래에셋글로벌그레이트컨슈머30증권자투자신탁 1(채권혼합)종류C,미래에셋자산운용,KR5301940890,A01048,2OF04,2OF0401,2,투자설명서(간이투자설명서 포함) 변경,1,KR5301864934,O,운용
20260814,└▶미래에셋글로벌그레이트컨슈머30증권자투자신탁 1(채권혼합)종류C-e,미래에셋자산운용,KR5301940908,A01048,2OF04,2OF0401,2,투자설명서(간이투자설명서 포함) 변경,1,KR5301864934,O,운용
20260814,└▶미래에셋글로벌그레이트컨슈머30증권자투자신탁 1(채권혼합)종류F,미래에셋자산운용,KR5301AP0512,A01048,2OF04,2OF0401,2,투자설명서(간이투자설명서 포함) 변경,1,KR5301864934,O,운용
20260814,└▶미래에셋글로벌그레이트컨슈머30증권자투자신탁 1(채권혼합)종류C-P,미래에셋자산운용,KR5301AP0520,A01048,2OF04,2OF0401,2,투자설명서(간이투자설명서 포함) 변경,1,KR5301864934,O,운용
20260814,미래에셋퇴직플랜글로벌그레이트컨슈머증권자투자신탁 1(주식),미래에셋자산운용,KR5301A53196,A01048,2OF04,2OF0401,2,투자설명서(간이투자설명서 포함) 변경,1,KR5301A53196,O,운용
20260814,└▶미래에셋퇴직플랜글로벌그레이트컨슈머증권자투자신탁 1(주식) 종류C-P2e,미래에셋자산운용,K55301BV3077,A01048,2OF04,2OF0401,2,투자설명서(간이투자설명서 포함) 변경,1,KR5301A53196,O,운용
20260814,└▶미래에셋퇴직플랜글로벌그레이트컨슈머증권자투자신탁 1(주식)종류C,미래에셋자산운용,KR5301A53204,A01048,2OF04,2OF0401,2,투자설명서(간이투자설명서 포함) 변경,1,KR5301A53196,O,운용
20260814,└▶미래에셋퇴직플랜글로벌그레이트컨슈머증권자투자신탁 1(주식)종류C-F,미래에셋자산운용,KR5301A53212,A01048,2OF04,2OF0401,2,투자설명서(간이투자설명서 포함) 변경,1,KR5301A53196,O,운용
20260814,미래에셋퇴직플랜글로벌그레이트컨슈머40증권자투자신탁 1[채권혼합],미래에셋자산운용,KR5301A53253,A01048,2OF04,2OF0401,2,투자설명서(간이투자설명서 포함) 변경,1,KR5301A53253,O,운용
20260814,└▶미래에셋퇴직플랜글로벌그레이트컨슈머40증권자투자신탁 1(채권혼합)종류C-P2e,미래에셋자산운용,K55301BU3003,A01048,2OF04,2OF0401,2,투자설명서(간이투자설명서 포함) 변경,1,KR5301A53253,O,운용
20260814,└▶미래에셋퇴직플랜글로벌그레이트컨슈머40증권자투자신탁 1[채권혼합]종류C,미래에셋자산운용,KR5301A53261,A01048,2OF04,2OF0401,2,투자설명서(간이투자설명서 포함) 변경,1,KR5301A53253,O,운용
20260814,└▶미래에셋퇴직플랜글로벌그레이트컨슈머40증권자투자신탁 1[채권혼합]종류C-F,미래에셋자산운용,KR5301A53279,A01048,2OF04,2OF0401,2,투자설명서(간이투자설명서 포함) 변경,1,KR5301A53253,O,운용
20260814,미래에셋글로벌그레이트컨슈머연금증권전환형자투자신탁 1(주식),미래에셋자산운용,KR5301A69077,A01048,2OF04,2OF0401,2,투자설명서(간이투자설명서 포함) 변경,1,KR5301A69077,O,운용
20260814,└▶미래에셋글로벌그레이트컨슈머연금증권전환형자투자신탁 1(주식)종류C,미래에셋자산운용,KR5301AT1920,A01048,2OF04,2OF0401,2,투자설명서(간이투자설명서 포함) 변경,1,KR5301A69077,O,운용
20260814,└▶미래에셋글로벌그레이트컨슈머연금증권전환형자투자신탁 1(주식)종류C-e,미래에셋자산운용,KR5301AT1938,A01048,2OF04,2OF0401,2,투자설명서(간이투자설명서 포함) 변경,1,KR5301A69077,O,운용
20260814,└▶미래에셋글로벌그레이트컨슈머연금증권전환형자투자신탁 1(주식)종류S-P,미래에셋자산운용,KR5301AT1953,A01048,2OF04,2OF0401,2,투자설명서(간이투자설명서 포함) 변경,1,KR5301A69077,O,운용
20260814,미래에셋재형글로벌그레이트컨슈머증권자투자신탁 1(채권혼합),미래에셋자산운용,KR5301AG0810,A01048,2OF04,2OF0401,2,투자설명서(간이투자설명서 포함) 변경,1,KR5301AG0810,O,운용
20260814,미래에셋개인연금글로벌그레이트컨슈머증권전환형자투자신탁 1(주식),미래에셋자산운용,KR5301AL4377,A01048,2OF04,2OF0401,2,투자설명서(간이투자설명서 포함) 변경,1,KR5301AL4377,O,운용
20260814,미래에셋개인연금글로벌그레이트컨슈머30증권전환형자투자신탁 1(채권혼합),미래에셋자산운용,KR5301AP0538,A01048,2OF04,2OF0401,2,투자설명서(간이투자설명서 포함) 변경,1,KR5301AP0538,O,운용
20260814,미래에셋소득공제장기컨슈머G증권전환형자투자신탁 1(주식),미래에셋자산운용,KR5301AQ0420,A01048,2OF04,2OF0401,2,투자설명서(간이투자설명서 포함) 변경,1,KR5301AQ0420,O,운용
20260814,└▶미래에셋소득공제장기컨슈머G증권전환형자투자신탁 1(주식)종류C,미래에셋자산운용,KR5301AQ0438,A01048,2OF04,2OF0401,2,투자설명서(간이투자설명서 포함) 변경,1,KR5301AQ0420,O,운용
20260814,└▶미래에셋소득공제장기컨슈머G증권전환형자투자신탁 1(주식)종류C-e,미래에셋자산운용,KR5301AQ0446,A01048,2OF04,2OF0401,2,투자설명서(간이투자설명서 포함) 변경,1,KR5301AQ0420,O,운용
20260814,신한퇴직연금POP펀드셀렉션증권자투자신탁[주식-재간접형](종류),신한자산운용,K55210B44992,A01018,2OF04,2OF0401,2,투자설명서(간이투자설명서 포함) 변경,1,K55210B44992,O,운용
20260814,└▶신한퇴직연금POP펀드셀렉션증권자투자신탁[주식-재간접형](종류C1),신한자산운용,K55210BU1668,A01018,2OF04,2OF0401,2,투자설명서(간이투자설명서 포함) 변경,1,K55210B44992,O,운용
20260814,└▶신한퇴직연금POP펀드셀렉션증권자투자신탁[주식-재간접형](종류C-e),신한자산운용,K55210BU1676,A01018,2OF04,2OF0401,2,투자설명서(간이투자설명서 포함) 변경,1,K55210B44992,O,운용
20260814,신한중국본토증권자투자신탁2(H)[주식](종류),신한자산운용,K55210B53415,A01018,2OF04,2OF0401,2,투자설명서(간이투자설명서 포함) 변경,1,K55210B53415,O,운용
20260814,└▶신한중국본토코어액티브증권자투자신탁2(H)[주식](종류A1),신한자산운용,K55210B53423,A01018,2OF04,2OF0401,2,투자설명서(간이투자설명서 포함) 변경,1,K55210B53415,O,운용
20260814,└▶신한중국본토코어액티브증권자투자신탁2(H)[주식](종류A-e),신한자산운용,K55210B53431,A01018,2OF04,2OF0401,2,투자설명서(간이투자설명서 포함) 변경,1,K55210B53415,O,운용
20260814,└▶신한중국본토증권자투자신탁 2(H)[주식](종류C1),신한자산운용,K55210B53449,A01018,2OF04,2OF0401,2,투자설명서(간이투자설명서 포함) 변경,1,K55210B53415,O,운용
20260814,└▶신한중국본토증권자투자신탁 2(H)[주식](종류C2),신한자산운용,K55210B53456,A01018,2OF04,2OF0401,2,투자설명서(간이투자설명서 포함) 변경,1,K55210B53415,O,운용
20260814,└▶신한중국본토증권자투자신탁 2(H)[주식](종류C3),신한자산운용,K55210B53464,A01018,2OF04,2OF0401,2,투자설명서(간이투자설명서 포함) 변경,1,K55210B53415,O,운용
20260814,└▶신한중국본토코어액티브증권자투자신탁2(H)[주식](종류C4),신한자산운용,K55210B53472,A01018,2OF04,2OF0401,2,투자설명서(간이투자설명서 포함) 변경,1,K55210B53415,O,운용
20260814,└▶신한중국본토코어액티브증권자투자신탁2(H)[주식](종류C-e),신한자산운용,K55210B53480,A01018,2OF04,2OF0401,2,투자설명서(간이투자설명서 포함) 변경,1,K55210B53415,O,운용
20260814,신한연금저축POP펀드셀렉션증권자투자신탁[주식-재간접형],신한자산운용,K55210B57788,A01018,2OF04,2OF0401,2,투자설명서(간이투자설명서 포함) 변경,1,K55210B57788,O,운용
20260814,└▶신한연금저축POP펀드셀렉션증권자투자신탁[주식-재간접형](종류C1),신한자산운용,K55210B57796,A01018,2OF04,2OF0401,2,투자설명서(간이투자설명서 포함) 변경,1,K55210B57788,O,운용
20260814,└▶신한연금저축POP펀드셀렉션증권자투자신탁[주식-재간접형](종류C-e),신한자산운용,K55210B57804,A01018,2OF04,2OF0401,2,투자설명서(간이투자설명서 포함) 변경,1,K55210B57788,O,운용
20260814,신한연금저축POP펀드셀렉션40증권자투자신탁[채권혼합-재간접형],신한자산운용,K55210B57820,A01018,2OF04,2OF0401,2,투자설명서(간이투자설명서 포함) 변경,1,K55210B57820,O,운용
20260814,└▶신한연금저축POP펀드셀렉션40증권자투자신탁[채권혼합-재간접형](종류C1),신한자산운용,K55210B57838,A01018,2OF04,2OF0401,2,투자설명서(간이투자설명서 포함) 변경,1,K55210B57820,O,운용
20260814,└▶신한연금저축POP펀드셀렉션40증권자투자신탁[채권혼합-재간접형](종류C-e),신한자산운용,K55210B57846,A01018,2OF04,2OF0401,2,투자설명서(간이투자설명서 포함) 변경,1,K55210B57820,O,운용
20260814,신한패러다임코리아증권자투자신탁3[주식],신한자산운용,KR5210503219,A01018,2OF04,2OF0401,2,투자설명서(간이투자설명서 포함) 변경,1,KR5210503219,O,운용
20260814,└▶신한패러다임코리아증권자투자신탁3[주식](종류A1),신한자산운용,KR5210AK0723,A01018,2OF04,2OF0401,2,투자설명서(간이투자설명서 포함) 변경,1,KR5210503219,O,운용
20260814,└▶신한뉴그로스중소형주증권자투자신탁 3[주식](종류A-e),신한자산운용,KR5210AK0731,A01018,2OF04,2OF0401,2,투자설명서(간이투자설명서 포함) 변경,1,KR5210503219,O,운용
20260814,└▶신한중소형주알파증권자투자신탁3[주식](종류C-i),신한자산운용,KR5210AK0749,A01018,2OF04,2OF0401,2,투자설명서(간이투자설명서 포함) 변경,1,KR5210503219,O,운용
20260814,└▶신한패러다임코리아증권자투자신탁3[주식](종류S),신한자산운용,KR5210AQ3820,A01018,2OF04,2OF0401,2,투자설명서(간이투자설명서 포함) 변경,1,KR5210503219,O,운용
20260814,신한중남미플러스증권자투자신탁(H)[주식](종류),신한자산운용,KR5210671693,A01018,2OF04,2OF0401,2,투자설명서(간이투자설명서 포함) 변경,1,KR5210671693,O,운용
20260814,└▶신한중남미플러스증권자투자신탁(H)[주식](종류C1),신한자산운용,KR5210671701,A01018,2OF04,2OF0401,2,투자설명서(간이투자설명서 포함) 변경,1,KR5210671693,O,운용
20260814,└▶신한중남미플러스증권자투자신탁(H)[주식](종류A 1),신한자산운용,KR5210672154,A01018,2OF04,2OF0401,2,투자설명서(간이투자설명서 포함) 변경,1,KR5210671693,O,운용
20260814,└▶신한중남미플러스증권자투자신탁(H)[주식](종류C-I),신한자산운용,KR5210710632,A01018,2OF04,2OF0401,2,투자설명서(간이투자설명서 포함) 변경,1,KR5210671693,O,운용
20260814,└▶신한중남미플러스증권자투자신탁(H)[주식](종류C2),신한자산운용,KR5210997759,A01018,2OF04,2OF0401,2,투자설명서(간이투자설명서 포함) 변경,1,KR5210671693,O,운용
20260814,└▶신한중남미플러스증권자투자신탁(H)[주식](종류C3),신한자산운용,KR5210997767,A01018,2OF04,2OF0401,2,투자설명서(간이투자설명서 포함) 변경,1,KR5210671693,O,운용
20260814,└▶신한중남미플러스증권자투자신탁(H)[주식](종류C4),신한자산운용,KR5210998153,A01018,2OF04,2OF0401,2,투자설명서(간이투자설명서 포함) 변경,1,KR5210671693,O,운용
20260814,└▶신한중남미플러스증권자투자신탁(H)[주식](종류C 5),신한자산운용,KR5210998161,A01018,2OF04,2OF0401,2,투자설명서(간이투자설명서 포함) 변경,1,KR5210671693,O,운용
20260814,└▶신한중남미플러스증권자투자신탁(H)[주식](종류A-e),신한자산운용,KR5210AM6819,A01018,2OF04,2OF0401,2,투자설명서(간이투자설명서 포함) 변경,1,KR5210671693,O,운용
20260814,└▶신한중남미플러스증권자투자신탁(H)[주식](종류C-e),신한자산운용,KR5210AM6827,A01018,2OF04,2OF0401,2,투자설명서(간이투자설명서 포함) 변경,1,KR5210671693,O,운용
20260814,└▶신한중남미플러스증권자투자신탁(H)[주식](종류C-w),신한자산운용,KR5210AM6835,A01018,2OF04,2OF0401,2,투자설명서(간이투자설명서 포함) 변경,1,KR5210671693,O,운용
20260814,└▶신한중남미플러스증권자투자신탁(H)[주식](종류S),신한자산운용,KR5210AQ7854,A01018,2OF04,2OF0401,2,투자설명서(간이투자설명서 포함) 변경,1,KR5210671693,O,운용
20260814,신한패러다임코리아증권자투자신탁2[주식],신한자산운용,KR5210964023,A01018,2OF04,2OF0401,2,투자설명서(간이투자설명서 포함) 변경,1,KR5210964023,O,운용
20260814,└▶신한중소형주알파증권자투자신탁2[주식](종류C1),신한자산운용,KR5210503201,A01018,2OF04,2OF0401,2,투자설명서(간이투자설명서 포함) 변경,1,KR5210964023,O,운용
20260814,└▶신한패러다임코리아증권자투자신탁2[주식](종류C2),신한자산운용,KR5210964031,A01018,2OF04,2OF0401,2,투자설명서(간이투자설명서 포함) 변경,1,KR5210964023,O,운용
20260814,└▶신한패러다임코리아증권자투자신탁2[주식](종류C3),신한자산운용,KR5210964049,A01018,2OF04,2OF0401,2,투자설명서(간이투자설명서 포함) 변경,1,KR5210964023,O,운용
20260814,└▶신한패러다임코리아증권자투자신탁2[주식](종류C4),신한자산운용,KR5210964056,A01018,2OF04,2OF0401,2,투자설명서(간이투자설명서 포함) 변경,1,KR5210964023,O,운용
20260814,└▶신한패러다임코리아증권자투자신탁2[주식](종류C5),신한자산운용,KR5210964064,A01018,2OF04,2OF0401,2,투자설명서(간이투자설명서 포함) 변경,1,KR5210964023,O,운용
20260814,신한재형차이나오퍼튜니티증권자투자신탁(H)[주식],신한자산운용,KR5210AG1123,A01018,2OF04,2OF0401,2,투자설명서(간이투자설명서 포함) 변경,1,KR5210AG1123,O,운용
20260814,신한재형동남아시아증권자투자신탁(H)[주식],신한자산운용,KR5210AG1354,A01018,2OF04,2OF0401,2,투자설명서(간이투자설명서 포함) 변경,1,KR5210AG1354,O,운용
20260814,신한재형좋은아침희망60증권자투자신탁[주식혼합],신한자산운용,KR5210AG2261,A01018,2OF04,2OF0401,2,투자설명서(간이투자설명서 포함) 변경,1,KR5210AG2261,O,운용
20260814,신한퇴직연금좋은아침희망40증권자투자신탁[채권혼합](종류),신한자산운용,KR5210AG3103,A01018,2OF04,2OF0401,2,투자설명서(간이투자설명서 포함) 변경,1,KR5210AG3103,O,운용
20260814,└▶신한퇴직연금좋은아침희망40증권자투자신탁[채권혼합](종류C1),신한자산운용,K55210BT8534,A01018,2OF04,2OF0401,2,투자설명서(간이투자설명서 포함) 변경,1,KR5210AG3103,O,운용
20260814,└▶신한퇴직연금좋은아침희망40증권자투자신탁[채권혼합](종류C-e),신한자산운용,K55210BT8542,A01018,2OF04,2OF0401,2,투자설명서(간이투자설명서 포함) 변경,1,KR5210AG3103,O,운용
20260814,신한상대가치장기국공채증권자투자신탁 1[채권](종류),신한자산운용,KR5210AR3720,A01018,2OF04,2OF0401,2,투자설명서(간이투자설명서 포함) 변경,1,KR5210AR3720,O,운용
20260814,└▶신한상대가치장기국공채증권자투자신탁 1[채권](종류C-re),신한자산운용,K55210BU1940,A01018,2OF04,2OF0401,2,투자설명서(간이투자설명서 포함) 변경,1,KR5210AR3720,O,운용
20260814,└▶신한상대가치장기국공채증권자투자신탁 1[채권](종류C-pe),신한자산운용,K55210BU1965,A01018,2OF04,2OF0401,2,투자설명서(간이투자설명서 포함) 변경,1,KR5210AR3720,O,운용
20260814,└▶신한상대가치장기국공채증권자투자신탁 1[채권](종류S-R),신한자산운용,K55210EG4592,A01018,2OF04,2OF0401,2,투자설명서(간이투자설명서 포함) 변경,1,KR5210AR3720,O,운용
20260814,└▶신한상대가치장기국공채증권자투자신탁 1[채권](종류C-i),신한자산운용,KR5210AR3779,A01018,2OF04,2OF0401,2,투자설명서(간이투자설명서 포함) 변경,1,KR5210AR3720,O,운용
20260814,└▶신한상대가치장기국공채증권자투자신탁 1[채권](종류C-r),신한자산운용,KR5210AR3795,A01018,2OF04,2OF0401,2,투자설명서(간이투자설명서 포함) 변경,1,KR5210AR3720,O,운용
20260814,└▶신한상대가치장기국공채증권자투자신탁 1[채권](종류C-p),신한자산운용,KR5210AR3803,A01018,2OF04,2OF0401,2,투자설명서(간이투자설명서 포함) 변경,1,KR5210AR3720,O,운용
20260814,└▶신한상대가치장기국공채증권자투자신탁 1[채권](종류S),신한자산운용,KR5210AR3811,A01018,2OF04,2OF0401,2,투자설명서(간이투자설명서 포함) 변경,1,KR5210AR3720,O,운용
20260814,└▶신한상대가치장기국공채증권자투자신탁 1[채권](종류S-P),신한자산운용,KR5210AR3829,A01018,2OF04,2OF0401,2,투자설명서(간이투자설명서 포함) 변경,1,KR5210AR3720,O,운용
20260814,신한엄마사랑어린이이머징스타증권자투자신탁 1(H)[주식](종류),신한자산운용,KR5219815515,A01018,2OF04,2OF0401,2,투자설명서(간이투자설명서 포함) 변경,1,KR5219815515,O,운용
20260814,└▶신한엄마사랑어린이이머징스타증권자투자신탁 1(H)[주식](종류A),신한자산운용,KR5219826835,A01018,2OF04,2OF0401,2,투자설명서(간이투자설명서 포함) 변경,1,KR5219815515,O,운용
20260814,└▶신한엄마사랑어린이이머징스타증권자투자신탁 1(H)[주식](종류C),신한자산운용,KR5219826843,A01018,2OF04,2OF0401,2,투자설명서(간이투자설명서 포함) 변경,1,KR5219815515,O,운용
20260814,└▶신한엄마사랑어린이이머징스타증권자투자신탁 1(H)[주식](종류C-e),신한자산운용,KR5219826850,A01018,2OF04,2OF0401,2,투자설명서(간이투자설명서 포함) 변경,1,KR5219815515,O,운용
20260814,IBK SaveAsset가치형롱숏증권자투자신탁[채권혼합],아이비케이자산운용,K55234BB1648,A01042,2OF04,2OF0401,2,투자설명서(간이투자설명서 포함) 변경,1,K55234BB1648,O,운용
20260814,└▶IBK SaveAsset가치형롱숏증권자투자신탁[채권혼합]종류C-W,아이비케이자산운용,K55234BB1671,A01042,2OF04,2OF0401,2,투자설명서(간이투자설명서 포함) 변경,1,K55234BB1648,O,운용
20260814,IBK SaveAsset단기국공채증권자투자신탁[채권],아이비케이자산운용,K55234BB1689,A01042,2OF04,2OF0401,2,투자설명서(간이투자설명서 포함) 변경,1,K55234BB1689,O,운용
20260814,└▶IBK SaveAsset단기국공채증권자투자신탁[채권]종류C-W,아이비케이자산운용,K55234BB1739,A01042,2OF04,2OF0401,2,투자설명서(간이투자설명서 포함) 변경,1,K55234BB1689,O,운용
20260814,IBK SaveAsset국공채증권자투자신탁[채권],아이비케이자산운용,K55234BB1747,A01042,2OF04,2OF0401,2,투자설명서(간이투자설명서 포함) 변경,1,K55234BB1747,O,운용
20260814,└▶IBK SaveAsset국공채증권자투자신탁[채권]종류C-W,아이비케이자산운용,K55234BB1770,A01042,2OF04,2OF0401,2,투자설명서(간이투자설명서 포함) 변경,1,K55234BB1747,O,운용
20260814,IBKSaveAsset단기채증권자투자신탁[채권],아이비케이자산운용,K55234BB1788,A01042,2OF04,2OF0401,2,투자설명서(간이투자설명서 포함) 변경,1,K55234BB1788,O,운용
20260814,└▶IBKSaveAsset단기채증권자투자신탁[채권]종류C-W,아이비케이자산운용,K55234BB1812,A01042,2OF04,2OF0401,2,투자설명서(간이투자설명서 포함) 변경,1,K55234BB1788,O,운용
20260814,IBK SaveAsset중소형주코리아20 증권자투자신탁[채권혼합],아이비케이자산운용,K55234BB1820,A01042,2OF04,2OF0401,2,투자설명서(간이투자설명서 포함) 변경,1,K55234BB1820,O,운용
20260814,└▶IBK SaveAsset중소형주코리아20증권자투자신탁[채권혼합]종류C-W,아이비케이자산운용,K55234BB1853,A01042,2OF04,2OF0401,2,투자설명서(간이투자설명서 포함) 변경,1,K55234BB1820,O,운용
20260814,IBKKOSPI200인덱스청년형소득공제증권자투자신탁[주식],아이비케이자산운용,K55234E02291,A01042,2OF04,2OF0401,2,투자설명서(간이투자설명서 포함) 변경,1,K55234E02291,O,운용
20260814,└▶IBKKOSPI200인덱스청년형소득공제증권자투자신탁[주식]A,아이비케이자산운용,K55234E02309,A01042,2OF04,2OF0401,2,투자설명서(간이투자설명서 포함) 변경,1,K55234E02291,O,운용
20260814,└▶IBKKOSPI200인덱스청년형소득공제증권자투자신탁[주식]Ae,아이비케이자산운용,K55234E02317,A01042,2OF04,2OF0401,2,투자설명서(간이투자설명서 포함) 변경,1,K55234E02291,O,운용
20260814,└▶IBKKOSPI200인덱스청년형소득공제증권자투자신탁[주식]C,아이비케이자산운용,K55234E02325,A01042,2OF04,2OF0401,2,투자설명서(간이투자설명서 포함) 변경,1,K55234E02291,O,운용
20260814,└▶IBKKOSPI200인덱스청년형소득공제증권자투자신탁[주식]Ce,아이비케이자산운용,K55234E02333,A01042,2OF04,2OF0401,2,투자설명서(간이투자설명서 포함) 변경,1,K55234E02291,O,운용
20260814,IBK골드마이닝증권자투자신탁 2 [주식],아이비케이자산운용,KR5234809295,A01042,2OF04,2OF0401,2,투자설명서(간이투자설명서 포함) 변경,1,KR5234809295,O,운용
20260814,└▶IBK글로벌에너지원자재증권자투자신탁[주식]C 3,아이비케이자산운용,KR5234809972,A01042,2OF04,2OF0401,2,투자설명서(간이투자설명서 포함) 변경,1,KR5234809295,O,운용
20260814,└▶IBK골드마이닝증권자투자신탁 2 [주식] 종류 A,아이비케이자산운용,KR5234831992,A01042,2OF04,2OF0401,2,투자설명서(간이투자설명서 포함) 변경,1,KR5234809295,O,운용
20260814,└▶IBK골드마이닝증권자투자신탁 2 [주식] 종류 C1,아이비케이자산운용,KR5234832008,A01042,2OF04,2OF0401,2,투자설명서(간이투자설명서 포함) 변경,1,KR5234809295,O,운용
20260814,└▶IBK골드마이닝증권자투자신탁 2 [주식] 종류 Ce,아이비케이자산운용,KR5234832016,A01042,2OF04,2OF0401,2,투자설명서(간이투자설명서 포함) 변경,1,KR5234809295,O,운용
20260814,└▶IBK골드마이닝증권자투자신탁 2 [주식] 종류 S,아이비케이자산운용,KR5234AQ6833,A01042,2OF04,2OF0401,2,투자설명서(간이투자설명서 포함) 변경,1,KR5234809295,O,운용
20260814,IBK재형삼성그룹증권자투자신탁[채권혼합],아이비케이자산운용,KR5234AG2099,A01042,2OF04,2OF0401,2,투자설명서(간이투자설명서 포함) 변경,1,KR5234AG2099,O,운용
20260814,우리PIMCO글로벌투자등급증권자투자신탁[채권_재간접형](UH)_운용,우리자산운용,K55228CR8600,A01007,2OF04,2OF0401,2,투자설명서(간이투자설명서 포함) 변경,1,K55228CR8600,O,운용
20260814,└▶우리PIMCO글로벌투자등급증권자투자신탁[채권_재간접형](UH)ClassA,우리자산운용,K55228CR8618,A01007,2OF04,2OF0401,2,투자설명서(간이투자설명서 포함) 변경,1,K55228CR8600,O,운용
20260814,└▶우리PIMCO글로벌투자등급증권자투자신탁[채권_재간접형](UH)ClassA(E),우리자산운용,K55228CR8626,A01007,2OF04,2OF0401,2,투자설명서(간이투자설명서 포함) 변경,1,K55228CR8600,O,운용
20260814,└▶우리PIMCO글로벌투자등급증권자투자신탁[채권_재간접형](UH)ClassC,우리자산운용,K55228CR8634,A01007,2OF04,2OF0401,2,투자설명서(간이투자설명서 포함) 변경,1,K55228CR8600,O,운용
20260814,└▶우리PIMCO글로벌투자등급증권자투자신탁[채권_재간접형](UH)ClassC(E),우리자산운용,K55228CR8642,A01007,2OF04,2OF0401,2,투자설명서(간이투자설명서 포함) 변경,1,K55228CR8600,O,운용
20260814,└▶우리PIMCO글로벌투자등급증권자투자신탁[채권_재간접형](UH)ClassC(P)1,우리자산운용,K55228CR8691,A01007,2OF04,2OF0401,2,투자설명서(간이투자설명서 포함) 변경,1,K55228CR8600,O,운용
20260814,└▶우리PIMCO글로벌투자등급증권자투자신탁[채권_재간접형](UH)ClassC(P)2,우리자산운용,K55228CR8709,A01007,2OF04,2OF0401,2,투자설명서(간이투자설명서 포함) 변경,1,K55228CR8600,O,운용
20260814,└▶우리PIMCO글로벌투자등급증권자투자신탁[채권_재간접형](UH)ClassPe1,우리자산운용,K55228CR8725,A01007,2OF04,2OF0401,2,투자설명서(간이투자설명서 포함) 변경,1,K55228CR8600,O,운용
20260814,└▶우리PIMCO글로벌투자등급증권자투자신탁[채권_재간접형](UH)ClassPe2,우리자산운용,K55228CR8741,A01007,2OF04,2OF0401,2,투자설명서(간이투자설명서 포함) 변경,1,K55228CR8600,O,운용
20260814,우리템플턴이스턴유럽증권자투자신탁(주식-재간접형),우리자산운용,KR5217704463,A01007,2OF04,2OF0401,2,투자설명서(간이투자설명서 포함) 변경,1,KR5217704463,O,운용
20260814,└▶우리템플턴이스턴유럽증권자투자신탁(주식-재간접형)ClassC2,우리자산운용,KR5217285422,A01007,2OF04,2OF0401,2,투자설명서(간이투자설명서 포함) 변경,1,KR5217704463,O,운용
20260814,└▶우리템플턴이스턴유럽증권자투자신탁(주식-재간접형)ClassC3,우리자산운용,KR5217285430,A01007,2OF04,2OF0401,2,투자설명서(간이투자설명서 포함) 변경,1,KR5217704463,O,운용
20260814,└▶우리템플턴이스턴유럽증권자투자신탁(주식-재간접형)ClassC4,우리자산운용,KR5217285448,A01007,2OF04,2OF0401,2,투자설명서(간이투자설명서 포함) 변경,1,KR5217704463,O,운용
20260814,└▶우리템플턴이스턴유럽증권자투자신탁(주식-재간접형)ClassC5,우리자산운용,KR5217285455,A01007,2OF04,2OF0401,2,투자설명서(간이투자설명서 포함) 변경,1,KR5217704463,O,운용
20260814,└▶우리템플턴이스턴유럽증권자투자신탁(주식-재간접형)ClassA,우리자산운용,KR5217771579,A01007,2OF04,2OF0401,2,투자설명서(간이투자설명서 포함) 변경,1,KR5217704463,O,운용
20260814,└▶우리템플턴이스턴유럽증권자투자신탁(주식-재간접형)ClassC1,우리자산운용,KR5217930662,A01007,2OF04,2OF0401,2,투자설명서(간이투자설명서 포함) 변경,1,KR5217704463,O,운용
20260814,└▶우리템플턴이스턴유럽증권자투자신탁(주식-재간접형)ClassC-e,우리자산운용,KR5217930670,A01007,2OF04,2OF0401,2,투자설명서(간이투자설명서 포함) 변경,1,KR5217704463,O,운용
20260814,우리프랭클린글로벌스트레티지증권자투자신탁(채권),우리자산운용,KR5217AA7368,A01007,2OF04,2OF0401,2,투자설명서(간이투자설명서 포함) 변경,1,KR5217AA7368,O,운용
20260814,└▶우리프랭클린글로벌스트레티지증권자투자신탁(채권)ClassA,우리자산운용,KR5217AA7376,A01007,2OF04,2OF0401,2,투자설명서(간이투자설명서 포함) 변경,1,KR5217AA7368,O,운용
20260814,└▶우리프랭클린글로벌스트레티지증권자투자신탁(채권)ClassC,우리자산운용,KR5217AA7384,A01007,2OF04,2OF0401,2,투자설명서(간이투자설명서 포함) 변경,1,KR5217AA7368,O,운용
20260814,└▶우리프랭클린글로벌스트레티지증권자투자신탁(채권)ClassC-e,우리자산운용,KR5217AB5940,A01007,2OF04,2OF0401,2,투자설명서(간이투자설명서 포함) 변경,1,KR5217AA7368,O,운용
20260814,└▶우리프랭클린글로벌스트레티지증권자투자신탁(채권)ClassC-F,우리자산운용,KR5217AB5965,A01007,2OF04,2OF0401,2,투자설명서(간이투자설명서 포함) 변경,1,KR5217AA7368,O,운용
20260814,우리템플턴연금저축글로벌증권자투자신탁(채권-재간접형),우리자산운용,KR5217AI9077,A01007,2OF04,2OF0401,2,투자설명서(간이투자설명서 포함) 변경,1,KR5217AI9077,O,운용
20260814,└▶우리템플턴연금저축글로벌증권자투자신탁(채권-재간접형)ClassC,우리자산운용,KR5217AI9085,A01007,2OF04,2OF0401,2,투자설명서(간이투자설명서 포함) 변경,1,KR5217AI9077,O,운용
20260814,└▶우리템플턴연금저축글로벌증권자투자신탁(채권-재간접형)ClassC-e,우리자산운용,KR5217AI9101,A01007,2OF04,2OF0401,2,투자설명서(간이투자설명서 포함) 변경,1,KR5217AI9077,O,운용
20260814,└▶우리템플턴연금저축글로벌증권자투자신탁(채권-재간접형)ClassS-P,우리자산운용,KR5217AO8915,A01007,2OF04,2OF0401,2,투자설명서(간이투자설명서 포함) 변경,1,KR5217AI9077,O,운용
20260814,카디안코리아채권증권자투자신탁[채권],카디안자산운용,KR5229854066,A01037,2OF04,2OF0401,2,투자설명서(간이투자설명서 포함) 변경,1,KR5229854066,O,운용
20260814,└▶카디안코리아채권증권자투자신탁[채권]클래스S,카디안자산운용,K55229BK2295,A01037,2OF04,2OF0401,2,투자설명서(간이투자설명서 포함) 변경,1,KR5229854066,O,운용
20260814,└▶카디안코리아채권증권자투자신탁[채권]클래스S-P2(연금저축),카디안자산운용,K55229BX6895,A01037,2OF04,2OF0401,2,투자설명서(간이투자설명서 포함) 변경,1,KR5229854066,O,운용
20260814,└▶이스트스프링코리아채권증권자투자신탁[채권]클래스C-F,카디안자산운용,KR5229862291,A01037,2OF04,2OF0401,2,투자설명서(간이투자설명서 포함) 변경,1,KR5229854066,O,운용
20260814,└▶카디안코리아채권증권자투자신탁[채권]클래스A,카디안자산운용,KR5229930866,A01037,2OF04,2OF0401,2,투자설명서(간이투자설명서 포함) 변경,1,KR5229854066,O,운용
20260814,└▶카디안코리아채권증권자투자신탁[채권]클래스C,카디안자산운용,KR5229930874,A01037,2OF04,2OF0401,2,투자설명서(간이투자설명서 포함) 변경,1,KR5229854066,O,운용
20260814,└▶카디안코리아채권증권자투자신탁[채권]클래스C-E,카디안자산운용,KR5229930882,A01037,2OF04,2OF0401,2,투자설명서(간이투자설명서 포함) 변경,1,KR5229854066,O,운용
20260814,└▶이스트스프링코리아채권증권자투자신탁[채권]클래스C-W,카디안자산운용,KR5229930916,A01037,2OF04,2OF0401,2,투자설명서(간이투자설명서 포함) 변경,1,KR5229854066,O,운용
20260814,└▶이스트스프링코리아채권증권자투자신탁[채권]클래스C-I,카디안자산운용,KR5229A13573,A01037,2OF04,2OF0401,2,투자설명서(간이투자설명서 포함) 변경,1,KR5229854066,O,운용
20260814,└▶카디안코리아채권증권자투자신탁[채권]클래스C-P2(연금저축),카디안자산운용,KR5229AI1039,A01037,2OF04,2OF0401,2,투자설명서(간이투자설명서 포함) 변경,1,KR5229854066,O,운용
20260814,카디안월지급미국하이일드증권자투자신탁(H)[채권-재간접형],카디안자산운용,KR5229A51011,A01037,2OF04,2OF0401,2,투자설명서(간이투자설명서 포함) 변경,1,KR5229A51011,O,운용
20260814,└▶카디안월지급미국하이일드증권자투자신탁(H)[채권-재간접형]클래스A,카디안자산운용,KR5229A51029,A01037,2OF04,2OF0401,2,투자설명서(간이투자설명서 포함) 변경,1,KR5229A51011,O,운용
20260814,└▶카디안월지급미국하이일드증권자투자신탁(H)[채권-재간접형]클래스C,카디안자산운용,KR5229A51037,A01037,2OF04,2OF0401,2,투자설명서(간이투자설명서 포함) 변경,1,KR5229A51011,O,운용
20260814,└▶카디안월지급미국하이일드증권자투자신탁(H)[채권-재간접형]클래스C-E,카디안자산운용,KR5229A51045,A01037,2OF04,2OF0401,2,투자설명서(간이투자설명서 포함) 변경,1,KR5229A51011,O,운용
20260814,└▶이스트스프링월지급미국하이일드증권자투자신탁(H)[채권-재간접형]클래스C-W,카디안자산운용,KR5229A51078,A01037,2OF04,2OF0401,2,투자설명서(간이투자설명서 포함) 변경,1,KR5229A51011,O,운용
20260814,미래에셋TIGER미국소비트렌드액티브증권상장지수투자신탁(주식),미래에셋자산운용,K55301EH0516,A01048,2OF00,2OF0000,1,투자운용인력변경,2,K55301EH0516,O,운용
20260814,미래에셋TIGER미국소비트렌드액티브증권상장지수투자신탁(주식),미래에셋자산운용,K55301EH0516,A01048,2OF00,2OF0000,1,투자운용인력변경,1,K55301EH0516,O,운용
20260814,미래에셋글로벌그레이트컨슈머증권모투자신탁[주식],미래에셋자산운용,KR5301A38171,A01048,2OF00,2OF0000,1,투자운용인력변경,1,KR5301A38171,O,운용
20260815,삼성신종MMF 151,삼성자산운용,KR5105391605,A01005,2RF01,2RF0100,1,원화기준_결산보고서(1B),1,ZZZZZZZZZZZZ,R,시장
20260815,삼성신종MMF 151_C,삼성자산운용,K55105B52740,A01005,2RF01,2RF0100,1,원화기준_결산보고서(1B),1,ZZZZZZZZZZZZ,R,시장
20260815,삼성신종MMF 151_Cw,삼성자산운용,K55105B52757,A01005,2RF01,2RF0100,1,원화기준_결산보고서(1B),1,ZZZZZZZZZZZZ,R,시장
20260815,유리스몰뷰티증권자투자신탁[주식]A,유리자산운용,KR5307688790,A01054,2RF01,2RF0100,1,원화기준_결산보고서(1B),1,ZZZZZZZZZZZZ,R,시장
20260815,유리스몰뷰티증권자투자신탁[주식]A-e,유리자산운용,KR5307AQ2446,A01054,2RF01,2RF0100,1,원화기준_결산보고서(1B),1,ZZZZZZZZZZZZ,R,시장
20260815,유리스몰뷰티증권자투자신탁[주식]C,유리자산운용,KR5307687495,A01054,2RF01,2RF0100,1,원화기준_결산보고서(1B),1,ZZZZZZZZZZZZ,R,시장
20260815,유리스몰뷰티증권자투자신탁[주식]C-e,유리자산운용,KR5307943005,A01054,2RF01,2RF0100,1,원화기준_결산보고서(1B),1,ZZZZZZZZZZZZ,R,시장
20260815,유리스몰뷰티증권자투자신탁[주식]S,유리자산운용,KR5307AQ2438,A01054,2RF01,2RF0100,1,원화기준_결산보고서(1B),1,ZZZZZZZZZZZZ,R,시장
20260815,유리스몰뷰티증권자투자신탁[주식]_운용,유리자산운용,KR5307455232,A01054,2RF01,2RF0100,1,원화기준_결산보고서(1B),1,ZZZZZZZZZZZZ,R,시장
20260815,하나파워1.5배레버리지인덱스증권투자신탁[주식-파생형],하나자산운용,KR5102286212,A01002,2RF01,2RF0100,1,원화기준_결산보고서(1B),1,ZZZZZZZZZZZZ,R,시장
20260815,하나파워1.5배레버리지인덱스증권투자신탁[주식-파생형]ClassA,하나자산운용,KR5102286220,A01002,2RF01,2RF0100,1,원화기준_결산보고서(1B),1,ZZZZZZZZZZZZ,R,시장
20260815,하나파워1.5배레버리지인덱스증권투자신탁[주식-파생형]ClassA-U,하나자산운용,KR5102AH5710,A01002,2RF01,2RF0100,1,원화기준_결산보고서(1B),1,ZZZZZZZZZZZZ,R,시장
20260815,하나파워1.5배레버리지인덱스증권투자신탁[주식-파생형]ClassC,하나자산운용,KR5102286246,A01002,2RF01,2RF0100,1,원화기준_결산보고서(1B),1,ZZZZZZZZZZZZ,R,시장
20260815,하나파워1.5배레버리지인덱스증권투자신탁[주식-파생형]ClassC-E,하나자산운용,KR5102286253,A01002,2RF01,2RF0100,1,원화기준_결산보고서(1B),1,ZZZZZZZZZZZZ,R,시장
20260815,미래에셋로저스Commodity인덱스특별자산자투자신탁(일반상품-파생형),미래에셋자산운용,KR5225592546,A01048,2RF08,2RF0800,1,자산보관/관리보고서,1,KR5225592546,R,시장
20260815,└▶미래에셋로저스Commodity인덱스특별자산자투자신탁(일반상품-파생형)종류C-e,미래에셋자산운용,K55301DG0765,A01048,2RF08,2RF0800,1,자산보관/관리보고서,1,K55301DG0765,R,시장
20260815,└▶미래에셋로저스Commodity인덱스특별자산자투자신탁(일반상품-파생형)종류A-e,미래에셋자산운용,K55301DG0773,A01048,2RF08,2RF0800,1,자산보관/관리보고서,1,K55301DG0773,R,시장
20260815,└▶미래에셋로저스Commodity인덱스특별자산자투자신탁(일반상품-파생형)종류C-Pe,미래에셋자산운용,K55301DW5178,A01048,2RF08,2RF0800,1,자산보관/관리보고서,1,K55301DW5178,R,시장
20260815,└▶미래에셋로저스Commodity인덱스특별자산자투자신탁(일반상품-파생형)종류C,미래에셋자산운용,KR5225592553,A01048,2RF08,2RF0800,1,자산보관/관리보고서,1,KR5225592553,R,시장
20260815,└▶미래에셋로저스Commodity인덱스특별자산자투자신탁(일반상품-파생형)종류A,미래에셋자산운용,KR5225592561,A01048,2RF08,2RF0800,1,자산보관/관리보고서,1,KR5225592561,R,시장
20260815,└▶미래에셋로저스Commodity인덱스특별자산자투자신탁(일반상품-파생형)종류C-W,미래에셋자산운용,KR5225978554,A01048,2RF08,2RF0800,1,자산보관/관리보고서,1,KR5225978554,R,시장
20260815,└▶미래에셋로저스Commodity인덱스특별자산자투자신탁(일반상품-파생형)종류S,미래에셋자산운용,KR5301AR6947,A01048,2RF08,2RF0800,1,자산보관/관리보고서,1,KR5301AR6947,R,시장
20260815,미래에셋개인연금증권전환형투자신탁 1(채권혼합),미래에셋자산운용,KR5301505404,A01048,2RF08,2RF0800,1,자산보관/관리보고서,1,KR5301505404,R,시장
20260815,삼성신종MMF 151,삼성자산운용,KR5105391605,A01005,2RF08,2RF0800,1,자산보관/관리보고서,1,KR5105391605,R,시장
20260815,└▶삼성신종MMF 151_C,삼성자산운용,K55105B52740,A01005,2RF08,2RF0800,1,자산보관/관리보고서,1,K55105B52740,R,시장
20260815,└▶삼성신종MMF 151_Cw,삼성자산운용,K55105B52757,A01005,2RF08,2RF0800,1,자산보관/관리보고서,1,K55105B52757,R,시장
20260815,유리스몰뷰티증권자투자신탁[주식]_운용,유리자산운용,KR5307455232,A01054,2RF08,2RF0800,1,자산보관/관리보고서,1,KR5307455232,R,시장
20260815,└▶유리스몰뷰티증권자투자신탁[주식]C,유리자산운용,KR5307687495,A01054,2RF08,2RF0800,1,자산보관/관리보고서,1,KR5307687495,R,시장
20260815,└▶유리스몰뷰티증권자투자신탁[주식]A,유리자산운용,KR5307688790,A01054,2RF08,2RF0800,1,자산보관/관리보고서,1,KR5307688790,R,시장
20260815,└▶유리스몰뷰티증권자투자신탁[주식]C-e,유리자산운용,KR5307943005,A01054,2RF08,2RF0800,1,자산보관/관리보고서,1,KR5307943005,R,시장
20260815,└▶유리스몰뷰티증권자투자신탁[주식]S,유리자산운용,KR5307AQ2438,A01054,2RF08,2RF0800,1,자산보관/관리보고서,1,KR5307AQ2438,R,시장
20260815,└▶유리스몰뷰티증권자투자신탁[주식]A-e,유리자산운용,KR5307AQ2446,A01054,2RF08,2RF0800,1,자산보관/관리보고서,1,KR5307AQ2446,R,시장
20260815,미래에셋개인전용MMF 1(국공채),미래에셋자산운용,KR5227367145,A01048,2RF06,2RF0600,1,자산운용보고서(MMF),1,KR5227367145,R,시장
20260815,└▶미래에셋개인전용MMF 1(국공채)종류C-P2,미래에셋자산운용,K55301B04076,A01048,2RF06,2RF0600,1,자산운용보고서(MMF),1,K55301B04076,R,시장
20260815,└▶미래에셋개인전용MMF 1(국공채)종류F,미래에셋자산운용,K55301BC5943,A01048,2RF06,2RF0600,1,자산운용보고서(MMF),1,K55301BC5943,R,시장
20260815,└▶미래에셋개인전용MMF 1(국공채)종류C-Pe,미래에셋자산운용,K55301BU4175,A01048,2RF06,2RF0600,1,자산운용보고서(MMF),1,K55301BU4175,R,시장
20260815,└▶미래에셋개인전용MMF 1(국공채)종류C-P2e,미래에셋자산운용,K55301BU4183,A01048,2RF06,2RF0600,1,자산운용보고서(MMF),1,K55301BU4183,R,시장
20260815,└▶미래에셋개인전용MMF 1(국공채)종류C,미래에셋자산운용,KR5301AK8247,A01048,2RF06,2RF0600,1,자산운용보고서(MMF),1,KR5301AK8247,R,시장
20260815,└▶미래에셋개인전용MMF 1(국공채)종류C-P,미래에셋자산운용,KR5301AK8254,A01048,2RF06,2RF0600,1,자산운용보고서(MMF),1,KR5301AK8254,R,시장
20260815,└▶미래에셋개인전용MMF 1(국공채)종류C-e,미래에셋자산운용,KR5301AW6437,A01048,2RF06,2RF0600,1,자산운용보고서(MMF),1,KR5301AW6437,R,시장
20260815,브이스타국공채법인MMF 1,브이자산운용,KR5222367322,A01020,2RF06,2RF0600,1,자산운용보고서(MMF),1,KR5222367322,R,시장
20260815,└▶브이스타국공채법인MMF 1종류C,브이자산운용,K55212DX2115,A01020,2RF06,2RF0600,1,자산운용보고서(MMF),1,K55212DX2115,R,시장
20260815,└▶브이스타국공채법인MMF 1종류C-I,브이자산운용,K55212DX2149,A01020,2RF06,2RF0600,1,자산운용보고서(MMF),1,K55212DX2149,R,시장
20260815,삼성신종MMF 1[국공채],삼성자산운용,KR5105324622,A01005,2RF06,2RF0600,1,자산운용보고서(MMF),1,KR5105324622,R,시장
20260815,└▶삼성신종MMF 1[국공채]C,삼성자산운용,K55105CO6308,A01005,2RF06,2RF0600,1,자산운용보고서(MMF),1,K55105CO6308,R,시장
20260815,└▶삼성신종MMF 1[국공채]_Ce,삼성자산운용,K55105CO6316,A01005,2RF06,2RF0600,1,자산운용보고서(MMF),1,K55105CO6316,R,시장
20260815,삼성헤리티지MMF 1,삼성자산운용,KR5105335073,A01005,2RF06,2RF0600,1,자산운용보고서(MMF),1,KR5105335073,R,시장
20260815,└▶삼성헤리티지MMF 1_C,삼성자산운용,K55105BB0281,A01005,2RF06,2RF0600,1,자산운용보고서(MMF),1,K55105BB0281,R,시장
20260815,└▶삼성헤리티지MMF 1_Ci,삼성자산운용,K55105BB0299,A01005,2RF06,2RF0600,1,자산운용보고서(MMF),1,K55105BB0299,R,시장
20260815,└▶삼성헤리티지MMF 1Ce,삼성자산운용,K55105CO2653,A01005,2RF06,2RF0600,1,자산운용보고서(MMF),1,K55105CO2653,R,시장
20260815,└▶삼성헤리티지MMF 1_C-P,삼성자산운용,K55105DS2815,A01005,2RF06,2RF0600,1,자산운용보고서(MMF),1,K55105DS2815,R,시장
20260815,└▶삼성헤리티지MMF 1_C-Pe,삼성자산운용,K55105DS2823,A01005,2RF06,2RF0600,1,자산운용보고서(MMF),1,K55105DS2823,R,시장
20260815,삼성신종MMF 151,삼성자산운용,KR5105391605,A01005,2RF06,2RF0600,1,자산운용보고서(MMF),1,KR5105391605,R,시장
20260815,└▶삼성신종MMF 151_C,삼성자산운용,K55105B52740,A01005,2RF06,2RF0600,1,자산운용보고서(MMF),1,K55105B52740,R,시장
20260815,└▶삼성신종MMF 151_Cw,삼성자산운용,K55105B52757,A01005,2RF06,2RF0600,1,자산운용보고서(MMF),1,K55105B52757,R,시장
20260815,우리다같이법인MMF 1(국공채),우리자산운용,K55107D99081,A01007,2RF06,2RF0600,1,자산운용보고서(MMF),1,K55107D99081,R,시장
20260815,└▶우리다같이법인MMF 1(국공채)ClassC,우리자산운용,K55107DA1807,A01007,2RF06,2RF0600,1,자산운용보고서(MMF),1,K55107DA1807,R,시장
20260815,└▶우리다같이법인MMF 1(국공채)ClassC-e,우리자산운용,K55107DM9780,A01007,2RF06,2RF0600,1,자산운용보고서(MMF),1,K55107DM9780,R,시장
20260815,다올공모주하이일드증권투자신탁[채권혼합](운),다올자산운용,K55306AZ7666,A01053,2RF12,2RF1200,1,자산운용보고서(공모펀드),1,K55306AZ7666,R,시장
20260815,└▶다올공모주하이일드증권투자신탁[채권혼합]종류A,다올자산운용,K55306AZ7682,A01053,2RF12,2RF1200,1,자산운용보고서(공모펀드),1,K55306AZ7682,R,시장
20260815,└▶다올공모주하이일드증권투자신탁[채권혼합]종류C,다올자산운용,K55306AZ7690,A01053,2RF12,2RF1200,1,자산운용보고서(공모펀드),1,K55306AZ7690,R,시장
20260815,└▶다올공모주하이일드증권투자신탁[채권혼합]종류CI,다올자산운용,K55306AZ7708,A01053,2RF12,2RF1200,1,자산운용보고서(공모펀드),1,K55306AZ7708,R,시장
20260815,└▶다올공모주하이일드증권투자신탁[채권혼합]종류Ae,다올자산운용,K55306B49658,A01053,2RF12,2RF1200,1,자산운용보고서(공모펀드),1,K55306B49658,R,시장
20260815,└▶다올공모주하이일드증권투자신탁[채권혼합]종류CW,다올자산운용,K55306B53163,A01053,2RF12,2RF1200,1,자산운용보고서(공모펀드),1,K55306B53163,R,시장
20260815,└▶다올공모주하이일드증권투자신탁[채권혼합]종류Ce,다올자산운용,K55306CR0727,A01053,2RF12,2RF1200,1,자산운용보고서(공모펀드),1,K55306CR0727,R,시장
20260815,└▶다올공모주하이일드증권투자신탁[채권혼합]종류C-P,다올자산운용,K55306CR0735,A01053,2RF12,2RF1200,1,자산운용보고서(공모펀드),1,K55306CR0735,R,시장
20260815,└▶다올공모주하이일드증권투자신탁[채권혼합]종류C-Pe,다올자산운용,K55306CR0743,A01053,2RF12,2RF1200,1,자산운용보고서(공모펀드),1,K55306CR0743,R,시장
20260815,└▶다올공모주하이일드증권투자신탁[채권혼합]종류CP,다올자산운용,K55306CR0750,A01053,2RF12,2RF1200,1,자산운용보고서(공모펀드),1,K55306CR0750,R,시장
20260815,└▶다올공모주하이일드증권투자신탁[채권혼합]종류CPe,다올자산운용,K55306CR0768,A01053,2RF12,2RF1200,1,자산운용보고서(공모펀드),1,K55306CR0768,R,시장
20260815,└▶다올공모주하이일드증권투자신탁[채권혼합]종류S,다올자산운용,K55306CR0776,A01053,2RF12,2RF1200,1,자산운용보고서(공모펀드),1,K55306CR0776,R,시장
20260815,└▶다올공모주하이일드증권투자신탁[채권혼합]종류S-P,다올자산운용,K55306CR0784,A01053,2RF12,2RF1200,1,자산운용보고서(공모펀드),1,K55306CR0784,R,시장
20260815,다올공모주10증권투자신탁[채권혼합](운),다올자산운용,K55306B85157,A01053,2RF12,2RF1200,1,자산운용보고서(공모펀드),1,K55306B85157,R,시장
20260815,└▶다올공모주10증권투자신탁[채권혼합]종류A,다올자산운용,K55306B85165,A01053,2RF12,2RF1200,1,자산운용보고서(공모펀드),1,K55306B85165,R,시장
20260815,└▶다올공모주10증권투자신탁[채권혼합]종류Ae,다올자산운용,K55306B85173,A01053,2RF12,2RF1200,1,자산운용보고서(공모펀드),1,K55306B85173,R,시장
20260815,└▶다올공모주10증권투자신탁[채권혼합]종류C,다올자산운용,K55306B85181,A01053,2RF12,2RF1200,1,자산운용보고서(공모펀드),1,K55306B85181,R,시장
20260815,└▶다올공모주10증권투자신탁[채권혼합]종류Ce,다올자산운용,K55306B85199,A01053,2RF12,2RF1200,1,자산운용보고서(공모펀드),1,K55306B85199,R,시장
20260815,└▶다올공모주10증권투자신탁[채권혼합]종류CW,다올자산운용,K55306B85215,A01053,2RF12,2RF1200,1,자산운용보고서(공모펀드),1,K55306B85215,R,시장
20260815,└▶다올공모주10증권투자신탁[채권혼합]종류S,다올자산운용,K55306B88615,A01053,2RF12,2RF1200,1,자산운용보고서(공모펀드),1,K55306B88615,R,시장
20260815,└▶다올공모주10증권투자신탁[채권혼합]종류C-P,다올자산운용,K55306CL8007,A01053,2RF12,2RF1200,1,자산운용보고서(공모펀드),1,K55306CL8007,R,시장
20260815,└▶다올공모주10증권투자신탁[채권혼합]종류C-Pe,다올자산운용,K55306CO5158,A01053,2RF12,2RF1200,1,자산운용보고서(공모펀드),1,K55306CO5158,R,시장
20260815,└▶다올공모주10증권투자신탁[채권혼합]종류CP,다올자산운용,K55306CO5166,A01053,2RF12,2RF1200,1,자산운용보고서(공모펀드),1,K55306CO5166,R,시장
20260815,└▶다올공모주10증권투자신탁[채권혼합]종류CPe,다올자산운용,K55306CO5174,A01053,2RF12,2RF1200,1,자산운용보고서(공모펀드),1,K55306CO5174,R,시장
20260815,마이다스블루칩배당증권자투자신탁C(주식혼합)(운용),마이다스에셋자산운용,KR5303464907,A01050,2RF12,2RF1200,1,자산운용보고서(공모펀드),1,KR5303464907,R,시장
20260815,└▶마이다스블루칩배당증권자투자신탁C(주식혼합)Ce,마이다스에셋자산운용,K55303BU4017,A01050,2RF12,2RF1200,1,자산운용보고서(공모펀드),1,K55303BU4017,R,시장
20260815,└▶마이다스블루칩배당증권자투자신탁C(주식혼합)A1,마이다스에셋자산운용,KR5303873792,A01050,2RF12,2RF1200,1,자산운용보고서(공모펀드),1,KR5303873792,R,시장
20260815,└▶마이다스블루칩배당증권자투자신탁C(주식혼합)C1,마이다스에셋자산운용,KR5303873800,A01050,2RF12,2RF1200,1,자산운용보고서(공모펀드),1,KR5303873800,R,시장
20260815,└▶마이다스블루칩배당증권자투자신탁C(주식혼합)C5,마이다스에셋자산운용,KR5303972628,A01050,2RF12,2RF1200,1,자산운용보고서(공모펀드),1,KR5303972628,R,시장
20260815,└▶마이다스블루칩배당증권자투자신탁C(주식혼합)Ae,마이다스에셋자산운용,KR5303AP5238,A01050,2RF12,2RF1200,1,자산운용보고서(공모펀드),1,KR5303AP5238,R,시장
20260815,미래에셋로저스Commodity인덱스특별자산자투자신탁(일반상품-파생형),미래에셋자산운용,KR5225592546,A01048,2RF12,2RF1200,1,자산운용보고서(공모펀드),1,KR5225592546,R,시장
20260815,└▶미래에셋로저스Commodity인덱스특별자산자투자신탁(일반상품-파생형)종류C-e,미래에셋자산운용,K55301DG0765,A01048,2RF12,2RF1200,1,자산운용보고서(공모펀드),1,K55301DG0765,R,시장
20260815,└▶미래에셋로저스Commodity인덱스특별자산자투자신탁(일반상품-파생형)종류A-e,미래에셋자산운용,K55301DG0773,A01048,2RF12,2RF1200,1,자산운용보고서(공모펀드),1,K55301DG0773,R,시장
20260815,└▶미래에셋로저스Commodity인덱스특별자산자투자신탁(일반상품-파생형)종류C-Pe,미래에셋자산운용,K55301DW5178,A01048,2RF12,2RF1200,1,자산운용보고서(공모펀드),1,K55301DW5178,R,시장
20260815,└▶미래에셋로저스Commodity인덱스특별자산자투자신탁(일반상품-파생형)종류C,미래에셋자산운용,KR5225592553,A01048,2RF12,2RF1200,1,자산운용보고서(공모펀드),1,KR5225592553,R,시장
20260815,└▶미래에셋로저스Commodity인덱스특별자산자투자신탁(일반상품-파생형)종류A,미래에셋자산운용,KR5225592561,A01048,2RF12,2RF1200,1,자산운용보고서(공모펀드),1,KR5225592561,R,시장
20260815,└▶미래에셋로저스Commodity인덱스특별자산자투자신탁(일반상품-파생형)종류C-W,미래에셋자산운용,KR5225978554,A01048,2RF12,2RF1200,1,자산운용보고서(공모펀드),1,KR5225978554,R,시장
20260815,└▶미래에셋로저스Commodity인덱스특별자산자투자신탁(일반상품-파생형)종류S,미래에셋자산운용,KR5301AR6947,A01048,2RF12,2RF1200,1,자산운용보고서(공모펀드),1,KR5301AR6947,R,시장
20260815,미래에셋로저스농산물지수특별자산자투자신탁(일반상품-파생형),미래에셋자산운용,KR5225620966,A01048,2RF12,2RF1200,1,자산운용보고서(공모펀드),1,KR5225620966,R,시장
20260815,└▶미래에셋로저스농산물지수특별자산자투자신탁(일반상품-파생형)종류C-e,미래에셋자산운용,K55301DG0815,A01048,2RF12,2RF1200,1,자산운용보고서(공모펀드),1,K55301DG0815,R,시장
20260815,└▶미래에셋로저스농산물지수특별자산자투자신탁(일반상품-파생형)종류A-e,미래에셋자산운용,K55301DG0849,A01048,2RF12,2RF1200,1,자산운용보고서(공모펀드),1,K55301DG0849,R,시장
20260815,└▶미래에셋로저스농산물지수특별자산자투자신탁(일반상품-파생형)종류C-Pe,미래에셋자산운용,K55301DW5368,A01048,2RF12,2RF1200,1,자산운용보고서(공모펀드),1,K55301DW5368,R,시장
20260815,└▶미래에셋로저스농산물지수특별자산자투자신탁(일반상품-파생형)종류C,미래에셋자산운용,KR5225620974,A01048,2RF12,2RF1200,1,자산운용보고서(공모펀드),1,KR5225620974,R,시장
20260815,└▶미래에셋로저스농산물지수특별자산자투자신탁(일반상품-파생형)종류A,미래에셋자산운용,KR5225620982,A01048,2RF12,2RF1200,1,자산운용보고서(공모펀드),1,KR5225620982,R,시장
20260815,└▶미래에셋로저스농산물지수특별자산자투자신탁(일반상품-파생형)종류I,미래에셋자산운용,KR5225774011,A01048,2RF12,2RF1200,1,자산운용보고서(공모펀드),1,KR5225774011,R,시장
20260815,└▶미래에셋로저스농산물지수특별자산자투자신탁(일반상품-파생형)종류C-W,미래에셋자산운용,KR5225978547,A01048,2RF12,2RF1200,1,자산운용보고서(공모펀드),1,KR5225978547,R,시장
20260815,└▶미래에셋로저스농산물지수특별자산자투자신탁(일반상품-파생형)종류S,미래에셋자산운용,KR5301AR0072,A01048,2RF12,2RF1200,1,자산운용보고서(공모펀드),1,KR5301AR0072,R,시장
20260815,미래에셋개인연금증권전환형투자신탁 1(채권혼합),미래에셋자산운용,KR5301505404,A01048,2RF12,2RF1200,1,자산운용보고서(공모펀드),1,KR5301505404,R,시장
20260815,미래에셋개인연금증권전환형자투자신탁 1[주식],미래에셋자산운용,KR5301A31523,A01048,2RF12,2RF1200,1,자산운용보고서(공모펀드),1,KR5301A31523,R,시장
20260815,미래에셋퇴직플랜글로벌그레이트컨슈머40증권자투자신탁 1[채권혼합],미래에셋자산운용,KR5301A53253,A01048,2RF12,2RF1200,1,자산운용보고서(공모펀드),1,KR5301A53253,R,시장
20260815,└▶미래에셋퇴직플랜글로벌그레이트컨슈머40증권자투자신탁 1(채권혼합)종류C-P2e,미래에셋자산운용,K55301BU3003,A01048,2RF12,2RF1200,1,자산운용보고서(공모펀드),1,K55301BU3003,R,시장
20260815,└▶미래에셋퇴직플랜글로벌그레이트컨슈머40증권자투자신탁 1[채권혼합]종류C,미래에셋자산운용,KR5301A53261,A01048,2RF12,2RF1200,1,자산운용보고서(공모펀드),1,KR5301A53261,R,시장
20260815,미래에셋개인연금스마트롱숏30증권전환형자투자신탁 1(채권혼합),미래에셋자산운용,KR5301AR7291,A01048,2RF12,2RF1200,1,자산운용보고서(공모펀드),1,KR5301AR7291,R,시장
20260815,신영엘리트배당증권투자신탁(주식)운용,신영자산운용,KR5209464845,A01017,2RF12,2RF1200,1,자산운용보고서(공모펀드),1,KR5209464845,R,시장
20260815,└▶신영엘리트배당증권투자신탁(주식)C1형,신영자산운용,KR5209959042,A01017,2RF12,2RF1200,1,자산운용보고서(공모펀드),1,KR5209959042,R,시장
20260815,└▶신영엘리트배당증권투자신탁(주식)C2형,신영자산운용,KR5209959059,A01017,2RF12,2RF1200,1,자산운용보고서(공모펀드),1,KR5209959059,R,시장
20260815,└▶신영엘리트배당증권투자신탁(주식)C3형,신영자산운용,KR5209959067,A01017,2RF12,2RF1200,1,자산운용보고서(공모펀드),1,KR5209959067,R,시장
20260815,└▶신영엘리트배당증권투자신탁(주식)C5형,신영자산운용,KR5209959083,A01017,2RF12,2RF1200,1,자산운용보고서(공모펀드),1,KR5209959083,R,시장
20260815,└▶신영엘리트배당증권투자신탁(주식)Ce형,신영자산운용,KR5209AR1149,A01017,2RF12,2RF1200,1,자산운용보고서(공모펀드),1,KR5209AR1149,R,시장
20260815,└▶신영엘리트배당증권투자신탁(주식)A형,신영자산운용,KR5209AR4184,A01017,2RF12,2RF1200,1,자산운용보고서(공모펀드),1,KR5209AR4184,R,시장
20260815,└▶신영엘리트배당증권투자신탁(주식)Ae형,신영자산운용,KR5209AR4192,A01017,2RF12,2RF1200,1,자산운용보고서(공모펀드),1,KR5209AR4192,R,시장
20260815,신영밸류고배당60증권투자신탁(주식혼합)운용,신영자산운용,KR5209464860,A01017,2RF12,2RF1200,1,자산운용보고서(공모펀드),1,KR5209464860,R,시장
20260815,└▶신영밸류고배당60증권(주식혼합)C-P형,신영자산운용,K55209BF6974,A01017,2RF12,2RF1200,1,자산운용보고서(공모펀드),1,K55209BF6974,R,시장
20260815,└▶신영밸류고배당60증권투자신탁(주식혼합)A-G형,신영자산운용,K55209EI2019,A01017,2RF12,2RF1200,1,자산운용보고서(공모펀드),1,K55209EI2019,R,시장
20260815,└▶신영밸류고배당60증권투자신탁(주식혼합)A형,신영자산운용,KR5209AP0960,A01017,2RF12,2RF1200,1,자산운용보고서(공모펀드),1,KR5209AP0960,R,시장
20260815,└▶신영밸류고배당60증권투자신탁(주식혼합)Ae형,신영자산운용,KR5209AP0978,A01017,2RF12,2RF1200,1,자산운용보고서(공모펀드),1,KR5209AP0978,R,시장
20260815,└▶신영밸류고배당60증권투자신탁(주식혼합)C형,신영자산운용,KR5209AP0986,A01017,2RF12,2RF1200,1,자산운용보고서(공모펀드),1,KR5209AP0986,R,시장
20260815,└▶신영밸류고배당60증권투자신탁(주식혼합)Ce형,신영자산운용,KR5209AP0994,A01017,2RF12,2RF1200,1,자산운용보고서(공모펀드),1,KR5209AP0994,R,시장
20260815,신한유럽배당증권자투자신탁 2(H)[주식](종류),신한자산운용,KR5210654111,A01018,2RF12,2RF1200,1,자산운용보고서(공모펀드),1,KR5210654111,R,시장
20260815,└▶신한유럽배당증권자투자신탁 2(H)[주식](종류A1),신한자산운용,KR5210654129,A01018,2RF12,2RF1200,1,자산운용보고서(공모펀드),1,KR5210654129,R,시장
20260815,IBK삼성그룹증권자투자신탁[주식],아이비케이자산운용,KR5234A31906,A01042,2RF12,2RF1200,1,자산운용보고서(공모펀드),1,KR5234A31906,R,시장
20260815,└▶IBK삼성그룹증권자투자신탁[주식]A,아이비케이자산운용,KR5234A31914,A01042,2RF12,2RF1200,1,자산운용보고서(공모펀드),1,KR5234A31914,R,시장
20260815,└▶IBK삼성그룹증권자투자신탁[주식]C3,아이비케이자산운용,KR5234A31948,A01042,2RF12,2RF1200,1,자산운용보고서(공모펀드),1,KR5234A31948,R,시장
20260815,└▶IBK삼성그룹증권자투자신탁[주식]C4,아이비케이자산운용,KR5234A31955,A01042,2RF12,2RF1200,1,자산운용보고서(공모펀드),1,KR5234A31955,R,시장
20260815,└▶IBK삼성그룹증권자투자신탁[주식]E,아이비케이자산운용,KR5234A31971,A01042,2RF12,2RF1200,1,자산운용보고서(공모펀드),1,KR5234A31971,R,시장
20260815,└▶IBK삼성그룹증권자투자신탁[주식]S,아이비케이자산운용,KR5234AP7345,A01042,2RF12,2RF1200,1,자산운용보고서(공모펀드),1,KR5234AP7345,R,시장
20260815,유리스몰뷰티증권자투자신탁[주식]_운용,유리자산운용,KR5307455232,A01054,2RF12,2RF1200,1,자산운용보고서(공모펀드),1,KR5307455232,R,시장
20260815,└▶유리스몰뷰티증권자투자신탁[주식]C,유리자산운용,KR5307687495,A01054,2RF12,2RF1200,1,자산운용보고서(공모펀드),1,KR5307687495,R,시장
20260815,└▶유리스몰뷰티증권자투자신탁[주식]A,유리자산운용,KR5307688790,A01054,2RF12,2RF1200,1,자산운용보고서(공모펀드),1,KR5307688790,R,시장
20260815,└▶유리스몰뷰티증권자투자신탁[주식]C-e,유리자산운용,KR5307943005,A01054,2RF12,2RF1200,1,자산운용보고서(공모펀드),1,KR5307943005,R,시장
20260815,└▶유리스몰뷰티증권자투자신탁[주식]S,유리자산운용,KR5307AQ2438,A01054,2RF12,2RF1200,1,자산운용보고서(공모펀드),1,KR5307AQ2438,R,시장
20260815,└▶유리스몰뷰티증권자투자신탁[주식]A-e,유리자산운용,KR5307AQ2446,A01054,2RF12,2RF1200,1,자산운용보고서(공모펀드),1,KR5307AQ2446,R,시장
20260815,KB글로벌코어본드증권자투자신탁(채권)(운용),케이비자산운용,K55223BC7977,A01031,2RF12,2RF1200,1,자산운용보고서(공모펀드),1,K55223BC7977,R,시장
20260815,└▶KB글로벌코어본드증권자투자신탁(채권)A,케이비자산운용,K55223BC8108,A01031,2RF12,2RF1200,1,자산운용보고서(공모펀드),1,K55223BC8108,R,시장
20260815,└▶KB글로벌코어본드증권자투자신탁(채권)A-E,케이비자산운용,K55223BC8116,A01031,2RF12,2RF1200,1,자산운용보고서(공모펀드),1,K55223BC8116,R,시장
20260815,└▶KB글로벌코어본드증권자투자신탁(채권)C,케이비자산운용,K55223BC8124,A01031,2RF12,2RF1200,1,자산운용보고서(공모펀드),1,K55223BC8124,R,시장
20260815,└▶KB글로벌코어본드증권자투자신탁(채권)C-E,케이비자산운용,K55223BC8132,A01031,2RF12,2RF1200,1,자산운용보고서(공모펀드),1,K55223BC8132,R,시장
20260815,└▶KB글로벌코어본드증권자투자신탁(채권)S,케이비자산운용,K55223BC8140,A01031,2RF12,2RF1200,1,자산운용보고서(공모펀드),1,K55223BC8140,R,시장
20260815,└▶KB글로벌코어본드증권자투자신탁(채권)C-F,케이비자산운용,K55223BC8165,A01031,2RF12,2RF1200,1,자산운용보고서(공모펀드),1,K55223BC8165,R,시장
20260815,└▶KB글로벌코어본드증권자투자신탁(채권)C-퇴직연금,케이비자산운용,K55223BE2265,A01031,2RF12,2RF1200,1,자산운용보고서(공모펀드),1,K55223BE2265,R,시장
20260815,└▶KB글로벌코어본드증권자투자신탁(채권)C-P,케이비자산운용,K55223BN6521,A01031,2RF12,2RF1200,1,자산운용보고서(공모펀드),1,K55223BN6521,R,시장
20260815,└▶KB글로벌코어본드증권자투자신탁(채권)C-Pe,케이비자산운용,K55223BN6539,A01031,2RF12,2RF1200,1,자산운용보고서(공모펀드),1,K55223BN6539,R,시장
20260815,└▶KB글로벌코어본드증권자투자신탁(채권)S-P,케이비자산운용,K55223BN6547,A01031,2RF12,2RF1200,1,자산운용보고서(공모펀드),1,K55223BN6547,R,시장
20260815,└▶KB글로벌코어본드증권자투자신탁(채권)C-퇴직e,케이비자산운용,K55223CG9838,A01031,2RF12,2RF1200,1,자산운용보고서(공모펀드),1,K55223CG9838,R,시장
20260815,└▶KB글로벌코어본드증권자투자신탁(채권)S-퇴직,케이비자산운용,K55223D80557,A01031,2RF12,2RF1200,1,자산운용보고서(공모펀드),1,K55223D80557,R,시장
20260815,KB베트남인덱스40증권자투자신탁(채권혼합-파생형)(운용),케이비자산운용,K55223CN9441,A01031,2RF12,2RF1200,1,자산운용보고서(공모펀드),1,K55223CN9441,R,시장
20260815,└▶KB베트남인덱스40증권자투자신탁(채권혼합-파생형)A-E,케이비자산운용,K55223CN9466,A01031,2RF12,2RF1200,1,자산운용보고서(공모펀드),1,K55223CN9466,R,시장
20260815,└▶KB베트남인덱스40증권자투자신탁(채권혼합-파생형)C-퇴직,케이비자산운용,K55223CN9581,A01031,2RF12,2RF1200,1,자산운용보고서(공모펀드),1,K55223CN9581,R,시장
20260815,└▶KB베트남인덱스40증권자투자신탁(채권혼합-파생형)C-퇴직e,케이비자산운용,K55223CN9599,A01031,2RF12,2RF1200,1,자산운용보고서(공모펀드),1,K55223CN9599,R,시장
20260815,하나우량중장기채증권자투자신탁[채권],하나자산운용,K55102EA2908,A01002,2RF12,2RF1200,1,자산운용보고서(공모펀드),1,K55102EA2908,R,시장
20260815,└▶하나우량중장기채증권자투자신탁[채권]ClassC-P2E,하나자산운용,K55102EA2809,A01002,2RF12,2RF1200,1,자산운용보고서(공모펀드),1,K55102EA2809,R,시장
20260815,└▶하나우량중장기채증권자투자신탁[채권]ClassC-PE,하나자산운용,K55102EA2825,A01002,2RF12,2RF1200,1,자산운용보고서(공모펀드),1,K55102EA2825,R,시장
20260815,└▶하나우량중장기채증권자투자신탁[채권]ClassC-F,하나자산운용,K55102EA2858,A01002,2RF12,2RF1200,1,자산운용보고서(공모펀드),1,K55102EA2858,R,시장
20260815,└▶하나우량중장기채증권자투자신탁[채권]ClassC-E,하나자산운용,K55102EA2866,A01002,2RF12,2RF1200,1,자산운용보고서(공모펀드),1,K55102EA2866,R,시장
20260815,하나파워1.5배레버리지인덱스증권투자신탁[주식-파생형],하나자산운용,KR5102286212,A01002,2RF12,2RF1200,1,자산운용보고서(공모펀드),1,KR5102286212,R,시장
20260815,└▶하나파워1.5배레버리지인덱스증권투자신탁[주식-파생형]ClassA,하나자산운용,KR5102286220,A01002,2RF12,2RF1200,1,자산운용보고서(공모펀드),1,KR5102286220,R,시장
20260815,└▶하나파워1.5배레버리지인덱스증권투자신탁[주식-파생형]ClassC,하나자산운용,KR5102286246,A01002,2RF12,2RF1200,1,자산운용보고서(공모펀드),1,KR5102286246,R,시장
20260815,└▶하나파워1.5배레버리지인덱스증권투자신탁[주식-파생형]ClassC-E,하나자산운용,KR5102286253,A01002,2RF12,2RF1200,1,자산운용보고서(공모펀드),1,KR5102286253,R,시장
20260815,└▶하나파워1.5배레버리지인덱스증권투자신탁[주식-파생형]ClassA-U,하나자산운용,KR5102AH5710,A01002,2RF12,2RF1200,1,자산운용보고서(공모펀드),1,KR5102AH5710,R,시장
20260815,한국밸류10년투자파이오니아증권투자신탁(주식),한국투자밸류자산운용,KR5236832402,A01044,2RF12,2RF1200,1,자산운용보고서(공모펀드),1,KR5236832402,R,시장
20260815,└▶한국밸류10년투자파이오니아증권투자신탁(주식)(A),한국투자밸류자산운용,K55236C98561,A01044,2RF12,2RF1200,1,자산운용보고서(공모펀드),1,K55236C98561,R,시장
20260815,└▶한국밸류10년투자파이오니아증권투자신탁(주식)(A-E),한국투자밸류자산운용,K55236C98579,A01044,2RF12,2RF1200,1,자산운용보고서(공모펀드),1,K55236C98579,R,시장
20260815,└▶한국밸류10년투자파이오니아증권투자신탁(주식)(C),한국투자밸류자산운용,K55236C98587,A01044,2RF12,2RF1200,1,자산운용보고서(공모펀드),1,K55236C98587,R,시장
20260815,└▶한국밸류10년투자파이오니아증권투자신탁(주식)(C-E),한국투자밸류자산운용,K55236C98595,A01044,2RF12,2RF1200,1,자산운용보고서(공모펀드),1,K55236C98595,R,시장
20260815,└▶한국밸류10년투자파이오니아증권투자신탁(주식)(S),한국투자밸류자산운용,K55236C98603,A01044,2RF12,2RF1200,1,자산운용보고서(공모펀드),1,K55236C98603,R,시장
20260815,└▶한국밸류10년투자파이오니아증권투자신탁(주식)(C-Pe),한국투자밸류자산운용,K55236CG1939,A01044,2RF12,2RF1200,1,자산운용보고서(공모펀드),1,K55236CG1939,R,시장
20260815,└▶한국밸류10년투자파이오니아증권투자신탁(주식)(C-Re),한국투자밸류자산운용,K55236CG1954,A01044,2RF12,2RF1200,1,자산운용보고서(공모펀드),1,K55236CG1954,R,시장
20260815,└▶한국밸류10년투자파이오니아증권투자신탁(주식)(S-P),한국투자밸류자산운용,K55236EM9783,A01044,2RF12,2RF1200,1,자산운용보고서(공모펀드),1,K55236EM9783,R,시장
20260815,└▶한국밸류10년투자파이오니아증권투자신탁(주식)(S-R),한국투자밸류자산운용,K55236EM9791,A01044,2RF12,2RF1200,1,자산운용보고서(공모펀드),1,K55236EM9791,R,시장
20260815,└▶한국밸류10년투자파이오니아증권투자신탁(주식)(H-A),한국투자밸류자산운용,KR5236831529,A01044,2RF12,2RF1200,1,자산운용보고서(공모펀드),1,KR5236831529,R,시장
20260815,└▶한국밸류10년투자파이오니아증권투자신탁(주식)(H-C),한국투자밸류자산운용,KR5236831537,A01044,2RF12,2RF1200,1,자산운용보고서(공모펀드),1,KR5236831537,R,시장
20260815,하나파워1.5배레버리지인덱스증권투자신탁[주식-파생형],하나자산운용,KR5102286212,A01002,2RF02,2RF0200,1,회계감사보고서(공모펀드),1,KR5102286212,R,시장
20260815,└▶하나파워1.5배레버리지인덱스증권투자신탁[주식-파생형]ClassA,하나자산운용,KR5102286220,A01002,2RF02,2RF0200,1,회계감사보고서(공모펀드),1,KR5102286220,R,시장
20260815,└▶하나파워1.5배레버리지인덱스증권투자신탁[주식-파생형]ClassC,하나자산운용,KR5102286246,A01002,2RF02,2RF0200,1,회계감사보고서(공모펀드),1,KR5102286246,R,시장
20260815,└▶하나파워1.5배레버리지인덱스증권투자신탁[주식-파생형]ClassC-E,하나자산운용,KR5102286253,A01002,2RF02,2RF0200,1,회계감사보고서(공모펀드),1,KR5102286253,R,시장
20260815,└▶하나파워1.5배레버리지인덱스증권투자신탁[주식-파생형]ClassA-U,하나자산운용,KR5102AH5710,A01002,2RF02,2RF0200,1,회계감사보고서(공모펀드),1,KR5102AH5710,R,시장
20260815,현대인베스트먼트인덱스알파증권모투자신탁(주식-파생형),현대인베스트먼트자산운용,K55239BT3409,A01047,2RF02,2RF0200,1,회계감사보고서(공모펀드),1,K55239BT3409,R,시장
20260815,현대인베스트먼트인덱스알파증권자투자신탁 1(주식-파생형),현대인베스트먼트자산운용,K55239BT3425,A01047,2RF02,2RF0200,1,회계감사보고서(공모펀드),1,K55239BT3425,R,시장
20260815,└▶현대인베스트먼트인덱스알파증권자투자신탁 1(주식-파생형)C-e,현대인베스트먼트자산운용,K55239BT3516,A01047,2RF02,2RF0200,1,회계감사보고서(공모펀드),1,K55239BT3516,R,시장
20260815,└▶현대인베스트먼트인덱스알파증권자투자신탁 1(주식-파생형)C-I,현대인베스트먼트자산운용,K55239BT3524,A01047,2RF02,2RF0200,1,회계감사보고서(공모펀드),1,K55239BT3524,R,시장
20260815,└▶현대인베스트먼트인덱스알파증권자투자신탁 1(주식-파생형)S,현대인베스트먼트자산운용,K55239BT3540,A01047,2RF02,2RF0200,1,회계감사보고서(공모펀드),1,K55239BT3540,R,시장
20260815,└▶현대인베스트먼트인덱스알파증권자투자신탁 1(주식-파생형)S-P,현대인베스트먼트자산운용,K55239CZ9993,A01047,2RF02,2RF0200,1,회계감사보고서(공모펀드),1,K55239CZ9993,R,시장
