cohort,ISU_CD,KRX종목명,result,asoStdCd,포털펀드명,name_candidate_count,linked_krx_count,review_reasons
9월 이름 규칙,451060,1Q 200액티브,일치,K55102DZ8758,하나 1Q 200액티브증권상장지수투자신탁[주식],1,1,
9월 이름 규칙,0184E0,1Q 200채권혼합50액티브,일치,K55102EU6996,하나 1Q 200채권혼합50액티브증권상장지수투자신탁[채권혼합],1,1,
9월 이름 규칙,0182R0,1Q K반도체TOP2+,일치,K55102EU0908,하나 1Q K반도체TOP2+증권상장지수투자신탁[주식],2,1,MULTIPLE_NAME_CANDIDATES
9월 이름 규칙,0182S0,1Q K반도체TOP2채권혼합50,일치,K55102EU0924,하나 1Q K반도체TOP2채권혼합50증권상장지수투자신탁[채권혼합],1,1,
9월 이름 규칙,0103T0,1Q K소버린AI,일치,K55102EN9924,하나 1Q K소버린AI증권상장지수투자신탁[주식],1,1,
9월 이름 규칙,0198D0,1Q SK하이닉스선물단일종목레버리지,일치,K55102EV7951,하나 1Q SK하이닉스선물단일종목레버리지증권상장지수투자신탁[주식-파생형],1,1,
9월 이름 규칙,463290,1Q 단기금융채액티브,일치,K55102E37825,하나 1Q 단기금융채액티브증권상장지수투자신탁[채권],1,1,
9월 이름 규칙,0131W0,1Q 단기특수은행채액티브,일치,K55102EP6969,하나1Q단기특수은행채액티브증권상장지수투자신탁[채권],1,1,
9월 이름 규칙,479080,1Q 머니마켓액티브,일치,K55102EA1314,하나 1Q 머니마켓액티브증권상장지수투자신탁 [채권],1,1,
9월 이름 규칙,0026S0,1Q 미국S&P500,일치,K55102EK9976,하나 1Q 미국S&P500미국채혼합50액티브증권상장지수투자신탁(채권혼합),2,2,MULTIPLE_NAME_CANDIDATES;SHARED_PORTAL_PRODUCT
9월 이름 규칙,0052S0,1Q 미국S&P500미국채혼합50액티브,일치,K55102EK9976,하나 1Q 미국S&P500미국채혼합50액티브증권상장지수투자신탁(채권혼합),1,2,SHARED_PORTAL_PRODUCT
9월 이름 규칙,0069M0,1Q 미국나스닥100,일치,K55102EL5296,하나 1Q 미국나스닥100증권상장지수투자신탁[주식],2,1,MULTIPLE_NAME_CANDIDATES
9월 이름 규칙,0111P0,1Q 미국나스닥100미국채혼합50액티브,일치,K55102EO1193,하나 1Q 미국나스닥100미국채혼합50액티브증권상장지수투자신탁[채권혼합],1,1,
9월 이름 규칙,0083S0,1Q 미국메디컬AI,일치,K55102EM4231,하나 1Q 미국메디컬AI증권상장지수투자신탁[주식],1,1,
9월 이름 규칙,0004G0,1Q 미국배당TOP30,일치,K55102EG6572,하나 1Q 미국배당TOP30증권상장지수투자신탁[주식],1,1,
9월 이름 규칙,0131V0,1Q 미국우주항공테크,일치,K55102EP3701,하나1Q미국우주항공테크증권상장지수투자신탁[주식],1,1,
9월 이름 규칙,0198B0,1Q 삼성전자선물단일종목레버리지,일치,K55102EV7944,하나 1Q 삼성전자선물단일종목레버리지증권상장지수투자신탁[주식-파생형],1,1,
9월 이름 규칙,0094X0,1Q 샤오미밸류체인액티브,일치,K55102EN6979,하나 1Q 샤오미밸류체인액티브증권상장지수투자신탁[주식],1,1,
9월 이름 규칙,0224X0,1Q 엔비디아알파벳미국채혼합50,일치,K55102EX2018,하나 1Q 엔비디아알파벳미국채혼합50증권상장지수투자신탁[채권혼합],1,1,
9월 이름 규칙,0172V0,1Q 은액티브,일치,K55102ET0257,하나 1Q 은액티브특별자산상장지수투자신탁[은-재간접형],1,1,
9월 이름 규칙,0017Y0,1Q 종합채권(AA-이상)액티브,일치,K55102EI0573,하나 1Q 종합채권(AA-이상)액티브증권상장지수투자신탁[채권],1,1,
9월 이름 규칙,0052T0,1Q 중단기회사채(A-이상)액티브,일치,K55102EJ9938,하나 1Q 중단기회사채(A-이상)액티브증권상장지수투자신탁[채권],1,1,
9월 이름 규칙,495330,1Q 코리아밸류업,일치,K55102EF9791,하나 1Q 코리아밸류업증권상장지수투자신탁[주식],1,1,
9월 이름 규칙,0186S0,1Q 코스닥150채권혼합50액티브,일치,K55102EU8786,하나 1Q 코스닥150채권혼합50액티브증권상장지수투자신탁[채권혼합],1,1,
9월 이름 규칙,492500,1Q 현대차그룹채권(A+이상)&국고통안,일치,K55102EE8018,하나 1Q 현대차그룹채권(A+이상)&국고통안증권상장지수투자신탁[채권],1,1,
9월 이름 규칙,0206G0,1Q 현대차기아채권혼합50,일치,K55102EV2721,하나 1Q 현대차기아채권혼합50증권상장지수투자신탁(채권혼합),1,1,
9월 이름 규칙,473440,ACE 11월만기자동연장회사채AA-이상액티브,일치,K55101E75520,한국투자ACE11월만기자동연장회사채(AA-이상)액티브증권상장지수투자신탁(채권),1,1,
9월 이름 규칙,105190,ACE 200,일치,KR5101877748,한국투자 ACE 200 증권 상장지수투자신탁(주식),2,1,MULTIPLE_NAME_CANDIDATES
9월 이름 규칙,475260,ACE 2월만기자동연장회사채AA-이상액티브,일치,K55101E80470,한국투자 ACE 2월만기자동연장회사채AA-이상액티브증권상장지수투자신탁(채권),1,1,
9월 이름 규칙,385600,ACE 2차전지&친환경차액티브,일치,K55101DH7878,한국투자 ACE 2차전지&친환경차액티브증권상장지수투자신탁(주식),1,1,
9월 이름 규칙,475270,ACE 5월만기자동연장회사채AA-이상액티브,일치,K55101E80488,한국투자 ACE 5월만기자동연장회사채AA-이상액티브증권상장지수투자신탁(채권),1,1,
9월 이름 규칙,475280,ACE 8월만기자동연장회사채AA-이상액티브,일치,K55101E80496,한국투자 ACE 8월만기자동연장회사채AA-이상액티브증권상장지수투자신탁(채권),1,1,
9월 이름 규칙,469150,ACE AI반도체TOP3+,일치,K55101E67600,한국투자ACE AI반도체TOP3+증권상장지수투자신탁(주식),1,1,
9월 이름 규칙,0079X0,ACE BYD밸류체인액티브,일치,K55101EJ7669,한국투자 ACE BYD밸류체인액티브증권상장지수투자신탁(주식),1,1,
9월 이름 규칙,385590,ACE ESG액티브,일치,K55101DI3603,한국투자 ACE ESG액티브증권상장지수투자신탁(주식),1,1,
9월 이름 규칙,475050,ACE KPOP포커스,일치,K55101E79688,한국투자 ACE KPOP포커스증권상장지수투자신탁(주식),1,1,
9월 이름 규칙,411060,ACE KRX금현물,일치,K55101DN7441,한국투자 ACE KRX금현물특별자산상장지수투자신탁(금),1,1,
9월 이름 규칙,0221Z0,ACE K바이오코스닥액티브,일치,K55101EW2317,한국투자 ACE K바이오코스닥액티브증권상장지수투자신탁(주식),1,1,
9월 이름 규칙,0210A0,ACE K반도체TOP2+,일치,K55101EW2275,한국투자 ACE K반도체TOP2+증권상장지수투자신탁(주식),1,1,
9월 이름 규칙,0216Z0,ACE K방산TOP5+,일치,K55101EW2283,한국투자ACEK방산TOP5+증권상장지수투자신탁(주식),1,1,
9월 이름 규칙,0172Y0,ACE K수출핵심TOP10산업액티브,일치,K55101ES8039,한국투자ACEK수출핵심TOP10산업액티브증권상장지수투자신탁(주식),1,1,
9월 이름 규칙,0177X0,ACE K휴머노이드로봇산업TOP2+,일치,K55101EU0214,한국투자 ACE K휴머노이드로봇산업TOP2+증권상장지수투자신탁(주식),1,1,
9월 이름 규칙,0194T0,ACE SK하이닉스단일종목레버리지,일치,K55101EV7101,한국투자 ACE SK하이닉스단일종목레버리지증권상장지수투자신탁(주식-파생형),1,1,
9월 이름 규칙,0139P0,ACE 고배당주,일치,K55101EV6285,한국투자 ACE 고배당주Plus커버드콜액티브 증권 상장지수투자신탁(주식-파생형),2,2,MULTIPLE_NAME_CANDIDATES;SHARED_PORTAL_PRODUCT
9월 이름 규칙,0199C0,ACE 고배당주Plus커버드콜액티브,일치,K55101EV6285,한국투자 ACE 고배당주Plus커버드콜액티브 증권 상장지수투자신탁(주식-파생형),1,2,SHARED_PORTAL_PRODUCT
9월 이름 규칙,483340,ACE 구글밸류체인액티브,일치,K55101EB6099,한국투자 ACE 구글밸류체인액티브증권상장지수투자신탁(주식),1,1,
9월 이름 규칙,365780,ACE 국고채10년,일치,K55101D95314,한국투자 ACE 국고채10년증권상장지수투자신탁(채권),1,1,
9월 이름 규칙,494340,ACE 글로벌AI맞춤형반도체,일치,K55101EE6187,한국투자 ACE 글로벌AI맞춤형반도체증권상장지수투자신탁(주식),1,1,
9월 이름 규칙,446770,ACE 글로벌반도체TOP4 Plus,일치,K55101DY2753,한국투자 ACE 글로벌반도체TOP4 Plus증권상장지수투자신탁(주식),1,1,
9월 이름 규칙,435040,ACE 글로벌브랜드TOP10,일치,K55101DU3912,한국투자 ACE 글로벌브랜드TOP10증권상장지수투자신탁(주식),1,1,
9월 이름 규칙,497510,ACE 글로벌빅파마,일치,K55101EF6160,한국투자 ACE 글로벌빅파마증권상장지수투자신탁(주식),1,1,
9월 이름 규칙,460960,ACE 글로벌인컴TOP10,일치,K55101E30004,한국투자 ACE 글로벌인컴TOP10증권상장지수투자신탁[혼합-재간접형],1,1,
9월 이름 규칙,414270,ACE 글로벌자율주행액티브,일치,K55101DP1319,한국투자 ACE 글로벌자율주행액티브 증권상장지수투자신탁(주식),1,1,
9월 이름 규칙,440640,ACE 단기채권알파액티브,일치,K55101DW2771,한국투자 ACE 단기채권알파액티브증권상장지수투자신탁(채권),1,1,
9월 이름 규칙,494330,ACE 라이프자산주주가치액티브,일치,K55101EE7904,한국투자 ACE 라이프자산주주가치액티브증권상장지수투자신탁(주식),1,1,
9월 이름 규칙,152500,ACE 레버리지,일치,KR5101A62068,한국투자 ACE 레버리지 증권상장지수투자신탁(주식-파생형),1,1,
9월 이름 규칙,0153P0,ACE 리츠부동산인프라액티브,일치,K55101EP9774,한국투자 ACE 리츠부동산인프라액티브부동산상장지수투자신탁(재간접형),1,1,
9월 이름 규칙,483330,ACE 마이크로소프트밸류체인액티브,일치,K55101EB6081,한국투자 ACE 마이크로소프트밸류체인액티브증권상장지수투자신탁(주식),1,1,
9월 이름 규칙,487340,ACE 머니마켓액티브,일치,K55101EC8482,한국투자 ACE 머니마켓액티브증권상장지수투자신탁(채권),1,1,
9월 이름 규칙,0085P0,ACE 미국10년국채액티브,일치,K55101EL9174,한국투자 ACE 미국10년국채액티브증권상장지수투자신탁[채권](H),2,2,MULTIPLE_NAME_CANDIDATES;SHARED_PORTAL_PRODUCT
9월 이름 규칙,476760,ACE 미국30년국채액티브,일치,K55101E03860,한국투자 ACE 미국30년국채액티브증권상장지수투자신탁[채권](H),2,2,MULTIPLE_NAME_CANDIDATES;SHARED_PORTAL_PRODUCT
9월 이름 규칙,0118Z0,ACE 미국AI테크핵심산업액티브,일치,K55101EO4453,한국투자 ACE 미국AI테크핵심산업액티브증권상장지수투자신탁(주식),1,1,
9월 이름 규칙,360200,ACE 미국S&P500,일치,K55101DU8887,한국투자ACE미국S&P500미국채혼합50액티브증권상장지수투자신탁(채권혼합),2,2,MULTIPLE_NAME_CANDIDATES;SHARED_PORTAL_PRODUCT
9월 이름 규칙,438080,ACE 미국S&P500미국채혼합50액티브,일치,K55101DU8887,한국투자ACE미국S&P500미국채혼합50액티브증권상장지수투자신탁(채권혼합),1,2,SHARED_PORTAL_PRODUCT
9월 이름 규칙,0155M0,ACE 미국SMR원자력TOP10,일치,K55101ER4245,한국투자ACE미국SMR원자력TOP10증권상장지수투자신탁(주식),1,1,
9월 이름 규칙,309230,ACE 미국WideMoat동일가중,일치,K55101CF3110,한국투자 ACE 미국WideMoat동일가중증권상장지수투자신탁(주식),1,1,
9월 이름 규칙,367380,ACE 미국나스닥100,일치,K55101DB1182,한국투자 ACE 미국나스닥100증권상장지수투자신탁(주식),2,1,MULTIPLE_NAME_CANDIDATES
9월 이름 규칙,438100,ACE 미국나스닥100미국채혼합50액티브,일치,K55101DU8879,한국투자 ACE 미국나스닥100미국채혼합50액티브증권상장지수투자신탁(채권혼합),1,1,
9월 이름 규칙,440650,ACE 미국달러단기채권액티브,일치,K55101DW3258,한국투자 ACE 미국달러단기채권액티브증권상장지수투자신탁(채권),1,1,
9월 이름 규칙,0127M0,ACE 미국대형가치주액티브,일치,K55101EP9626,한국투자 ACE 미국대형가치주액티브증권상장지수투자신탁(주식),1,1,
9월 이름 규칙,0127P0,ACE 미국대형성장주액티브,일치,K55101EP9634,한국투자ACE미국대형성장주액티브증권상장지수투자신탁(주식),1,1,
9월 이름 규칙,402970,ACE 미국배당다우존스,일치,K55101DN4471,한국투자 ACE 미국배당다우존스증권상장지수투자신탁(주식),1,1,
9월 이름 규칙,0046Y0,ACE 미국배당퀄리티,일치,K55101EK7278,한국투자 ACE 미국배당퀄리티증권상장지수투자신탁(주식),3,1,MULTIPLE_NAME_CANDIDATES
9월 이름 규칙,0049M0,ACE 미국배당퀄리티+커버드콜액티브,일치,K55101EK7344,한국투자ACE미국배당퀄리티+커버드콜액티브증권상장지수투자신탁(주식-재간접형),1,1,
9월 이름 규칙,0049K0,ACE 미국배당퀄리티채권혼합50,일치,K55101EK7294,한국투자 ACE 미국배당퀄리티채권혼합50증권상장지수투자신탁(채권혼합),1,1,
9월 이름 규칙,465580,ACE 미국빅테크TOP7 Plus,일치,K55101E52495,한국투자 ACE 미국빅테크TOP7 Plus인버스증권상장지수투자신탁(주식-파생형)(합성),3,2,MULTIPLE_NAME_CANDIDATES;SHARED_PORTAL_PRODUCT
9월 이름 규칙,0180V0,ACE 미국우주테크액티브,일치,K55101ET7451,한국투자ACE미국우주테크액티브증권상장지수투자신탁(주식),1,1,
9월 이름 규칙,473590,ACE 미국주식베스트셀러,일치,K55101E54012,한국투자 ACE 미국주식베스트셀러증권상장지수투자신탁(주식),1,1,
9월 이름 규칙,0008E0,ACE 미국중심중소형제조업,일치,K55101EH5038,한국투자 ACE 미국중심중소형제조업증권상장지수투자신탁(주식),1,1,
9월 이름 규칙,391600,ACE 미국친환경그린테마,일치,K55101DK6651,한국투자ACE미국친환경그린테마증권상장지수투자신탁(주식),1,1,
9월 이름 규칙,0228G0,ACE 반도체Plus전략산업,일치,K55101EY1762,한국투자 ACE 반도체Plus전략산업증권상장지수투자신탁(주식),1,1,
9월 이름 규칙,0233A0,ACE 삼성전자SK하이닉스플러스채권혼합50,일치,K55101EY7603,한국투자ACE삼성전자SK하이닉스플러스채권혼합50증권상장지수투자신탁(채권혼합),1,1,
9월 이름 규칙,0194M0,ACE 삼성전자단일종목레버리지,일치,K55101EV7093,한국투자 ACE 삼성전자단일종목레버리지증권상장지수투자신탁(주식-파생형),1,1,
9월 이름 규칙,316300,ACE 싱가포르리츠,일치,K55101CG5254,한국투자 ACE 싱가포르리츠부동산상장지수투자신탁(재간접형),1,1,
9월 이름 규칙,277540,ACE 아시아TOP50,일치,K55101BU2759,한국투자 ACE 아시아TOP50증권상장지수투자신탁(주식),1,1,
9월 이름 규칙,483320,ACE 엔비디아밸류체인액티브,일치,K55101EB6172,한국투자 ACE 엔비디아밸류체인액티브증권상장지수투자신탁(주식),1,1,
9월 이름 규칙,448540,ACE 엔비디아채권혼합,일치,K55101DY6929,한국투자 ACE 엔비디아채권혼합증권상장지수투자신탁(채권혼합),1,1,
9월 이름 규칙,0099L0,ACE 우량회사채(AA-이상)액티브,일치,K55101EN6525,한국투자 ACE 우량회사채(AA-이상)액티브증권상장지수투자신탁(채권),1,1,
9월 이름 규칙,433500,ACE 원자력TOP10,일치,K55101DU0363,한국투자 ACE 원자력TOP10증권상장지수투자신탁(주식),1,1,
9월 이름 규칙,0102X0,ACE 유럽방산TOP10,일치,K55101EN6293,한국투자 ACE 유럽방산TOP10증권상장지수투자신탁(주식),1,1,
9월 이름 규칙,487920,ACE 인도시장대표BIG5그룹액티브,일치,K55101EC1768,한국투자 ACE 인도시장대표Big5그룹액티브증권상장지수투자신탁(주식),1,1,
9월 이름 규칙,487910,ACE 인도컨슈머파워액티브,일치,K55101EB6453,한국투자 ACE 인도컨슈머파워액티브증권상장지수투자신탁(주식),1,1,
9월 이름 규칙,145670,ACE 인버스,일치,KR5101A59767,한국투자 ACE 인버스 증권 상장지수투자신탁(주식-파생형),1,1,
9월 이름 규칙,497520,ACE 일라이릴리밸류체인,일치,K55101EG1343,한국투자 ACE 일라이릴리밸류체인증권상장지수투자신탁(주식),1,1,
9월 이름 규칙,469160,ACE 일본반도체,일치,K55101E66032,한국투자 ACE 일본반도체증권상장지수투자신탁(주식),1,1,
9월 이름 규칙,356540,ACE 종합채권(AA-이상)액티브,일치,K55101D34156,한국투자 ACE 종합채권(AA-이상)액티브증권상장지수투자신탁(채권),1,1,
9월 이름 규칙,447430,ACE 주주환원가치주액티브,일치,K55101DY4338,한국투자 ACE 주주환원가치주액티브증권상장지수투자신탁(주식),1,1,
9월 이름 규칙,416090,ACE 중국과창판STAR50,일치,K55101DP7530,한국투자 ACE 중국과창판STAR50증권상장지수투자신탁(주식),1,1,
9월 이름 규칙,168580,ACE 중국본토CSI300,일치,KR5101AD5756,한국투자 ACE 중국본토 CSI300 증권 자상장지수투자신탁(주식-파생형),1,1,
9월 이름 규칙,272910,ACE 중장기국공채액티브,일치,K55101BQ9602,한국투자 ACE 중장기국공채액티브증권상장지수투자신탁(채권),1,1,
9월 이름 규칙,0087F0,ACE 차이나AI빅테크TOP2+액티브,일치,K55101EM0842,한국투자 ACE 차이나AI빅테크TOP2+액티브증권상장지수투자신탁(주식),1,1,
9월 이름 규칙,371870,ACE 차이나항셍테크,일치,K55101DC5406,한국투자 ACE 차이나항셍테크증권상장지수투자신탁(주식),1,1,
9월 이름 규칙,0209Z0,ACE 코리아AI전력TOP10,일치,K55101EU2731,한국투자 ACE 코리아AI전력TOP10증권상장지수투자신탁(주식),1,1,
9월 이름 규칙,380340,ACE 코리아AI테크핵심산업,일치,K55101DH2341,한국투자 ACE 코리아AI테크핵심산업증권 상장지수투자신탁(주식),1,1,
9월 이름 규칙,496120,ACE 코리아밸류업,일치,K55101EF9826,한국투자 ACE 코리아밸류업증권상장지수투자신탁(주식),1,1,
9월 이름 규칙,354500,ACE 코스닥150,일치,K55101D41516,한국투자 ACE 코스닥150증권상장지수투자신탁(주식),1,1,
9월 이름 규칙,305050,ACE 코스피,일치,K55101CC3048,한국투자 ACE 코스피증권상장지수투자신탁(주식),1,1,
9월 이름 규칙,457480,ACE 테슬라밸류체인액티브,일치,K55101E19387,한국투자 ACE 테슬라밸류체인액티브증권상장지수투자신탁(주식),1,1,
9월 이름 규칙,469170,ACE 포스코그룹포커스,일치,K55101E67568,한국투자 ACE 포스코그룹포커스증권상장지수투자신탁(주식),1,1,
9월 이름 규칙,0193M0,BNK 27-12 특수채(AAA이상)액티브,일치,K55240EV4951,BNK BNK27-12특수채(AAA이상)액티브증권상장지수투자신탁(채권),1,1,
9월 이름 규칙,466810,BNK 2차전지양극재,일치,K55240E62094,BNK BNK2차전지양극재증권상장지수투자신탁(주식),1,1,
9월 이름 규칙,457930,BNK 미래전략기술액티브,일치,K55240E32568,BNK BNK미래전략기술액티브 증권상장지수투자신탁(주식),1,1,
9월 이름 규칙,0218K0,BNK 스마트카,일치,K55240EV4936,BNK BNK스마트카증권상장지수투자신탁(주식),1,1,
9월 이름 규칙,487750,BNK 온디바이스AI,일치,K55240EC9136,BNK BNK온디바이스AI증권상장지수투자신탁(주식),1,1,
9월 이름 규칙,445690,BNK 주주가치액티브,일치,K55240DY2458,BNK BNK주주가치액티브 증권상장지수투자신탁(주식),1,1,
9월 이름 규칙,0120J0,BNK 카카오그룹포커스,일치,K55240EP9438,BNK BNK 카카오그룹포커스증권상장지수투자신탁(주식),1,1,
9월 이름 규칙,486240,DAISHIN AI반도체&인프라액티브,일치,K55203EA9349,대신 DAISHIN AI반도체&인프라액티브증권상장지수투자신탁[주식],1,1,
9월 이름 규칙,434960,DAISHIN K200,일치,K55203DT1106,대신 DAISHINK200증권상장지수투자신탁[주식],1,1,
9월 이름 규칙,0189Z0,DAISHIN 금융&지주고배당,일치,K55203ET6310,대신 DAISHIN 금융&지주고배당증권상장지수투자신탁[주식],1,1,
9월 이름 규칙,0174J0,DAISHIN 오피스리츠플러스,일치,K55203EP7502,대신 DAISHIN 오피스리츠플러스부동산상장지수투자신탁[재간접형],1,1,
9월 이름 규칙,0220B0,DS 코스닥액티브,일치,K553F0EX3712,디에스 DS코스닥액티브 증권상장지수투자신탁[주식],1,1,
9월 이름 규칙,0098Z0,FOCUS 200,일치,K55104EN5177,브이아이 FOCUS 200 증권상장지수투자신탁[주식],1,1,
9월 이름 규칙,0176P0,FOCUS AI반도체위클리고정커버드콜,일치,K55104ER1156,브이아이 FOCUS AI반도체위클리고정커버드콜증권상장지수투자신탁[주식-파생형],1,1,
9월 이름 규칙,448570,FOCUS AI코리아액티브,일치,K55104DY6843,브이아이 FOCUS AI코리아 액티브 증권 상장지수 투자신탁[주식],1,1,
9월 이름 규칙,0226D0,FOCUS 금융반도체지주채권혼합50액티브,일치,K55104EX3725,브이아이 FOCUS 금융반도체지주채권혼합50액티브증권상장지수투자신탁[채권혼합],1,1,
9월 이름 규칙,293180,HANARO 200,일치,K55232DO9372,NH-Amundi HANARO 200 TOP10 증권상장지수투자신탁(주식),6,2,MULTIPLE_NAME_CANDIDATES;SHARED_PORTAL_PRODUCT
9월 이름 규칙,407310,HANARO 200 TOP10,일치,K55232DO9372,NH-Amundi HANARO 200 TOP10 증권상장지수투자신탁(주식),1,2,SHARED_PORTAL_PRODUCT
9월 이름 규칙,304780,HANARO 200선물레버리지,일치,K55232CC8882,NH-Amundi HANARO 200선물레버리지 증권 상장지수투자신탁[주식-파생형],2,1,MULTIPLE_NAME_CANDIDATES
9월 이름 규칙,306520,HANARO 200선물인버스,일치,K55232CD6992,NH-Amundi HANARO 200선물인버스 증권 상장지수투자신탁[주식-파생형],1,1,
9월 이름 규칙,0123S0,HANARO 26-12 은행채(AA+이상)액티브,일치,K55232EQ5039,NH-Amundi HANARO 26-12은행채(AA+이상)액티브 증권상장지수투자신탁[채권],1,1,
9월 이름 규칙,0091M0,HANARO 27-06 회사채(AA-이상)액티브,일치,K55232EN3029,NH-Amundi HANARO 27-06 회사채(AA-이상)액티브증권상장지수투자신탁(채권),1,1,
9월 이름 규칙,448490,HANARO 32-10 국고채액티브,일치,K55232DY8190,NH-Amundi HANARO 32-10 국고채액티브증권상장지수투자신탁(채권),1,1,
9월 이름 규칙,454320,HANARO CAPEX설비투자iSelect,일치,K55232E17012,NH-Amundi HANARO CAPEX설비투자iSelect증권상장지수투자신탁(주식),1,1,
9월 이름 규칙,395290,HANARO Fn K-POP&미디어,일치,K55232DL2883,NH-Amundi HANARO Fn K-POP&미디어증권상장지수투자신탁(주식),1,1,
9월 이름 규칙,395280,HANARO Fn K-게임,일치,K55232DL2875,NH-Amundi HANARO Fn K-게임증권상장지수투자신탁(주식),1,1,
9월 이름 규칙,368190,HANARO Fn K-뉴딜디지털플러스,일치,K55232DB8908,NH-Amundi HANARO Fn K-뉴딜디지털플러스 증권상장지수투자신탁[주식],1,1,
9월 이름 규칙,402460,HANARO Fn K-메타버스MZ,일치,K55232DN6882,NH-Amundi HANARO Fn K-메타버스MZ 증권상장지수투자신탁(주식),1,1,
9월 이름 규칙,395270,HANARO Fn K-반도체,일치,K55232DL2867,NH-Amundi HANARO Fn K-반도체증권상장지수투자신탁(주식),1,1,
9월 이름 규칙,438900,HANARO Fn K-푸드,일치,K55232DW2039,NH-Amundi HANARO Fn K-푸드증권상장지수투자신탁(주식),1,1,
9월 이름 규칙,367740,HANARO Fn5G산업,일치,K55232DB8353,NH-Amundi HANARO Fn5G산업 증권상장지수투자신탁(주식),1,1,
9월 이름 규칙,407300,HANARO Fn골프테마,일치,K55232DO9380,NH-Amundi HANARO Fn골프테마증권상장지수투자신탁(주식),1,1,
9월 이름 규칙,381560,HANARO Fn전기&수소차,일치,K55232DH1816,NH-Amundi HANARO Fn전기&수소차증권상장지수투자신탁(주식),1,1,
9월 이름 규칙,441540,HANARO Fn조선해운,일치,K55232DV7591,NH-Amundi HANARO Fn조선해운증권상장지수투자신탁(주식),1,1,
9월 이름 규칙,381570,HANARO Fn친환경에너지,일치,K55232DH1824,NH-Amundi HANARO Fn친환경에너지증권상장지수투자신탁(주식),1,1,
9월 이름 규칙,479850,HANARO K-뷰티,일치,K55232E99861,NH-Amundi HANARO K-뷰티 증권상장지수투자신탁(주식),1,1,
9월 이름 규칙,304760,HANARO KRX300,일치,K55232CC8866,NH-Amundi HANARO KRX300 증권 상장지수투자신탁[주식],1,1,
9월 이름 규칙,322410,HANARO K고배당,일치,K55232CN9895,NH-Amundi HANARO K고배당 증권 상장지수투자신탁[주식],1,1,
9월 이름 규칙,0155N0,HANARO K휴머노이드테마TOP10,일치,K55232ES4162,NH-Amundi HANARO K휴머노이드테마TOP10 증권상장지수투자신탁[주식],1,1,
9월 이름 규칙,332940,HANARO MSCI Korea TR,일치,K55232CU2974,NH-Amundi HANARO MSCI Korea TR 증권상장지수투자신탁[주식],1,1,
9월 이름 규칙,322400,HANARO e커머스,일치,K55232CN9911,NH-Amundi HANARO e커머스 증권 상장지수투자신탁[주식],1,1,
9월 이름 규칙,473640,HANARO 글로벌금채굴기업,일치,K55232E64931,NH-Amundi HANARO 글로벌금채굴기업 증권상장지수투자신탁[주식],1,1,
9월 이름 규칙,461340,HANARO 글로벌생성형AI액티브,일치,K55232E40014,NH-Amundi HANARO 글로벌생성형AI액티브증권상장지수투자신탁(주식),1,1,
9월 이름 규칙,0040S0,HANARO 글로벌피지컬AI액티브,일치,K55232EK0689,NH-Amundi HANARO 글로벌피지컬AI액티브 증권상장지수투자신탁(주식),1,1,
9월 이름 규칙,314700,HANARO 농업융복합산업,일치,K55232CI1899,NH-Amundi HANARO 농업융복합산업 증권상장지수투자신탁[주식],1,1,
9월 이름 규칙,486830,HANARO 머니마켓액티브,일치,K55232EC9151,NH-Amundi HANARO 머니마켓액티브증권상장지수투자신탁(채권),1,1,
9월 이름 규칙,0215T0,HANARO 미국AI광통신TOP10,일치,K55232EW1147,NH-Amundi HANARO 미국AI광통신TOP10증권상장지수투자신탁(주식),1,1,
9월 이름 규칙,0181B0,HANARO 미국AI메모리반도체TOP4+,일치,K55232EU6940,NH-Amundi HANARO 미국AI메모리반도체TOP4+증권상장지수투자신탁(주식),1,1,
9월 이름 규칙,432840,HANARO 미국S&P500,일치,K55232EX2250,NH-Amundi HANARO 미국S&P500액티브 증권상장지수투자신탁[주식],2,2,MULTIPLE_NAME_CANDIDATES;SHARED_PORTAL_PRODUCT
9월 이름 규칙,0219Z0,HANARO 미국S&P500액티브,일치,K55232EX2250,NH-Amundi HANARO 미국S&P500액티브 증권상장지수투자신탁[주식],1,2,SHARED_PORTAL_PRODUCT
9월 이름 규칙,498050,HANARO 바이오코리아액티브,일치,K55232EF5040,NH-Amundi HANARO 바이오코리아 액티브증권상장지수투자신탁[주식],1,1,
9월 이름 규칙,476260,HANARO 반도체핵심공정주도주,일치,K55232E86629,NH-Amundi HANARO 반도체핵심공정주도주 증권상장지수투자신탁(주식),1,1,
9월 이름 규칙,434730,HANARO 원자력iSelect,일치,K55232DU8475,NH-Amundi HANARO 원자력iSelect증권상장지수투자신탁(주식),1,1,
9월 이름 규칙,0082F0,HANARO 유럽방산,일치,K55232EM2121,NH-Amundi HANARO 유럽방산 증권상장지수투자신탁[주식],1,1,
9월 이름 규칙,491820,HANARO 전력설비투자,일치,K55232EE1347,NH-Amundi HANARO 전력설비투자증권상장지수투자신탁(주식),1,1,
9월 이름 규칙,461500,HANARO 종합채권(AA-이상)액티브,일치,K55232E28837,NH-Amundi HANARO 종합채권(AA-이상) 액티브증권상장지수투자신탁(채권),1,1,
9월 이름 규칙,0191W0,HANARO 중기종합채권(A-이상)액티브,일치,K55232EV4365,NH-Amundi HANARO 중기종합채권(A-이상) 액티브증권상장지수투자신탁[채권],1,1,
9월 이름 규칙,0111J0,HANARO 증권고배당TOP3플러스,일치,K55232EP4074,NH-Amundi HANARO 증권고배당TOP3플러스증권상장지수투자신탁[주식],1,1,
9월 이름 규칙,495750,HANARO 코리아밸류업,일치,K55232EF9588,NH-Amundi HANARO 코리아밸류업 증권상장지수투자신탁[주식],1,1,
9월 이름 규칙,304770,HANARO 코스닥150,일치,K55232CC8874,NH-Amundi HANARO 코스닥150 증권 상장지수투자신탁[주식],3,1,MULTIPLE_NAME_CANDIDATES
9월 이름 규칙,306530,HANARO 코스닥150선물레버리지,일치,K55232CD6984,NH-Amundi HANARO 코스닥150선물레버리지 증권 상장지수투자신탁[주식-파생형],2,1,MULTIPLE_NAME_CANDIDATES
9월 이름 규칙,375760,HANARO 탄소효율그린뉴딜,일치,K55232DE0613,NH-Amundi HANARO 탄소효율그린뉴딜 증권상장지수투자신탁[주식],1,1,
9월 이름 규칙,491700,HK 200,일치,K55224ED5836,흥국HK200증권상장지수투자신탁[주식],1,1,
9월 이름 규칙,0000Y0,HK 26-12 회사채(AA-이상)액티브,일치,K55224EH0304,흥국HK26-12회사채(AA-이상)액티브증권상장지수투자신탁[채권],1,1,
9월 이름 규칙,215620,HK S&P코리아로우볼,일치,K55224B12636,흥국HK S&P코리아로우볼증권상장지수투자신탁[주식],1,1,
9월 이름 규칙,0113P0,HK 머니마켓액티브,일치,K55224EO8480,흥국HK머니마켓액티브증권상장지수투자신탁[채권],1,1,
9월 이름 규칙,391670,HK 베스트일레븐액티브,일치,K55224DK4104,흥국HK베스트일레븐액티브증권상장지수투자신탁[주식],1,1,
9월 이름 규칙,472920,HK 종합채권(AA-이상)액티브,일치,K55224E73350,흥국HK종합채권(AA-이상)액티브증권상장지수투자신탁[채권],1,1,
9월 이름 규칙,472840,IBK 200,일치,K55234E63129,IBK IBK 200 증권상장지수투자신탁[주식],1,1,
9월 이름 규칙,0005G0,IBK K-AI반도체코어테크,일치,K55234EG3166,IBK IBK K-AI반도체 코어테크 증권상장지수투자신탁[주식],1,1,
9월 이름 규칙,0178H0,IBK 미국AI TOP10국채혼합50,일치,K55234ES8484,IBK IBK 미국AI TOP10국채혼합50 증권상장지수투자신탁[채권혼합],1,1,
9월 이름 규칙,0135Y0,IBK 중기종합채권(AA-이상)액티브,일치,K55234EP3298,IBK IBK 중기종합채권(AA-이상)액티브증권상장지수투자신탁[채권],1,1,
9월 이름 규칙,0221V0,IBK 초단기채권액티브,일치,K55234EV3266,IBK IBK 초단기채권액티브 증권상장지수투자신탁[채권],1,1,
9월 이름 규칙,0191S0,IBK 코스닥150,일치,K55234ET9176,IBK IBK 코스닥150 증권상장지수투자신탁[주식],12,1,MULTIPLE_NAME_CANDIDATES
9월 이름 규칙,0208N0,IBK 코스피액티브,일치,K55234ES8492,IBK IBK 코스피액티브 증권상장지수투자신탁[주식],1,1,
9월 이름 규칙,483570,KCGI 미국S&P500 TOP10,일치,K55365EB1596,케이씨지아이 KCGI 미국S&P500 TOP10 증권상장지수투자신탁[주식],1,1,
9월 이름 규칙,069660,KIWOOM 200,일치,KR5206352894,키움 KIWOOM 200 상장지수증권투자신탁[주식],5,1,MULTIPLE_NAME_CANDIDATES
9월 이름 규칙,253250,KIWOOM 200선물레버리지,일치,K55206BG4567,키움 KIWOOM 200선물레버리지증권상장지수투자신탁[주식-파생형],1,1,
9월 이름 규칙,253240,KIWOOM 200선물인버스,일치,K55206BG4575,키움 KIWOOM 200선물인버스2X증권상장지수투자신탁[주식-파생형],2,2,MULTIPLE_NAME_CANDIDATES;SHARED_PORTAL_PRODUCT
9월 이름 규칙,253230,KIWOOM 200선물인버스2X,일치,K55206BG4575,키움 KIWOOM 200선물인버스2X증권상장지수투자신탁[주식-파생형],1,2,SHARED_PORTAL_PRODUCT
9월 이름 규칙,464240,KIWOOM 26-09회사채(AA-이상)액티브,일치,K55206E39770,키움 KIWOOM 26-09회사채(AA-이상)액티브증권상장지수투자신탁[채권],1,1,
9월 이름 규칙,488200,KIWOOM K-2차전지북미공급망,일치,K55206ED2207,키움 KIWOOM K-2차전지북미공급망증권상장지수투자신탁[주식],1,1,
9월 이름 규칙,488210,KIWOOM K-반도체북미공급망,일치,K55206ED2215,키움 KIWOOM K-반도체북미공급망증권상장지수투자신탁[주식],1,1,
9월 이름 규칙,100910,KIWOOM KRX100,일치,KR5206773776,키움 KIWOOM KRX100 상장지수증권투자신탁[주식],1,1,
9월 이름 규칙,0194R0,KIWOOM SK하이닉스선물단일종목레버리지,일치,K55206EV7915,키움 KIWOOM SK하이닉스선물단일종목레버리지증권상장지수투자신탁[주식-파생형],1,1,
9월 이름 규칙,471460,KIWOOM 국고채30년액티브,일치,K55206E71195,키움 KIWOOM 국고채30년액티브증권상장지수투자신탁[채권],1,1,
9월 이름 규칙,473490,KIWOOM 글로벌AI반도체,일치,K55206E80451,키움 KIWOOM 글로벌AI반도체증권상장지수투자신탁[주식],1,1,
9월 이름 규칙,489860,KIWOOM 글로벌전력GRID인프라,일치,K55206ED3411,키움 KIWOOM 글로벌전력GRID인프라증권상장지수투자신탁[주식],1,1,
9월 이름 규칙,130730,KIWOOM 단기자금,일치,KR5206287710,키움 KIWOOM 단기자금증권상장지수투자신탁[채권],1,1,
9월 이름 규칙,419890,KIWOOM 단기채권ESG액티브,일치,K55206DR4802,키움 KIWOOM 단기채권ESG액티브증권상장지수투자신탁[채권],1,1,
9월 이름 규칙,411860,KIWOOM 독일DAX,일치,K55206DP5553,키움 KIWOOM 독일DAX증권상장지수투자신탁[주식],1,1,
9월 이름 규칙,476450,KIWOOM 머니마켓액티브,일치,K55206E91755,키움 KIWOOM 머니마켓액티브증권상장지수투자신탁[채권],1,1,
9월 이름 규칙,430500,KIWOOM 물가채KIS,일치,K55206DT2960,키움 KIWOOM 물가채KIS증권상장지수투자신탁[채권],1,1,
9월 이름 규칙,0190M0,KIWOOM 미국AI테크하이베타,일치,K55206ES9643,키움KIWOOM미국AI테크하이베타증권상장지수투자신탁[주식],1,1,
9월 이름 규칙,0224D0,KIWOOM 미국CPU반도체TOP4+,일치,K55206EX3003,키움 KIWOOM 미국CPU반도체TOP4+증권상장지수투자신탁[주식],1,1,
9월 이름 규칙,449770,KIWOOM 미국S&P500,일치,K55206DZ1378,키움 KIWOOM 미국S&P500증권상장지수투자신탁[주식](H),6,2,MULTIPLE_NAME_CANDIDATES;SHARED_PORTAL_PRODUCT
9월 이름 규칙,0137W0,KIWOOM 미국S&P500&GOLD,일치,K55206EQ5684,키움 KIWOOM 미국S&P500&GOLD증권상장지수투자신탁[주식],1,1,
9월 이름 규칙,0127T0,KIWOOM 미국S&P500&배당다우존스비중전환,일치,K55206EN6347,키움 KIWOOM 미국S&P500&배당다우존스비중전환증권상장지수투자신탁[주식],1,1,
9월 이름 규칙,0137V0,KIWOOM 미국S&P500모멘텀,일치,K55206EQ3044,키움 KIWOOM 미국S&P500모멘텀증권상장지수투자신탁[주식],1,1,
9월 이름 규칙,0107F0,KIWOOM 미국고배당&AI테크,일치,K55206EN6289,키움 KIWOOM 미국고배당&AI테크증권상장지수투자신탁[주식],1,1,
9월 이름 규칙,138230,KIWOOM 미국달러선물,일치,K55206B56275,키움 KIWOOM 미국달러선물레버리지특별자산상장지수투자신탁[미국달러-파생형],4,2,MULTIPLE_NAME_CANDIDATES;SHARED_PORTAL_PRODUCT
9월 이름 규칙,225800,KIWOOM 미국달러선물레버리지,일치,K55206B56275,키움 KIWOOM 미국달러선물레버리지특별자산상장지수투자신탁[미국달러-파생형],1,2,SHARED_PORTAL_PRODUCT
9월 이름 규칙,139660,KIWOOM 미국달러선물인버스,일치,K55206B83279,키움 KIWOOM 미국달러선물 인버스2X 특별자산상장지수투자신탁[미국달러-파생형],2,2,MULTIPLE_NAME_CANDIDATES;SHARED_PORTAL_PRODUCT
9월 이름 규칙,230480,KIWOOM 미국달러선물인버스2X,일치,K55206B83279,키움 KIWOOM 미국달러선물 인버스2X 특별자산상장지수투자신탁[미국달러-파생형],1,2,SHARED_PORTAL_PRODUCT
9월 이름 규칙,373790,KIWOOM 미국방어배당성장나스닥,일치,K55206DC2985,키움 KIWOOM 미국방어배당성장나스닥증권상장지수투자신탁[주식],1,1,
9월 이름 규칙,483030,KIWOOM 미국블록버스터바이오테크의약품+,일치,K55206EB3249,키움 KIWOOM 미국블록버스터바이오테크의약품+증권상장지수투자신탁[주식],1,1,
9월 이름 규칙,459790,KIWOOM 미국성장기업30액티브,일치,K55206E19798,키움 KIWOOM 미국성장기업30액티브증권상장지수투자신탁[주식],1,1,
9월 이름 규칙,0174R0,KIWOOM 미국성장다우존스,일치,K55206ER7937,키움 KIWOOM 미국성장다우존스증권상장지수투자신탁[주식],1,1,
9월 이름 규칙,498270,KIWOOM 미국양자컴퓨팅,일치,K55206EE9458,키움 KIWOOM 미국양자컴퓨팅증권상장지수투자신탁[주식],1,1,
9월 이름 규칙,0207Z0,KIWOOM 미국우주데이터센터인프라,일치,K55206EV4466,키움 KIWOOM 미국우주데이터센터인프라증권상장지수투자신탁[주식],1,1,
9월 이름 규칙,0216K0,KIWOOM 미국우주테크TOP2채권혼합50,일치,K55206EW2329,키움 KIWOOM 미국우주테크TOP2채권혼합50증권상장지수투자신탁[채권혼합],1,1,
9월 이름 규칙,474800,KIWOOM 미국원유에너지기업,일치,K55206E81673,키움 KIWOOM 미국원유에너지기업증권상장지수투자신탁[주식],1,1,
9월 이름 규칙,104520,KIWOOM 블루칩,일치,KR5206853859,키움 KIWOOM 블루칩 상장지수증권투자신탁[주식],1,1,
9월 이름 규칙,0234N0,KIWOOM 삼성SK그룹TOP4+,일치,K55206EY6435,키움KIWOOM삼성SK그룹TOP4+증권상장지수투자신탁[주식],1,1,
9월 이름 규칙,0183V0,KIWOOM 삼성전자&SK하이닉스채권혼합50,일치,K55206ES9650,키움KIWOOM삼성전자&SK하이닉스채권혼합50증권상장지수투자신탁[채권혼합],1,1,
9월 이름 규칙,0194N0,KIWOOM 삼성전자선물단일종목레버리지,일치,K55206EV7907,키움 KIWOOM 삼성전자선물단일종목레버리지증권상장지수투자신탁[주식-파생형],1,1,
9월 이름 규칙,483020,KIWOOM 의료AI,일치,K55206EB5608,키움 KIWOOM 의료AI증권상장지수투자신탁[주식],1,1,
9월 이름 규칙,454780,KIWOOM 종합채권(AA-이상)액티브,일치,K55206E15705,키움 KIWOOM 종합채권(AA-이상)액티브증권상장지수투자신탁[채권],1,1,
9월 이름 규칙,454180,KIWOOM 차이나내수소비TOP CSI,일치,K55206E09914,키움 KIWOOM 차이나내수소비TOPCSI증권상장지수투자신탁[주식-파생형],1,1,
9월 이름 규칙,104530,KIWOOM 코리아고배당,일치,KR5206853842,키움 KIWOOM 코리아 고배당 상장지수증권투자신탁[주식],1,1,
9월 이름 규칙,496090,KIWOOM 코리아밸류업,일치,K55206EF9358,키움 KIWOOM 코리아밸류업증권상장지수투자신탁[주식],1,1,
9월 이름 규칙,469790,KIWOOM 코리아테크TOP10,일치,K55206E61196,키움 KIWOOM 코리아테크TOP10증권상장지수투자신탁[주식],1,1,
9월 이름 규칙,316670,KIWOOM 코스닥150,일치,K55206EV2718,키움 KIWOOM 코스닥150커버드콜액티브증권상장지수투자신탁[주식-파생형],4,2,MULTIPLE_NAME_CANDIDATES;SHARED_PORTAL_PRODUCT
9월 이름 규칙,291630,KIWOOM 코스닥150선물레버리지,일치,K55206C29098,키움 KIWOOM 코스닥150선물레버리지증권상장지수투자신탁[주식-파생형],1,1,
9월 이름 규칙,291620,KIWOOM 코스닥150선물인버스,일치,K55206C29080,키움 KIWOOM 코스닥150선물인버스증권상장지수투자신탁[주식-파생형],1,1,
9월 이름 규칙,0198A0,KIWOOM 코스닥150커버드콜액티브,일치,K55206EV2718,키움 KIWOOM 코스닥150커버드콜액티브증권상장지수투자신탁[주식-파생형],1,2,SHARED_PORTAL_PRODUCT
9월 이름 규칙,0097L0,KIWOOM 한국고배당&미국AI테크,일치,K55206EN5646,키움 KIWOOM 한국고배당&미국AI테크증권상장지수투자신탁[주식],1,1,
9월 이름 규칙,0220A0,KIWOOM 현대차그룹TOP3채권혼합50,일치,K55206EX4787,키움 KIWOOM 현대차그룹TOP3채권혼합50증권상장지수투자신탁[채권혼합],1,1,
9월 이름 규칙,069500,KODEX 200,일치,K55105EX2080,삼성 KODEX 200커버드콜액티브증권상장지수투자신탁[주식-파생형],14,2,MULTIPLE_NAME_CANDIDATES;SHARED_PORTAL_PRODUCT
9월 이름 규칙,226980,KODEX 200 중소형,일치,K55105B66492,삼성KODEX200중소형증권상장지수투자신탁[주식],1,1,
9월 이름 규칙,337160,KODEX 200ESG,일치,K55105CX1894,삼성KODEX 200ESG 증권상장지수투자신탁[주식],1,1,
9월 이름 규칙,337150,KODEX 200exTOP,일치,K55105CX0532,삼성KODEX 200exTOP 증권상장지수투자신탁[주식],1,1,
9월 이름 규칙,223190,KODEX 200가치저변동,일치,K55105B39242,삼성KODEX200가치저변동증권상장지수투자신탁[주식],1,1,
9월 이름 규칙,252650,KODEX 200동일가중,일치,K55105BG6549,삼성KODEX200동일가중증권상장지수투자신탁[주식],1,1,
9월 이름 규칙,360140,KODEX 200롱코스닥150숏선물,일치,K55105D60632,삼성KODEX 200롱코스닥150숏 선물증권상장지수투자신탁[주식-파생형],1,1,
9월 이름 규칙,284430,KODEX 200미국채혼합50,일치,K55105BZ3766,삼성 KODEX 200미국채혼합50증권상장지수투자신탁[채권혼합-파생형],1,1,
9월 이름 규칙,252670,KODEX 200선물인버스2X,일치,K55105BG8438,삼성KODEX200선물인버스2X증권상장지수투자신탁[주식-파생형],1,1,
9월 이름 규칙,494890,KODEX 200액티브,일치,K55105EE6431,삼성 KODEX 200액티브증권상장지수투자신탁[주식-파생형],1,1,
9월 이름 규칙,0219E0,KODEX 200커버드콜액티브,일치,K55105EX2080,삼성 KODEX 200커버드콜액티브증권상장지수투자신탁[주식-파생형],1,2,SHARED_PORTAL_PRODUCT
9월 이름 규칙,498400,KODEX 200타겟위클리커버드콜,일치,K55105EG3659,삼성 KODEX 200타겟위클리커버드콜증권상장지수투자신탁[주식-파생형],1,1,
9월 이름 규칙,0117L0,KODEX 26-12 금융채(AA-이상)액티브,일치,K55105EN8634,삼성 KODEX 26-12 금융채(AA-이상)액티브증권상장지수투자신탁[채권],1,1,
9월 이름 규칙,473290,KODEX 26-12 회사채(AA-이상)액티브,일치,K55105E71496,삼성KODEX 26-12 회사채(AA-이상)액티브증권상장지수투자신탁[채권],1,1,
9월 이름 규칙,0007F0,KODEX 27-12 회사채(AA-이상)액티브,일치,K55105EG9086,삼성 KODEX 27-12 회사채(AA-이상)액티브증권상장지수투자신탁[채권],1,1,
9월 이름 규칙,0119H0,KODEX 28-12 회사채(AA-이상)액티브,일치,K55105EN8642,삼성KODEX 28-12 회사채(AA-이상)액티브증권상장지수투자신탁[채권],1,1,
9월 이름 규칙,305720,KODEX 2차전지산업,일치,K55105E32308,삼성KODEX2차전지산업레버리지증권상장지수투자신탁[주식-파생형],2,2,MULTIPLE_NAME_CANDIDATES;SHARED_PORTAL_PRODUCT
9월 이름 규칙,462330,KODEX 2차전지산업레버리지,일치,K55105E32308,삼성KODEX2차전지산업레버리지증권상장지수투자신탁[주식-파생형],1,2,SHARED_PORTAL_PRODUCT
9월 이름 규칙,461950,KODEX 2차전지핵심소재10,일치,K55105E32290,삼성 KODEX 2차전지핵심소재10증권상장지수투자신탁[주식],1,1,
9월 이름 규칙,457690,KODEX 33-06 국고채액티브,일치,K55105E17036,삼성KODEX 33-06국고채액티브증권상장지수투자신탁[채권],1,1,
9월 이름 규칙,457700,KODEX 53-09 국고채액티브,일치,K55105E17044,삼성KODEX 53-09국고채액티브증권상장지수투자신탁[채권],1,1,
9월 이름 규칙,395160,KODEX AI반도체TOP2플러스,일치,K55105DI5372,삼성 KODEX AI반도체TOP2플러스증권상장지수투자신탁[주식],1,1,
9월 이름 규칙,471990,KODEX AI반도체핵심장비,일치,K55105E71488,삼성 KODEX AI반도체핵심장비증권상장지수투자신탁[주식],1,1,
9월 이름 규칙,487240,KODEX AI전력핵심설비,일치,K55105EC1749,삼성KODEX AI전력핵심설비증권상장지수투자신탁[주식],1,1,
9월 이름 규칙,439860,KODEX ESG종합채권(A-이상)액티브,일치,K55105DR2899,삼성KODEX ESG종합채권(A-이상)액티브증권상장지수투자신탁[채권],1,1,
9월 이름 규칙,266370,KODEX IT,일치,K55105BM5634,삼성KODEX IT 증권상장지수투자신탁(주식),1,1,
9월 이름 규칙,368680,KODEX K-뉴딜디지털플러스,일치,K55105DB2905,삼성 KODEX K-뉴딜디지털플러스증권상장지수투자신탁[주식],1,1,
9월 이름 규칙,292190,KODEX KRX300,일치,K55105CE6045,삼성KODEX KRX300레버리지증권상장지수투자신탁[주식-파생형],3,2,MULTIPLE_NAME_CANDIDATES;SHARED_PORTAL_PRODUCT
9월 이름 규칙,306950,KODEX KRX300레버리지,일치,K55105CE6045,삼성KODEX KRX300레버리지증권상장지수투자신탁[주식-파생형],1,2,SHARED_PORTAL_PRODUCT
9월 이름 규칙,229720,KODEX KTOP30,일치,K55105B76798,삼성KODEX KTOP30증권상장지수투자신탁[주식],1,1,
9월 이름 규칙,266360,KODEX K콘텐츠,일치,K55105BM5626,삼성KODEX K콘텐츠증권상장지수투자신탁[주식],1,1,
9월 이름 규칙,156080,KODEX MSCI Korea,일치,KR5105AA2075,삼성KODEX MSCI KOREA 증권상장지수투자신탁[주식],2,1,MULTIPLE_NAME_CANDIDATES
9월 이름 규칙,251350,KODEX MSCI선진국,일치,K55105BF7266,삼성 KODEX MSCI 선진국증권상장지수투자신탁[주식],1,1,
9월 이름 규칙,0193T0,KODEX SK하이닉스단일종목레버리지,일치,K55105EV6356,삼성 KODEX SK하이닉스단일종목레버리지증권상장지수투자신탁[주식-파생형],1,1,
9월 이름 규칙,329650,KODEX TRF3070,일치,K55105CS1271,삼성KODEX TRF 3070 증권상장지수투자신탁[채권혼합],1,1,
9월 이름 규칙,329660,KODEX TRF5050,일치,K55105CS1263,삼성KODEX TRF 5050 증권상장지수투자신탁[채권혼합-재간접형],1,1,
9월 이름 규칙,329670,KODEX TRF7030,일치,K55105CS1255,삼성KODEX TRF 7030 증권상장지수투자신탁[주식혼합-재간접형],1,1,
9월 이름 규칙,395170,KODEX Top10동일가중,일치,K55105DK2011,삼성 KODEX Top10동일가중증권상장지수투자신탁[주식],1,1,
9월 이름 규칙,468370,KODEX iShares미국인플레이션국채액티브,일치,K55105E57099,삼성KODEX iShares미국인플레이션국채액티브증권상장지수투자신탁[채권-재간접형],1,1,
9월 이름 규칙,468630,KODEX iShares미국투자등급회사채액티브,일치,K55105E57073,삼성KODEX iShares미국투자등급회사채액티브증권상장지수투자신탁[채권-재간접형],1,1,
9월 이름 규칙,468380,KODEX iShares미국하이일드액티브,일치,K55105E57081,삼성KODEX iShares미국하이일드액티브증권상장지수투자신탁[채권-재간접형],1,1,
9월 이름 규칙,275290,KODEX 가치주,일치,K55105BQ9434,삼성 KODEX 가치주 증권상장지수투자신탁[주식],1,1,
9월 이름 규칙,117700,KODEX 건설,일치,KR5105171502,삼성KODEX건설증권상장지수투자신탁[주식],1,1,
9월 이름 규칙,300950,KODEX 게임산업,일치,K55105CB0603,삼성KODEX게임산업증권상장지수투자신탁[주식형],1,1,
9월 이름 규칙,266390,KODEX 경기소비재,일치,K55105BM5592,삼성KODEX 경기소비재증권상장지수투자신탁[주식],1,1,
9월 이름 규칙,279530,KODEX 고배당주,일치,K55105BW6366,삼성 KODEX 고배당주 증권상장지수투자신탁[주식],1,1,
9월 이름 규칙,471230,KODEX 국고채10년액티브,일치,K55105E67924,삼성 KODEX 국고채10년액티브증권상장지수투자신탁[채권],1,1,
9월 이름 규칙,439870,KODEX 국고채30년액티브,일치,K55105DV4568,삼성KODEX 국고채30년액티브증권상장지수투자신탁[채권],1,1,
9월 이름 규칙,114260,KODEX 국고채3년,일치,KR5105149383,삼성 KODEX 국고채3년 증권상장지수투자신탁[채권],1,1,
9월 이름 규칙,292770,KODEX 국채선물3년인버스,일치,K55105C60402,삼성KODEX국채선물3년인버스증권상장지수투자신탁[채권-파생형],1,1,
9월 이름 규칙,476070,KODEX 글로벌비만치료제TOP2 Plus,일치,K55105E79341,삼성 KODEX 글로벌비만치료제TOP2 Plus증권상장지수투자신탁[주식],1,1,
9월 이름 규칙,0064K0,KODEX 금액티브,일치,K55105EK8983,삼성 KODEX 금액티브특별자산상장지수투자신탁[금-파생재간접형],1,1,
9월 이름 규칙,0089D0,KODEX 금융고배당TOP10,일치,K55105EM2703,삼성 KODEX 금융고배당TOP10증권상장지수투자신탁[주식],2,1,MULTIPLE_NAME_CANDIDATES
9월 이름 규칙,498410,KODEX 금융고배당TOP10타겟위클리커버드콜,일치,K55105EF7263,삼성 KODEX 금융고배당TOP10타겟위클리커버드콜증권상장지수투자신탁[주식-파생형],1,1,
9월 이름 규칙,0162M0,KODEX 금융채1~2년(AA-이상)PLUS액티브,일치,K55105ER7764,삼성 KODEX 금융채1~2년(AA-이상)PLUS액티브증권상장지수투자신탁[채권],1,1,
9월 이름 규칙,102960,KODEX 기계장비,일치,KR5105837854,삼성KODEX기계장비증권상장지수투자신탁[주식],1,1,
9월 이름 규칙,404260,KODEX 기후변화솔루션,일치,K55105DN4469,삼성 KODEX 기후변화솔루션증권상장지수투자신탁[주식],1,1,
9월 이름 규칙,273140,KODEX 단기변동금리부채권액티브,일치,K55105BR3113,삼성KODEX 단기변동금리부채권액티브증권상장지수투자신탁[채권],1,1,
9월 이름 규칙,153130,KODEX 단기채권,일치,KR5105A84337,삼성KODEX단기채권증권상장지수투자신탁[채권],2,1,MULTIPLE_NAME_CANDIDATES
9월 이름 규칙,214980,KODEX 단기채권PLUS,일치,K55105B00244,삼성KODEX단기채권PLUS증권상장지수투자신탁[채권],1,1,
9월 이름 규칙,487950,KODEX 대만테크고배당다우존스,일치,K55105EB3910,삼성 KODEX 대만테크고배당다우존스증권상장지수투자신탁[주식],1,1,
9월 이름 규칙,122630,KODEX 레버리지,일치,KR5105191153,삼성KODEX레버리지증권상장지수투자신탁[주식-파생형],1,1,
9월 이름 규칙,445290,KODEX 로봇액티브,일치,K55105DW7453,삼성 KODEX 로봇액티브증권상장지수투자신탁[주식],1,1,
9월 이름 규칙,488770,KODEX 머니마켓액티브,일치,K55105EC8033,삼성 KODEX 머니마켓액티브증권상장지수투자신탁[채권],1,1,
9월 이름 규칙,337120,KODEX 멀티팩터,일치,K55105CX0524,삼성 KODEX 멀티팩터증권상장지수투자신탁[주식],1,1,
9월 이름 규칙,401470,KODEX 메타버스액티브,일치,K55105DM5970,삼성 KODEX 메타버스액티브증권상장지수투자신탁[주식],1,1,
9월 이름 규칙,244620,KODEX 모멘텀Plus,일치,K55105BD0552,삼성KODEX모멘텀PLUS증권상장지수투자신탁[주식],1,1,
9월 이름 규칙,275280,KODEX 모멘텀주,일치,K55105BQ9400,삼성 KODEX 모멘텀주 증권상장지수투자신탁[주식],1,1,
9월 이름 규칙,308620,KODEX 미국10년국채선물,일치,K55105CF2639,삼성 KODEX 미국10년국채선물증권상장지수투자신탁[채권-파생형],1,1,
9월 이름 규칙,0173Y0,KODEX 미국AI광통신네트워크,일치,K55105ES6112,삼성 KODEX 미국AI광통신네트워크증권상장지수투자신탁 [주식],1,1,
9월 이름 규칙,0151S0,KODEX 미국AI반도체TOP3플러스,일치,K55105EQ8482,삼성 KODEX 미국AI반도체TOP3플러스증권상장지수투자신탁[주식],1,1,
9월 이름 규칙,0041D0,KODEX 미국AI소프트웨어TOP10,일치,K55105EH7642,삼성 KODEX미국AI소프트웨어TOP10 증권상장지수투자신탁[주식],1,1,
9월 이름 규칙,487230,KODEX 미국AI전력핵심인프라,일치,K55105EC0527,삼성 KODEX 미국AI전력핵심인프라증권상장지수투자신탁[주식],1,1,
9월 이름 규칙,485540,KODEX 미국AI테크TOP10,일치,K55105EB3902,삼성KODEX 미국AI테크TOP10증권상장지수투자신탁[주식],2,1,MULTIPLE_NAME_CANDIDATES
9월 이름 규칙,483280,KODEX 미국AI테크TOP10타겟커버드콜,일치,K55105EA9041,삼성 KODEX 미국AI테크TOP10타겟커버드콜증권상장지수투자신탁[주식-파생형],1,1,
9월 이름 규칙,0225V0,KODEX 미국CPU반도체TOP10,일치,K55105EX4193,삼성 KODEX 미국CPU반도체TOP10증권상장지수투자신탁[주식],1,1,
9월 이름 규칙,428560,KODEX 미국ETF산업Top10 Indxx,일치,K55105DS5107,삼성KODEX 미국ETF산업Top10 Indxx증권상장지수투자신탁[주식],1,1,
9월 이름 규칙,379800,KODEX 미국S&P500,일치,K55105EL1938,삼성 KODEX 미국S&P500버퍼6월액티브증권상장지수투자신탁[주식-파생형],17,2,MULTIPLE_NAME_CANDIDATES;SHARED_PORTAL_PRODUCT
9월 이름 규칙,453660,KODEX 미국S&P500경기소비재,일치,K55105DZ6528,삼성KODEX 미국S&P500경기소비재증권상장지수투자신탁[주식],1,1,
9월 이름 규칙,453650,KODEX 미국S&P500금융,일치,K55105DZ6536,삼성KODEX 미국S&P500금융증권상장지수투자신탁[주식],1,1,
9월 이름 규칙,0005A0,KODEX 미국S&P500데일리커버드콜OTM,일치,K55105EG1950,삼성 KODEX 미국S&P500데일리커버드콜OTM증권상장지수투자신탁[주식-파생형],1,1,
9월 이름 규칙,0026E0,KODEX 미국S&P500버퍼3월액티브,일치,K55105EH1736,삼성 KODEX 미국S&P500버퍼3월액티브증권상장지수투자신탁[주식-파생형],1,1,
9월 이름 규칙,0068M0,KODEX 미국S&P500버퍼6월액티브,일치,K55105EL1938,삼성 KODEX 미국S&P500버퍼6월액티브증권상장지수투자신탁[주식-파생형],1,2,SHARED_PORTAL_PRODUCT
9월 이름 규칙,0089C0,KODEX 미국S&P500변동성확대시커버드콜,일치,K55105EH3997,삼성 KODEX 미국S&P500변동성확대시커버드콜증권상장지수투자신탁[주식-파생형],1,1,
9월 이름 규칙,0041E0,KODEX 미국S&P500액티브,일치,K55105EJ6188,삼성 KODEX 미국S&P500액티브증권상장지수투자신탁[주식],1,1,
9월 이름 규칙,463640,KODEX 미국S&P500유틸리티,일치,K55105E38388,삼성 KODEX 미국S&P500유틸리티증권상장지수투자신탁[주식],1,1,
9월 이름 규칙,463690,KODEX 미국S&P500커뮤니케이션,일치,K55105E38404,삼성KODEX 미국S&P500커뮤니케이션증권상장지수투자신탁[주식],1,1,
9월 이름 규칙,463680,KODEX 미국S&P500테크놀로지,일치,K55105E38396,삼성 KODEX 미국S&P500테크놀로지증권상장지수투자신탁[주식],1,1,
9월 이름 규칙,453630,KODEX 미국S&P500필수소비재,일치,K55105DZ2634,삼성KODEX 미국S&P500필수소비재증권상장지수투자신탁[주식],1,1,
9월 이름 규칙,453640,KODEX 미국S&P500헬스케어,일치,K55105DZ2626,삼성KODEX 미국S&P500헬스케어증권상장지수투자신탁[주식],1,1,
9월 이름 규칙,0028X0,KODEX 미국금융테크액티브,일치,K55105EI2691,삼성 KODEX 미국금융테크액티브증권상장지수투자신탁[주식],1,1,
9월 이름 규칙,379810,KODEX 미국나스닥100,일치,K55105EE2919,삼성 KODEX 미국나스닥100데일리커버드콜OTM증권상장지수투자신탁[주식-파생형],6,2,MULTIPLE_NAME_CANDIDATES;SHARED_PORTAL_PRODUCT
9월 이름 규칙,494300,KODEX 미국나스닥100데일리커버드콜OTM,일치,K55105EE2919,삼성 KODEX 미국나스닥100데일리커버드콜OTM증권상장지수투자신탁[주식-파생형],1,2,SHARED_PORTAL_PRODUCT
9월 이름 규칙,411420,KODEX 미국나스닥AI테크액티브,일치,K55105DO3916,삼성 KODEX 미국나스닥AI테크액티브증권상장지수투자신탁[주식],1,1,
9월 이름 규칙,261240,KODEX 미국달러선물,일치,K55105BJ8583,삼성KODEX미국달러선물특별자산상장지수투자신탁[미국달러-파생형],4,1,MULTIPLE_NAME_CANDIDATES
9월 이름 규칙,261250,KODEX 미국달러선물레버리지,일치,K55105BJ8591,삼성KODEX미국달러선물레버리지특별자산상장지수투자신탁[미국달러-파생형],1,1,
9월 이름 규칙,261270,KODEX 미국달러선물인버스,일치,K55105BJ8609,삼성KODEX미국달러선물인버스특별자산상장지수투자신탁[미국달러-파생형],2,1,MULTIPLE_NAME_CANDIDATES
9월 이름 규칙,261260,KODEX 미국달러선물인버스2X,일치,K55105BJ8617,삼성KODEX미국달러선물인버스2X특별자산상장지수투자신탁[미국달러-파생형],1,1,
9월 이름 규칙,0144M0,KODEX 미국드론UAM TOP10,일치,K55105EP9614,삼성 KODEX 미국드론UAM TOP10증권상장지수투자신탁[주식],1,1,
9월 이름 규칙,0048J0,KODEX 미국머니마켓액티브,일치,K55105EK2846,삼성 KODEX 미국머니마켓액티브증권상장지수투자신탁[채권],1,1,
9월 이름 규칙,390390,KODEX 미국반도체,일치,K55105DJ0265,삼성 KODEX 미국반도체증권상장지수투자신탁[주식],1,1,
9월 이름 규칙,489250,KODEX 미국배당다우존스,일치,K55105EC8025,삼성 KODEX 미국배당다우존스증권상장지수투자신탁[주식],2,1,MULTIPLE_NAME_CANDIDATES
9월 이름 규칙,483290,KODEX 미국배당다우존스타겟커버드콜,일치,K55105EA8589,삼성 KODEX 미국배당다우존스타겟커버드콜증권상장지수투자신탁[주식-파생형],1,1,
9월 이름 규칙,473460,KODEX 미국서학개미,일치,K55105E67171,삼성KODEX 미국서학개미증권상장지수투자신탁[주식],1,1,
9월 이름 규칙,0144L0,KODEX 미국성장커버드콜액티브,일치,K55105EP9606,삼성 KODEX 미국성장커버드콜액티브증권상장지수투자신탁[주식-파생형],1,1,
9월 이름 규칙,390400,KODEX 미국스마트모빌리티S&P,일치,K55105DJ2279,삼성KODEX 미국스마트모빌리티S&P증권상장지수투자신탁[주식],1,1,
9월 이름 규칙,0167Z0,KODEX 미국우주항공,일치,K55105ES6120,삼성 KODEX 미국우주항공증권상장지수투자신탁[주식],1,1,
9월 이름 규칙,0132H0,KODEX 미국원자력SMR,일치,K55105EP4797,삼성 KODEX 미국원자력SMR증권상장지수투자신탁[주식],1,1,
9월 이름 규칙,419420,KODEX 미국클린에너지나스닥,일치,K55105DK9826,삼성KODEX 미국클린에너지나스닥증권상장지수투자신탁[주식],1,1,
9월 이름 규칙,491090,KODEX 미국테크TOP3플러스,일치,K55105EE0194,삼성KODEX 미국테크TOP3플러스증권상장지수투자신탁[주식],1,1,
9월 이름 규칙,0038A0,KODEX 미국휴머노이드로봇,일치,K55105EI8383,삼성 KODEX 미국휴머노이드로봇증권상장지수투자신탁[주식],1,1,
9월 이름 규칙,244580,KODEX 바이오,일치,K55105BC9695,삼성KODEX바이오증권상장지수투자신탁[주식],1,1,
9월 이름 규칙,091160,KODEX 반도체,일치,K55105EU6183,삼성 KODEX 반도체타겟위클리커버드콜증권상장지수투자신탁[주식-파생형],3,2,MULTIPLE_NAME_CANDIDATES;SHARED_PORTAL_PRODUCT
9월 이름 규칙,494310,KODEX 반도체레버리지,일치,K55105EE8742,삼성 KODEX반도체레버리지증권상장지수투자신탁[주식-파생형],1,1,
9월 이름 규칙,0190G0,KODEX 반도체타겟위클리커버드콜,일치,K55105EU6183,삼성 KODEX 반도체타겟위클리커버드콜증권상장지수투자신탁[주식-파생형],1,2,SHARED_PORTAL_PRODUCT
9월 이름 규칙,0080G0,KODEX 방산TOP10,일치,K55105EL4742,삼성 KODEX 방산TOP10증권상장지수투자신탁[주식],2,1,MULTIPLE_NAME_CANDIDATES
9월 이름 규칙,0100K0,KODEX 방산TOP10레버리지,일치,K55105EN0383,삼성 KODEX 방산TOP10레버리지증권상장지수투자신탁[주식-파생형],1,1,
9월 이름 규칙,325020,KODEX 배당가치,일치,K55105CP4617,삼성KODEX 배당가치증권상장지수투자신탁[주식],1,1,
9월 이름 규칙,244670,KODEX 밸류Plus,일치,K55105BD0586,삼성KODEX밸류PLUS증권상장지수투자신탁[주식],1,1,
9월 이름 규칙,140700,KODEX 보험,일치,KR5105A23640,삼성KODEX보험증권상장지수투자신탁[주식],1,1,
9월 이름 규칙,102780,KODEX 삼성그룹,일치,KR5105AY4057,삼성KODEX삼성그룹밸류증권상장지수투자신탁[주식],2,2,MULTIPLE_NAME_CANDIDATES;SHARED_PORTAL_PRODUCT
9월 이름 규칙,213610,KODEX 삼성그룹밸류,일치,KR5105AY4057,삼성KODEX삼성그룹밸류증권상장지수투자신탁[주식],1,2,SHARED_PORTAL_PRODUCT
9월 이름 규칙,0177N0,KODEX 삼성전자SK하이닉스채권혼합50,일치,K55105EQ9878,삼성 KODEX 삼성전자SK하이닉스채권혼합50증권상장지수투자신탁[채권혼합],1,1,
9월 이름 규칙,0193W0,KODEX 삼성전자단일종목레버리지,일치,K55105EV6349,삼성 KODEX 삼성전자단일종목레버리지증권상장지수투자신탁[주식-파생형],1,1,
9월 이름 규칙,448330,KODEX 삼성전자채권혼합,일치,K55105DX9797,삼성 KODEX 삼성전자채권혼합증권상장지수투자신탁[채권혼합],1,1,
9월 이름 규칙,325010,KODEX 성장주,일치,K55105CP4609,삼성 KODEX 성장주증권상장지수투자신탁[주식형],1,1,
9월 이름 규칙,385510,KODEX 신재생에너지액티브,일치,K55105DH2776,삼성 KODEX 신재생에너지액티브증권상장지수투자신탁[주식],1,1,
9월 이름 규칙,446690,KODEX 아시아AI반도체exChina액티브,일치,K55105DX9912,삼성 KODEX 아시아AI반도체exChina액티브증권상장지수투자신탁[주식],1,1,
9월 이름 규칙,437070,KODEX 아시아달러채권ESG플러스액티브,일치,K55105DR4770,삼성 KODEX 아시아달러채권ESG플러스액티브증권상장지수투자신탁[채권],1,1,
9월 이름 규칙,117460,KODEX 에너지화학,일치,KR5105166692,삼성KODEX에너지화학증권상장지수투자신탁[주식],1,1,
9월 이름 규칙,275300,KODEX 우량주,일치,K55105BQ9418,삼성 KODEX 우량주 증권상장지수투자신탁[주식],1,1,
9월 이름 규칙,140710,KODEX 운송,일치,KR5105A23632,삼성KODEX운송증권상장지수투자신탁[주식],1,1,
9월 이름 규칙,0098F0,KODEX 원자력SMR,일치,K55105EN0391,삼성 KODEX 원자력SMR증권상장지수투자신탁[주식],1,1,
9월 이름 규칙,395150,KODEX 웹툰&드라마,일치,K55105DI5380,삼성 KODEX 웹툰&드라마증권상장지수투자신탁[주식],1,1,
9월 이름 규칙,456250,KODEX 유럽명품TOP10 STOXX,일치,K55105E16996,삼성 KODEX 유럽명품TOP10 STOXX증권상장지수투자신탁[주식],1,1,
9월 이름 규칙,091170,KODEX 은행,일치,KR5105578193,삼성KODEX은행증권상장지수투자신탁[주식],1,1,
9월 이름 규칙,453810,KODEX 인도Nifty50,일치,K55105E00685,삼성 KODEX 인도Nifty50레버리지증권상장지수투자신탁[주식-파생형](합성),2,2,MULTIPLE_NAME_CANDIDATES;SHARED_PORTAL_PRODUCT
9월 이름 규칙,0000H0,KODEX 인도Nifty미드캡100,일치,K55105EG1976,삼성 KODEX 인도Nifty미드캡100증권상장지수투자신탁[주식-파생형],1,1,
9월 이름 규칙,477730,KODEX 인도타타그룹,일치,K55105E89613,삼성KODEX 인도타타그룹증권상장지수투자신탁[주식-파생형],1,1,
9월 이름 규칙,114800,KODEX 인버스,일치,KR5105152130,삼성KODEX인버스증권상장지수투자신탁[주식-파생형],1,1,
9월 이름 규칙,101280,KODEX 일본TOPIX100,일치,KR5105797835,삼성KODEX일본TOPIX100증권상장지수투자신탁[주식],1,1,
9월 이름 규칙,091180,KODEX 자동차,일치,KR5105578177,삼성KODEX자동차증권상장지수투자신탁[주식],1,1,
9월 이름 규칙,385520,KODEX 자율주행액티브,일치,K55105DH2784,삼성 KODEX 자율주행액티브증권상장지수투자신탁[주식],1,1,
9월 이름 규칙,363570,KODEX 장기종합채권(AA-이상)액티브,일치,K55105D79160,삼성KODEX장기종합채권(AA-이상)액티브증권상장지수투자신탁[채권],1,1,
9월 이름 규칙,0209D0,KODEX 전고체배터리ESS TOP2플러스,일치,K55105EW2453,삼성 KODEX 전고체배터리ESS TOP2플러스증권상장지수투자신탁[주식],1,1,
9월 이름 규칙,0115D0,KODEX 조선TOP10,일치,K55105EM8924,삼성 KODEX 조선TOP10증권상장지수투자신탁[주식],1,1,
9월 이름 규칙,273130,KODEX 종합채권(AA-이상)액티브,일치,K55105BR0838,삼성KODEX종합채권(AA-이상)액티브증권상장지수투자신탁[채권],1,1,
9월 이름 규칙,0153K0,KODEX 주주환원고배당주,일치,K55105EQ8490,삼성 KODEX 주주환원고배당주증권상장지수투자신탁[주식],1,1,
9월 이름 규칙,102970,KODEX 증권,일치,KR5105837847,삼성KODEX증권주증권상장지수투자신탁[주식],1,1,
9월 이름 규칙,0162L0,KODEX 차이나AI반도체TOP10,일치,K55105ER7772,삼성 KODEX 차이나AI반도체TOP10증권상장지수투자신탁[주식],1,1,
9월 이름 규칙,428510,KODEX 차이나AI테크액티브,일치,K55105DS5081,삼성KODEX 차이나AI테크액티브증권상장지수투자신탁[주식],1,1,
9월 이름 규칙,283580,KODEX 차이나CSI300,일치,K55105BZ2610,삼성KODEX차이나CSI300증권상장지수투자신탁[주식-파생형],1,1,
9월 이름 규칙,099140,KODEX 차이나H,일치,KR5105745933,삼성KODEX 차이나H증권상장지수투자신탁[주식],2,1,MULTIPLE_NAME_CANDIDATES
9월 이름 규칙,0065G0,KODEX 차이나테크TOP10,일치,K55105EK8991,삼성 KODEX 차이나테크TOP10증권상장지수투자신탁[주식],1,1,
9월 이름 규칙,372330,KODEX 차이나항셍테크,일치,K55105DB9181,삼성KODEX 차이나항셍테크증권상장지수투자신탁[주식],1,1,
9월 이름 규칙,0048K0,KODEX 차이나휴머노이드로봇,일치,K55105EJ5511,삼성 KODEX 차이나휴머노이드로봇증권상장지수투자신탁[주식],1,1,
9월 이름 규칙,117680,KODEX 철강,일치,KR5105171510,삼성KODEX철강증권상장지수투자신탁[주식],1,1,
9월 이름 규칙,279540,KODEX 최소변동성,일치,K55105BW6671,삼성KODEX 최소변동성 증권상장지수투자신탁[주식],1,1,
9월 이름 규칙,445150,KODEX 친환경조선해운액티브,일치,K55105DW7461,삼성 KODEX 친환경조선해운액티브증권상장지수투자신탁[주식],1,1,
9월 이름 규칙,211900,KODEX 코리아배당성장,일치,K55105B99147,삼성 KODEX 코리아배당성장채권혼합증권상장지수투자신탁[채권혼합],2,2,MULTIPLE_NAME_CANDIDATES;SHARED_PORTAL_PRODUCT
9월 이름 규칙,237370,KODEX 코리아배당성장채권혼합,일치,K55105B99147,삼성 KODEX 코리아배당성장채권혼합증권상장지수투자신탁[채권혼합],1,2,SHARED_PORTAL_PRODUCT
9월 이름 규칙,495850,KODEX 코리아밸류업,일치,K55105EF9186,삼성 KODEX 코리아밸류업증권상장지수투자신탁[주식],1,1,
9월 이름 규칙,0115E0,KODEX 코리아소버린AI,일치,K55105EN8626,삼성 KODEX 코리아소버린AI증권상장지수투자신탁[주식],1,1,
9월 이름 규칙,373490,KODEX 코리아혁신성장액티브,일치,K55105DC4892,삼성 KODEX 코리아혁신성장액티브증권상장지수투자신탁[주식],1,1,
9월 이름 규칙,229200,KODEX 코스닥150,일치,K55105D60640,삼성KODEX 코스닥150롱코스피200숏 선물증권상장지수투자신탁[주식-파생형],4,2,MULTIPLE_NAME_CANDIDATES;SHARED_PORTAL_PRODUCT
9월 이름 규칙,233740,KODEX 코스닥150레버리지,일치,K55105B91912,삼성KODEX코스닥150레버리지증권상장지수투자신탁[주식-파생형],1,1,
9월 이름 규칙,360150,KODEX 코스닥150롱코스피200숏선물,일치,K55105D60640,삼성KODEX 코스닥150롱코스피200숏 선물증권상장지수투자신탁[주식-파생형],1,2,SHARED_PORTAL_PRODUCT
9월 이름 규칙,461450,KODEX 코스닥글로벌,일치,K55105E22598,삼성KODEX 코스닥글로벌증권상장지수투자신탁[주식],1,1,
9월 이름 규칙,226490,KODEX 코스피,일치,K55105B62905,삼성KODEX 코스피증권상장지수투자신탁[주식],4,1,MULTIPLE_NAME_CANDIDATES
9월 이름 규칙,237350,KODEX 코스피100,일치,K55105B98537,삼성 KODEX 코스피100 증권상장지수투자신탁[주식],1,1,
9월 이름 규칙,337140,KODEX 코스피대형주,일치,K55105CX1886,삼성KODEX 코스피대형주증권상장지수투자신탁[주식],1,1,
9월 이름 규칙,244660,KODEX 퀄리티Plus,일치,K55105BD0578,삼성KODEX퀄리티PLUS증권상장지수투자신탁[주식],1,1,
9월 이름 규칙,375770,KODEX 탄소효율그린뉴딜,일치,K55105DD7480,삼성KODEX 탄소효율그린뉴딜증권상장지수투자신탁[주식],1,1,
9월 이름 규칙,459560,KODEX 테슬라밸류체인FactSet,일치,K55105E22382,삼성KODEX 테슬라밸류체인FactSet증권상장지수투자신탁[주식-파생형],1,1,
9월 이름 규칙,475080,KODEX 테슬라커버드콜채권혼합액티브,일치,K55105E76727,삼성 KODEX 테슬라커버드콜채권혼합액티브증권상장지수투자신탁[채권혼합-파생형],1,1,
9월 이름 규칙,266410,KODEX 필수소비재,일치,K55105BM5600,삼성KODEX 필수소비재증권상장지수투자신탁[주식],1,1,
9월 이름 규칙,298770,KODEX 한국대만IT프리미어,일치,K55105C75384,삼성KODEX한국대만IT프리미어증권상장지수투자신탁[주식-파생형],1,1,
9월 이름 규칙,476800,KODEX 한국부동산리츠인프라,일치,K55105E84051,삼성 KODEX 한국부동산리츠인프라부동산상장지수투자신탁[재간접형],1,1,
9월 이름 규칙,266420,KODEX 헬스케어,일치,K55105BM4843,삼성KODEX헬스케어증권상장지수투자신탁[주식],1,1,
9월 이름 규칙,364690,KODEX 혁신기술테마액티브,일치,K55105D92619,삼성KODEX 혁신기술테마액티브증권상장지수투자신탁[주식],1,1,
9월 이름 규칙,0204D0,KODEX 현대차로보틱스밸류체인TOP3플러스,일치,K55105EV4203,삼성 KODEX 현대차로보틱스밸류체인TOP3플러스증권상장지수투자신탁[주식],1,1,
9월 이름 규칙,487130,KoAct AI인프라액티브,일치,K553N9EC3266,삼성액티브 KoAct AI인프라액티브증권상장지수투자신탁[주식],1,1,
9월 이름 규칙,0074K0,KoAct K수출핵심기업TOP30액티브,일치,K553N9EL0774,삼성액티브 KoAct K수출핵심기업TOP30액티브증권상장지수투자신탁[주식],1,1,
9월 이름 규칙,0222D0,KoAct 고배당액티브,일치,K553N9EX6314,삼성액티브 KoAct고배당액티브증권상장지수투자신탁[주식],1,1,
9월 이름 규칙,0219B0,KoAct 광통신&위성네트워크액티브,일치,K553N9EV4881,삼성액티브 KoAct 광통신&위성네트워크액티브증권상장지수투자신탁[주식],1,1,
9월 이름 규칙,471040,KoAct 글로벌AI&로봇액티브,일치,K553N9E63887,삼성액티브 KoAct 글로벌AI&로봇액티브증권상장지수투자신탁[주식],1,1,
9월 이름 규칙,0174B0,KoAct 글로벌AI메모리반도체액티브,일치,K553N9EU0641,삼성액티브 KoAct 글로벌AI메모리반도체액티브증권상장지수투자신탁[주식],1,1,
9월 이름 규칙,0132D0,KoAct 글로벌K컬처밸류체인액티브,일치,K553N9EP3691,삼성액티브 KoAct 글로벌K컬처밸류체인액티브증권상장지수투자신탁[주식],1,1,
9월 이름 규칙,0020H0,KoAct 글로벌양자컴퓨팅액티브,일치,K553N9EH9532,삼성액티브 KoAct 글로벌양자컴퓨팅액티브증권상장지수투자신탁[주식],1,1,
9월 이름 규칙,475070,KoAct 글로벌친환경전력인프라액티브,일치,K553N9E74926,삼성액티브 KoAct 글로벌친환경전력인프라액티브증권상장지수투자신탁[주식],1,1,
9월 이름 규칙,0015B0,KoAct 미국나스닥성장기업액티브,일치,K553N9EH5654,삼성액티브 KoAct 미국나스닥성장기업액티브증권상장지수투자신탁[주식],1,1,
9월 이름 규칙,0104H0,KoAct 미국나스닥채권혼합50액티브,일치,K553N9EG1423,삼성액티브 KoAct 미국나스닥채권혼합50액티브증권상장지수투자신탁[채권혼합],1,1,
9월 이름 규칙,0186L0,KoAct 미국로봇피지컬AI액티브,일치,K553N9ET5775,삼성액티브 KoAct 미국로봇피지컬AI액티브증권상장지수투자신탁[주식],1,1,
9월 이름 규칙,0113G0,KoAct 미국바이오헬스케어액티브,일치,K553N9EP3964,삼성액티브 KoAct 미국바이오헬스케어액티브증권상장지수투자신탁[주식],1,1,
9월 이름 규칙,497780,KoAct 미국천연가스인프라액티브,일치,K553N9EF5557,삼성액티브 KoAct 미국천연가스인프라액티브증권상장지수투자신탁[주식],1,1,
9월 이름 규칙,490330,KoAct 미국치매&뇌질환치료제액티브,일치,K553N9ED6821,삼성액티브 KoAct 미국치매&뇌질환치료제액티브증권상장지수투자신탁[주식],1,1,
9월 이름 규칙,462900,KoAct 바이오헬스케어액티브,일치,K553N9E27494,삼성액티브 KoAct 바이오헬스케어액티브증권상장지수투자신탁[주식],1,1,
9월 이름 규칙,482030,KoAct 반도체&2차전지핵심소재액티브,일치,K553N9E96812,삼성액티브 KoAct 반도체&2차전지핵심소재액티브상장지수투자신탁[주식],1,1,
9월 이름 규칙,476850,KoAct 배당성장액티브,일치,K553N9E80501,삼성액티브 KoAct 배당성장액티브증권상장지수투자신탁[주식],1,1,
9월 이름 규칙,0051A0,KoAct 브로드컴밸류체인액티브,일치,K553N9EJ5488,삼성액티브 KoAct 브로드컴밸류체인액티브증권상장지수투자신탁[주식],1,1,
9월 이름 규칙,0150K0,KoAct 수소전력ESS인프라액티브,일치,K553N9EQ9994,삼성액티브 KoAct 수소전력ESS인프라액티브증권상장지수투자신탁[주식],1,1,
9월 이름 규칙,0154H0,KoAct 차이나바이오헬스케어액티브,일치,K553N9EM6598,삼성액티브 KoAct 차이나바이오헬스케어액티브증권상장지수투자신탁[주식],1,1,
9월 이름 규칙,495230,KoAct 코리아밸류업액티브,일치,K553N9EF9468,삼성액티브 KoAct 코리아밸류업액티브증권상장지수투자신탁[주식],1,1,
9월 이름 규칙,0163Y0,KoAct 코스닥액티브,일치,K553N9EU4486,삼성액티브 KoAct 코스닥액티브증권상장지수투자신탁[주식],1,1,
9월 이름 규칙,0193G0,KoAct 코스피액티브,일치,K553N9EU7141,삼성액티브 KoAct 코스피액티브증권상장지수투자신탁[주식],1,1,
9월 이름 규칙,0093D0,KoAct 팔란티어밸류체인액티브,일치,K553N9EF9815,삼성액티브 KoAct 팔란티어밸류체인액티브증권상장지수투자신탁[주식],1,1,
9월 이름 규칙,0232A0,MIDAS 머니마켓액티브,일치,K55303EY2675,마이다스 MIDAS 머니마켓액티브 증권 상장지수투자신탁(채권),1,1,
9월 이름 규칙,0214M0,MIDAS 바이오헬스케어액티브,일치,K55303EX5786,마이다스 MIDAS 바이오헬스케어액티브 증권 상장지수투자신탁(주식),1,1,
9월 이름 규칙,488290,MIDAS 일본테크액티브,일치,K55303EC8553,마이다스 MIDAS 일본테크액티브 증권 상장지수투자신탁(주식),1,1,
9월 이름 규칙,438740,MIDAS 중소형액티브,일치,K55303DW3692,마이다스 MIDAS 중소형액티브 증권 상장지수투자신탁(주식),1,1,
9월 이름 규칙,0191B0,MIDAS 코스닥액티브,일치,K55303EV2413,마이다스 MIDAS 코스닥액티브 증권 상장지수투자신탁(주식),1,1,
9월 이름 규칙,403790,MIDAS 코스피액티브,일치,K55303DM7976,마이다스 MIDAS 코스피액티브 증권 상장지수투자신탁(주식),1,1,
9월 이름 규칙,152100,PLUS 200,일치,K55213EW5851,한화 PLUS 200커버드콜액티브증권상장지수투자신탁(주식-파생형),6,2,MULTIPLE_NAME_CANDIDATES;SHARED_PORTAL_PRODUCT
9월 이름 규칙,253150,PLUS 200선물레버리지,일치,K55213BH1688,한화 PLUS 200선물레버리지증권상장지수투자신탁(주식-파생형),1,1,
9월 이름 규칙,253160,PLUS 200선물인버스2X,일치,K55213BH1662,한화 PLUS 200선물인버스2X증권상장지수투자신탁(주식-파생형),1,1,
9월 이름 규칙,0203D0,PLUS 200위클리커버드콜채권혼합,일치,K55213EL4469,한화 PLUS 200위클리커버드콜채권혼합증권상장지수투자신탁(채권혼합-파생형),1,1,
9월 이름 규칙,0210E0,PLUS 200커버드콜액티브,일치,K55213EW5851,한화 PLUS 200커버드콜액티브증권상장지수투자신탁(주식-파생형),1,2,SHARED_PORTAL_PRODUCT
9월 이름 규칙,395750,PLUS ESG가치주액티브,일치,K55213DK8967,한화 PLUS ESG가치주액티브증권상장지수투자신탁(주식),1,1,
9월 이름 규칙,395760,PLUS ESG성장주액티브,일치,K55213DK8959,한화 PLUS ESG성장주액티브증권상장지수투자신탁(주식),1,1,
9월 이름 규칙,453010,PLUS KOFR금리,일치,K55213E07260,한화 PLUS KOFR금리특별자산상장지수투자신탁(금리),1,1,
9월 이름 규칙,429740,PLUS K리츠,일치,K55213DT8232,한화 PLUS K리츠부동산상장지수투자신탁(재간접형),1,1,
9월 이름 규칙,449450,PLUS K방산,일치,K55213EO3567,한화 PLUS K방산레버리지증권상장지수투자신탁(주식-파생형),3,2,MULTIPLE_NAME_CANDIDATES;SHARED_PORTAL_PRODUCT
9월 이름 규칙,0104G0,PLUS K방산레버리지,일치,K55213EO3567,한화 PLUS K방산레버리지증권상장지수투자신탁(주식-파생형),1,2,SHARED_PORTAL_PRODUCT
9월 이름 규칙,0090B0,PLUS K방산소부장,일치,K55213EM5713,한화 PLUS K방산소부장증권상장지수투자신탁(주식),1,1,
9월 이름 규칙,0166S0,PLUS K제조업핵심기업액티브,일치,K55213ES1773,한화 PLUS K제조업핵심기업액티브증권상장지수투자신탁(주식),1,1,
9월 이름 규칙,269530,PLUS S&P글로벌인프라,일치,K55213BO6514,한화 PLUS S&P글로벌인프라 증권상장지수투자신탁(주식),1,1,
9월 이름 규칙,0226A0,PLUS SK하이닉스샌디스크채권혼합50,일치,K55213EW8111,한화 PLUS SK하이닉스샌디스크채권혼합50증권상장지수투자신탁(채권혼합),1,1,
9월 이름 규칙,251590,PLUS 고배당저변동50,일치,K55213BG0087,한화 PLUS 고배당저변동50증권상장지수투자신탁(주식),1,1,
9월 이름 규칙,161510,PLUS 고배당주,일치,KR5213AC3237,한화 PLUS 고배당주증권상장지수투자신탁(주식),4,1,MULTIPLE_NAME_CANDIDATES
9월 이름 규칙,0018C0,PLUS 고배당주위클리고정커버드콜,일치,K55213EH5827,한화 PLUS 고배당주위클리고정커버드콜증권상장지수투자신탁(주식-파생형),1,1,
9월 이름 규칙,489030,PLUS 고배당주위클리커버드콜,일치,K55213ED8726,한화 PLUS 고배당주위클리커버드콜증권상장지수투자신탁(주식-파생형),1,1,
9월 이름 규칙,251600,PLUS 고배당주채권혼합,일치,K55213BG0095,한화 PLUS 고배당주채권혼합증권상장지수투자신탁(채권혼합-파생형),1,1,
9월 이름 규칙,461460,PLUS 국고채10년액티브,일치,K55213E35667,한화 PLUS 국고채10년액티브증권상장지수투자신탁(채권),1,1,
9월 이름 규칙,451600,PLUS 국고채30년액티브,일치,K55213E00166,한화 PLUS 국고채30년액티브증권상장지수투자신탁(채권),1,1,
9월 이름 규칙,491230,PLUS 국공채머니마켓액티브,일치,K55213EE1068,한화 PLUS 국공채머니마켓액티브증권상장지수투자신탁(채권),1,1,
9월 이름 규칙,289670,PLUS 국채선물10년,일치,K55213C26454,한화 PLUS 국채선물10년증권상장지수투자신탁(채권-파생형),1,1,
9월 이름 규칙,298340,PLUS 국채선물3년,일치,K55213C88959,한화 PLUS 국채선물3년증권상장지수투자신탁(채권-파생형),1,1,
9월 이름 규칙,442580,PLUS 글로벌HBM반도체,일치,K55213DW6843,한화 PLUS 글로벌HBM반도체증권상장지수투자신탁(주식),1,1,
9월 이름 규칙,496770,PLUS 글로벌방산,일치,K55213EF7411,한화 PLUS 글로벌방산증권상장지수투자신탁(주식),1,1,
9월 이름 규칙,419650,PLUS 글로벌수소&차세대연료전지,일치,K55213DQ0364,한화 PLUS 글로벌수소&차세대연료전지증권상장지수투자신탁(주식),1,1,
9월 이름 규칙,0007G0,PLUS 글로벌원자력밸류체인,일치,K55213EG9010,한화 PLUS 글로벌원자력밸류체인증권상장지수투자신탁(주식형),1,1,
9월 이름 규칙,0166T0,PLUS 글로벌저작권핵심기업액티브,일치,K55213ER7714,한화 PLUS 글로벌저작권핵심기업액티브증권상장지수투자신탁(주식),1,1,
9월 이름 규칙,0035T0,PLUS 글로벌휴머노이드로봇액티브,일치,K55213EJ0693,한화 PLUS 글로벌휴머노이드로봇액티브증권상장지수투자신탁(주식),1,1,
9월 이름 규칙,415920,PLUS 글로벌희토류&전략자원생산기업,일치,K55213DH4276,한화 PLUS 글로벌희토류&전략자원생산기업증권상장지수투자신탁(주식),1,1,
9월 이름 규칙,0138Y0,PLUS 금채권혼합,일치,K55213EQ4548,한화 PLUS 금채권혼합증권상장지수투자신탁(채권혼합-재간접형),1,1,
9월 이름 규칙,278620,PLUS 단기채권액티브,일치,K55213BW6233,한화 PLUS 단기채권액티브증권상장지수투자신탁(채권),1,1,
9월 이름 규칙,477050,PLUS 머니마켓액티브,일치,K55213E90027,한화 PLUS 머니마켓액티브증권상장지수투자신탁(채권),1,1,
9월 이름 규칙,0050E0,PLUS 미국AI에이전트,일치,K55213EJ2715,한화 PLUS 미국AI에이전트증권상장지수투자신탁(주식형),1,1,
9월 이름 규칙,429760,PLUS 미국S&P500,일치,K55213EK8776,한화 PLUS 미국S&P500미국채혼합50액티브증권상장지수투자신탁(채권혼합-재간접형),3,2,MULTIPLE_NAME_CANDIDATES;SHARED_PORTAL_PRODUCT
9월 이름 규칙,0057H0,PLUS 미국S&P500미국채혼합50액티브,일치,K55213EK8776,한화 PLUS 미국S&P500미국채혼합50액티브증권상장지수투자신탁(채권혼합-재간접형),1,2,SHARED_PORTAL_PRODUCT
9월 이름 규칙,494410,PLUS 미국S&P500성장주,일치,K55213EF0978,한화 PLUS 미국S&P500성장주증권상장지수투자신탁(주식),1,1,
9월 이름 규칙,0153X0,PLUS 미국고배당주액티브,일치,K55213ER2335,한화 PLUS 미국고배당주액티브증권상장지수투자신탁(주식),1,1,
9월 이름 규칙,0089B0,PLUS 미국나스닥100미국채혼합50,일치,K55213EM5556,한화 PLUS 미국나스닥100미국채혼합50증권상장지수투자신탁(채권혼합),1,1,
9월 이름 규칙,287180,PLUS 미국나스닥테크,일치,K55213C03586,한화 PLUS 미국나스닥테크증권상장지수투자신탁(주식),1,1,
9월 이름 규칙,332610,PLUS 미국단기회사채(AAA~A),일치,K55213CS6311,한화 PLUS 미국단기회사채(AAA~A)증권상장지수투자신탁(채권),1,1,
9월 이름 규칙,0078V0,PLUS 미국로보택시,일치,K55213EL7496,한화 PLUS 미국로보택시증권상장지수투자신탁(주식),1,1,
9월 이름 규칙,494420,PLUS 미국배당증가성장주데일리커버드콜,일치,K55213EF1380,한화 PLUS 미국배당증가성장주데일리커버드콜증권상장지수투자신탁(주식-파생형),1,1,
9월 이름 규칙,0023B0,PLUS 미국양자컴퓨팅TOP10,일치,K55213EI2682,한화 PLUS 미국양자컴퓨팅TOP10증권상장지수투자신탁(주식),1,1,
9월 이름 규칙,332620,PLUS 미국장기우량회사채,일치,K55213CS6329,한화 PLUS 미국장기우량회사채증권상장지수투자신탁(채권),1,1,
9월 이름 규칙,464470,PLUS 미국채30년액티브,일치,K55213E52282,한화 PLUS 미국채30년액티브증권상장지수투자신탁(채권),1,1,
9월 이름 규칙,461900,PLUS 미국테크TOP10,일치,K55213E31542,한화 PLUS 미국테크TOP10레버리지증권상장지수투자신탁(주식혼합-파생형)(합성),2,2,MULTIPLE_NAME_CANDIDATES;SHARED_PORTAL_PRODUCT
9월 이름 규칙,0193K0,PLUS 삼성전자단일종목레버리지,일치,K55213EV7817,한화 PLUS 삼성전자단일종목레버리지증권상장지수투자신탁(주식-파생형),1,1,
9월 이름 규칙,0193L0,PLUS 삼성전자선물단일종목인버스2X,일치,K55213EV7429,한화 PLUS 삼성전자선물단일종목인버스2X증권상장지수투자신탁(주식-파생형),1,1,
9월 이름 규칙,238670,PLUS 스마트베타Quality채권혼합,일치,K55213BA6478,한화 PLUS 스마트베타Quality채권혼합증권상장지수투자신탁(채권혼합-파생형),1,1,
9월 이름 규칙,447660,PLUS 애플채권혼합,일치,K55213DY4341,한화 PLUS 애플채권혼합증권상장지수투자신탁(채권혼합),1,1,
9월 이름 규칙,239660,PLUS 우량회사채50,일치,K55213BB5131,한화 PLUS 우량회사채50증권상장지수투자신탁(채권),1,1,
9월 이름 규칙,421320,PLUS 우주항공,일치,K55213DR8713,한화 PLUS 우주항공 증권상장지수투자신탁(주식),1,1,
9월 이름 규칙,0184N0,PLUS 은채권혼합,일치,K55213EU0276,한화 PLUS 은채권혼합증권상장지수투자신탁(채권혼합-재간접형),1,1,
9월 이름 규칙,464920,PLUS 일본반도체소부장,일치,K55213E52290,한화 PLUS 일본반도체소부장증권상장지수투자신탁(주식),1,1,
9월 이름 규칙,0098N0,PLUS 자사주매입고배당주,일치,K55213EM9962,한화 PLUS 자사주매입고배당주증권상장지수투자신탁(주식),1,1,
9월 이름 규칙,451000,PLUS 종합채권(AA-이상)액티브,일치,K55213DZ2997,한화 PLUS 종합채권(AA-이상)액티브증권상장지수투자신탁(채권),1,1,
9월 이름 규칙,280920,PLUS 주도업종,일치,K55213BX8006,한화 PLUS 주도업종증권상장지수투자신탁(주식),1,1,
9월 이름 규칙,0184L0,PLUS 중기종합채권(A-이상)액티브,일치,K55213ES9693,한화 PLUS 중기종합채권(A-이상)액티브증권상장지수투자신탁(채권),1,1,
9월 이름 규칙,266550,PLUS 중형주저변동50,일치,K55213BL2888,한화 PLUS 중형주저변동50증권상장지수투자신탁(주식),1,1,
9월 이름 규칙,0047N0,PLUS 차이나AI테크TOP10,일치,K55213EJ9835,한화 PLUS 차이나AI테크TOP10증권상장지수투자신탁(주식),1,1,
9월 이름 규칙,0128D0,PLUS 차이나항셍테크위클리타겟커버드콜,일치,K55213EP1719,한화 PLUS 차이나항셍테크위클리타겟커버드콜증권상장지수투자신탁(주식-파생형),1,1,
9월 이름 규칙,495040,PLUS 코리아밸류업,일치,K55213EF9375,한화 PLUS 코리아밸류업증권상장지수투자신탁(주식),1,1,
9월 이름 규칙,301400,PLUS 코스닥150,일치,K55213C86276,한화 PLUS 코스닥150선물인버스증권상장지수투자신탁(주식-파생형),3,1,MULTIPLE_NAME_CANDIDATES
9월 이름 규칙,0166N0,PLUS 코스닥150액티브,일치,K55213EN8047,한화 PLUS 코스닥150액티브증권상장지수투자신탁(주식),1,1,
9월 이름 규칙,227830,PLUS 코스피,일치,K55213B72955,한화 PLUS 코스피증권상장지수투자신탁(주식),3,1,MULTIPLE_NAME_CANDIDATES
9월 이름 규칙,122090,PLUS 코스피50,일치,KR5213185071,한화 PLUS 코스피50증권상장지수투자신탁(주식),1,1,
9월 이름 규칙,457990,PLUS 태양광&ESS,일치,K55213E13359,한화 PLUS 태양광&ESS증권상장지수투자신탁(주식),1,1,
9월 이름 규칙,0132K0,PLUS 테슬라위클리커버드콜채권혼합,일치,K55213EP3905,한화 PLUS 테슬라위클리커버드콜채권혼합증권상장지수투자신탁(채권혼합-파생형),1,1,
9월 이름 규칙,0000J0,PLUS 한화그룹주,일치,K55213EG3153,한화 PLUS 한화그룹주증권상장지수투자신탁(주식),1,1,
9월 이름 규칙,148020,RISE 200,일치,KR5223AL4166,KB RISE 200채권혼합50증권상장지수투자신탁(채권혼합),9,2,MULTIPLE_NAME_CANDIDATES;SHARED_PORTAL_PRODUCT
9월 이름 규칙,290080,RISE 200고배당커버드콜ATM,일치,K55223C37096,KB RISE 200 고배당 커버드콜 ATM 증권 상장지수 투자신탁(주식-파생형),1,1,
9월 이름 규칙,284980,RISE 200금융,일치,K55223C02611,KB RISE 200 금융 증권 상장지수 투자신탁(주식),1,1,
9월 이름 규칙,252400,RISE 200선물레버리지,일치,K55223BG9631,KB RISE 200선물레버리지 증권 상장지수 투자신탁(주식-파생형),1,1,
9월 이름 규칙,252410,RISE 200선물인버스,일치,K55223BH1595,KB RISE 200선물인버스2X 증권 상장지수 투자신탁(주식-파생형),2,2,MULTIPLE_NAME_CANDIDATES;SHARED_PORTAL_PRODUCT
9월 이름 규칙,252420,RISE 200선물인버스2X,일치,K55223BH1595,KB RISE 200선물인버스2X 증권 상장지수 투자신탁(주식-파생형),1,2,SHARED_PORTAL_PRODUCT
9월 이름 규칙,475720,RISE 200위클리커버드콜,일치,K55223E88442,KB RISE 200위클리커버드콜 증권 상장지수 투자신탁(주식-파생형),1,1,
9월 이름 규칙,183700,RISE 200채권혼합50,일치,KR5223AL4166,KB RISE 200채권혼합50증권상장지수투자신탁(채권혼합),1,2,SHARED_PORTAL_PRODUCT
9월 이름 규칙,0122W0,RISE 26-11 회사채(AA-이상)액티브,일치,K55223EP2954,KB RISE 26-11회사채(AA-이상)액티브 증권 상장지수 투자신탁(채권),1,1,
9월 이름 규칙,465330,RISE 2차전지TOP10,일치,K55223E57140,KB RISE 2차전지TOP10iSelect 증권 상장지수 투자신탁(주식),2,1,MULTIPLE_NAME_CANDIDATES
9월 이름 규칙,422420,RISE 2차전지액티브,일치,K55223DS8611,KB RISE 2차전지액티브 증권 상장지수 투자신탁(주식),1,1,
9월 이름 규칙,105780,RISE 5대그룹주,일치,KR5223884903,KB RISE 5대그룹주 증권 상장지수 투자신탁(주식),1,1,
9월 이름 규칙,469070,RISE AI&로봇,일치,K55223E63783,KB RISE AI&로봇 증권 상장지수 투자신탁(주식),1,1,
9월 이름 규칙,0093A0,RISE AI반도체TOP10,일치,K55223EM4862,KB RISE AI반도체TOP10 증권 상장지수 투자신탁(주식),1,1,
9월 이름 규칙,0101N0,RISE AI전력인프라,일치,K55223EN7310,KB RISE AI전력인프라 증권 상장지수 투자신탁(주식),1,1,
9월 이름 규칙,427120,RISE AI플랫폼,일치,K55223DT7141,KB RISE AI플랫폼 증권 상장지수 투자신탁(주식),1,1,
9월 이름 규칙,290130,RISE ESG사회책임투자,일치,K55223C37088,KB RISE ESG 사회책임투자 증권 상장지수 투자신탁(주식),1,1,
9월 이름 규칙,326240,RISE IT플러스,일치,K55223CR0578,KB RISE IT플러스 증권 상장지수 투자신탁(주식),1,1,
9월 이름 규칙,385560,RISE KIS국고채30년Enhanced,일치,K55223DJ2151,KB RISE KIS국고채30년Enhanced 증권 상장지수 투자신탁(채권),1,1,
9월 이름 규칙,270800,RISE KQ고배당,일치,K55223BR9539,KB RISE KQ 고배당 증권 상장지수 투자신탁(주식),1,1,
9월 이름 규칙,292050,RISE KRX300,일치,K55223C53515,KB RISE KRX300 증권 상장지수 투자신탁(주식),1,1,
9월 이름 규칙,388280,RISE K엔터&여행레저,일치,K55223DJ8893,KB RISE K엔터&여행레저 증권 상장지수 투자신탁(주식),1,1,
9월 이름 규칙,0192L0,RISE SK하이닉스단일종목레버리지,일치,K55223ET8619,KB RISE SK하이닉스단일종목레버리지증권상장지수투자신탁(주식-파생형),1,1,
9월 이름 규칙,234310,RISE V&S셀렉트밸류,일치,K55223BB7382,KB RISE V&S 셀렉트밸류 채권혼합 증권 상장지수 투자신탁(채권혼합),2,2,MULTIPLE_NAME_CANDIDATES;SHARED_PORTAL_PRODUCT
9월 이름 규칙,241390,RISE V&S셀렉트밸류채권혼합,일치,K55223BB7382,KB RISE V&S 셀렉트밸류 채권혼합 증권 상장지수 투자신탁(채권혼합),1,2,SHARED_PORTAL_PRODUCT
9월 이름 규칙,300640,RISE 게임테마,일치,K55223CB7639,KB RISE 게임테마 증권 상장지수 투자신탁(주식),1,1,
9월 이름 규칙,266160,RISE 고배당,일치,K55223BM7066,KB RISE 고배당 증권 상장지수 투자신탁(주식),1,1,
9월 이름 규칙,481430,RISE 국고채10년액티브,일치,K55223EB1440,KB RISE 국고채10년액티브 증권 상장지수 투자신탁(채권),1,1,
9월 이름 규칙,114100,RISE 국고채3년,일치,KR5223149026,KB RISE 국고채3년 증권 상장지수 투자신탁(채권),2,1,MULTIPLE_NAME_CANDIDATES
9월 이름 규칙,282000,RISE 국고채3년선물인버스,일치,K55223BY8797,KB RISE 국고채3년선물 인버스 증권 상장지수 투자신탁(채권-파생형),1,1,
9월 이름 규칙,295000,RISE 국채선물10년,일치,K55223C82712,KB RISE 국채선물10년 증권 상장지수 투자신탁(채권-파생형),2,1,MULTIPLE_NAME_CANDIDATES
9월 이름 규칙,295020,RISE 국채선물10년인버스,일치,K55223C82720,KB RISE 국채선물10년 인버스 증권 상장지수 투자신탁(채권-파생형),1,1,
9월 이름 규칙,432600,RISE 국채선물3년,일치,K55223DU5613,KB RISE 국채선물3년 증권 상장지수 투자신탁(채권-파생형),1,1,
9월 이름 규칙,0233N0,RISE 글로벌AI낸드메모리반도체,일치,K55223EX9892,KB RISE 글로벌AI낸드메모리반도체 증권 상장지수 투자신탁(주식),1,1,
9월 이름 규칙,0114X0,RISE 글로벌게임테크TOP3Plus,일치,K55223EO3532,KB RISE 글로벌게임테크TOP3Plus 증권 상장지수 투자신탁(주식),1,1,
9월 이름 규칙,437370,RISE 글로벌농업경제,일치,K55223DV1611,KB RISE 글로벌농업경제MV 증권 상장지수 투자신탁(주식),1,1,
9월 이름 규칙,475380,RISE 글로벌리얼티인컴,일치,K55223E85695,KB RISE 글로벌리얼티인컴 부동산 상장지수 투자신탁(재간접형),1,1,
9월 이름 규칙,476310,RISE 글로벌비만산업TOP2+,일치,K55223E89259,KB RISE 글로벌비만산업TOP2+ 증권 상장지수 투자신탁(주식),1,1,
9월 이름 규칙,417450,RISE 글로벌수소경제,일치,K55223DQ9652,KB RISE 글로벌수소경제Indxx 증권 상장지수 투자신탁(주식),1,1,
9월 이름 규칙,442320,RISE 글로벌원자력,일치,K55223DX4944,KB RISE 글로벌원자력iSelect 증권 상장지수 투자신탁(주식),1,1,
9월 이름 규칙,461490,RISE 글로벌자산배분액티브,일치,K55223E34636,KB RISE 글로벌자산배분액티브 증권 상장지수 투자신탁(혼합-재간접형),1,1,
9월 이름 규칙,459750,RISE 글로벌주식분산액티브,일치,K55223E32523,KB RISE 글로벌주식분산액티브 증권 상장지수 투자신탁(주식-재간접형),1,1,
9월 이름 규칙,399580,RISE 글로벌클린에너지,일치,K55223DK6670,KB RISE 글로벌클린에너지S&P 증권 상장지수 투자신탁(주식),1,1,
9월 이름 규칙,336160,RISE 금융채액티브,일치,K55223CW3484,KB RISE 금융채액티브 증권 상장지수 투자신탁(채권),1,1,
9월 이름 규칙,326230,RISE 내수주플러스,일치,K55223CR0586,KB RISE 내수주플러스 증권 상장지수 투자신탁(주식),1,1,
9월 이름 규칙,367760,RISE 네트워크인프라,일치,K55223DB4882,KB RISE 네트워크인프라 증권 상장지수 투자신탁(주식),1,1,
9월 이름 규칙,272560,RISE 단기국공채액티브,일치,K55223BR5941,KB RISE 단기 국공채 액티브 증권 상장지수 투자신탁(채권),1,1,
9월 이름 규칙,385550,RISE 단기채권알파액티브,일치,K55223DJ2169,KB RISE 단기채권알파액티브 증권 상장지수 투자신탁(채권),1,1,
9월 이름 규칙,196230,RISE 단기통안채,일치,KR5223AO8602,KB RISE 단기통안채 증권 상장지수 투자신탁(채권),1,1,
9월 이름 규칙,0061Z0,RISE 단기특수은행채액티브,일치,K55223EJ5633,KB RISE 단기특수은행채액티브 증권 상장지수 투자신탁(채권),1,1,
9월 이름 규칙,0138D0,RISE 동학개미,일치,K55223EO3508,KB RISE 동학개미 증권 상장지수 투자신탁(주식),1,1,
9월 이름 규칙,455890,RISE 머니마켓액티브,일치,K55223E22581,KB RISE 머니마켓액티브 증권 상장지수 투자신탁(채권),1,1,
9월 이름 규칙,481340,RISE 미국30년국채액티브,일치,K55223EB1457,KB RISE 미국30년국채액티브 증권 상장지수 투자신탁(채권),1,1,
9월 이름 규칙,485690,RISE 미국AI밸류체인TOP3Plus,일치,K55223EB6860,KB RISE 미국AI밸류체인TOP3Plus증권상장지수투자신탁(주식),1,1,
9월 이름 규칙,490590,RISE 미국AI밸류체인데일리고정커버드콜,일치,K55223ED1158,KB RISE 미국AI밸류체인데일리고정커버드콜 증권 상장지수 투자신탁(주식-파생형),1,1,
9월 이름 규칙,0176E0,RISE 미국AI전력인프라액티브,일치,K55223ER9114,KB RISE 미국AI전력인프라액티브 증권 상장지수 투자신탁(주식),1,1,
9월 이름 규칙,0127R0,RISE 미국AI클라우드인프라,일치,K55223EP2913,KB RISE 미국AI클라우드인프라 증권 상장지수 투자신탁(주식),1,1,
9월 이름 규칙,495940,RISE 미국AI테크액티브,일치,K55223EF7427,KB RISE 미국AI테크액티브 증권 상장지수 투자신탁(주식),1,1,
9월 이름 규칙,379780,RISE 미국S&P500,일치,K55223EP9769,KB RISE 미국S&P500데일리고정커버드콜 증권 상장지수 투자신탁(주식),4,2,MULTIPLE_NAME_CANDIDATES;SHARED_PORTAL_PRODUCT
9월 이름 규칙,0138T0,RISE 미국S&P500데일리고정커버드콜,일치,K55223EP9769,KB RISE 미국S&P500데일리고정커버드콜 증권 상장지수 투자신탁(주식),1,2,SHARED_PORTAL_PRODUCT
9월 이름 규칙,460660,RISE 미국S&P배당킹,일치,K55223E34644,KB RISE 미국S&P배당킹 증권 상장지수 투자신탁(주식),1,1,
9월 이름 규칙,0115C0,RISE 미국고배당다우존스TOP10,일치,K55223EP0586,KB RISE 미국고배당다우존스TOP10 증권 상장지수 투자신탁(주식),1,1,
9월 이름 규칙,354240,RISE 미국고정배당우선증권,일치,K55223D48455,KB RISE 미국고정배당우선증권ICE 증권 상장지수 투자신탁(주식혼합),1,1,
9월 이름 규칙,368590,RISE 미국나스닥100,일치,K55223DB4908,KB RISE 미국나스닥100 증권 상장지수 투자신탁(주식),1,1,
9월 이름 규칙,437350,RISE 미국단기투자등급회사채액티브,일치,K55223DV1603,KB RISE 미국단기투자등급회사채액티브 증권 상장지수 투자신탁(채권),1,1,
9월 이름 규칙,469530,RISE 미국달러선물인버스,일치,K55223E65788,KB RISE 미국달러선물인버스 특별자산 상장지수 투자신탁(미국달러-파생형),1,1,
9월 이름 규칙,469060,RISE 미국반도체NYSE,일치,K55223E65903,KB RISE 미국반도체NYSE 증권 상장지수 투자신탁(주식),2,1,MULTIPLE_NAME_CANDIDATES
9월 이름 규칙,490600,RISE 미국배당100데일리고정커버드콜,일치,K55223ED1166,KB RISE 미국배당100데일리고정커버드콜 증권 상장지수 투자신탁(주식),1,1,
9월 이름 규칙,0018Z0,RISE 미국양자컴퓨팅,일치,K55223EI0494,KB RISE 미국양자컴퓨팅증권상장지수투자신탁(주식),1,1,
9월 이름 규칙,0218J0,RISE 미국우주&로봇TOP2미국채혼합50,일치,K55223EW8028,KB RISE 미국우주&로봇TOP2미국채혼합50 증권 상장지수 투자신탁(채권혼합-재간접형),1,1,
9월 이름 규칙,0227K0,RISE 미국우주위성통신,일치,K55223EX7284,KB RISE 미국우주위성통신 증권상장지수투자신탁(주식),1,1,
9월 이름 규칙,0013P0,RISE 미국은행TOP10,일치,K55223EH4240,KB RISE 미국은행TOP10 증권 상장지수 투자신탁(주식),1,1,
9월 이름 규칙,0036Z0,RISE 미국천연가스밸류체인,일치,K55223EJ0162,KB RISE 미국천연가스밸류체인 증권 상장지수 투자신탁(주식),1,1,
9월 이름 규칙,491620,RISE 미국테크100데일리고정커버드콜,일치,K55223ED9417,KB RISE 미국테크100데일리고정커버드콜증권상장지수투자신탁(주식-파생형),1,1,
9월 이름 규칙,0036R0,RISE 미국휴머노이드로봇,일치,K55223EJ0170,KB RISE 미국휴머노이드로봇 증권 상장지수 투자신탁(주식),1,1,
9월 이름 규칙,0000Z0,RISE 바이오TOP10액티브,일치,K55223EG4761,KB RISE 바이오TOP10액티브증권상장지수투자신탁(주식),1,1,
9월 이름 규칙,446700,RISE 배터리 리사이클링,일치,K55223DY3945,KB RISE 배터리리사이클링iSelect 증권 상장지수 투자신탁(주식),1,1,
9월 이름 규칙,475350,RISE 버크셔포트폴리오TOP10,일치,K55223E85687,KB RISE 버크셔포트폴리오TOP10 증권 상장지수 투자신탁(주식),1,1,
9월 이름 규칙,388420,RISE 비메모리반도체액티브,일치,K55223DJ8901,KB RISE 비메모리반도체액티브 증권 상장지수 투자신탁(주식),1,1,
9월 이름 규칙,448630,RISE 삼성그룹Top3채권혼합,일치,K55223DY8589,KB RISE 삼성그룹Top3채권혼합블룸버그 증권 상장지수 투자신탁(채권혼합),1,1,
9월 이름 규칙,0162Z0,RISE 삼성전자SK하이닉스채권혼합50,일치,K55223ES6754,KB RISE 삼성전자SK하이닉스채권혼합50 증권 상장지수 투자신탁(채권혼합),1,1,
9월 이름 규칙,0192M0,RISE 삼성전자단일종목레버리지,일치,K55223ET8601,KB RISE 삼성전자단일종목레버리지증권상장지수투자신탁(주식-파생형),1,1,
9월 이름 규칙,140570,RISE 수출주,일치,KR5223A20043,KB RISE 수출주 증권 상장지수 투자신탁(주식),1,1,
9월 이름 규칙,0093B0,RISE 엔비디아고정테크100,일치,K55223EM3724,KB RISE 엔비디아고정테크100 증권 상장지수 투자신탁(주식),1,1,
9월 이름 규칙,140580,RISE 우량업종대표주,일치,KR5223A20027,KB RISE 우량업종대표주 증권 상장지수 투자신탁(주식),1,1,
9월 이름 규칙,498610,RISE 인도디지털성장,일치,K55223EF1479,KB RISE 인도디지털성장증권상장지수투자신탁(주식-파생형),1,1,
9월 이름 규칙,488480,RISE 일본섹터TOP4Plus,일치,K55223EC5739,KB RISE 일본섹터TOP4Plus증권상장지수투자신탁(주식),1,1,
9월 이름 규칙,385540,RISE 종합채권(A-이상)액티브,일치,K55223DJ2177,KB RISE 종합채권(A-이상)액티브 증권 상장지수 투자신탁(채권),1,1,
9월 이름 규칙,183710,RISE 주식혼합,일치,KR5223AL4158,KB RISE 주식혼합증권상장지수투자신탁(주식혼합),1,1,
9월 이름 규칙,463300,RISE 중국본토CSI300,일치,K55223E45640,KB RISE 중국본토CSI300 증권 상장지수 투자신탁(주식),1,1,
9월 이름 규칙,174360,RISE 중국본토대형주CSI100,일치,KR5223AI2538,KB RISE 중국본토 대형주 CSI100 증권 상장지수 자투자신탁(주식),1,1,
9월 이름 규칙,136340,RISE 중기우량회사채,일치,KR5223970371,KB RISE 중기우량 회사채 증권 상장지수 투자신탁(채권),1,1,
9월 이름 규칙,281990,RISE 중소형고배당,일치,K55223BY3509,KB RISE 중소형 고배당 증권 상장지수 투자신탁(주식),1,1,
9월 이름 규칙,272570,RISE 중장기국공채액티브,일치,K55223BR5958,KB RISE 중장기 국공채 액티브 증권 상장지수 투자신탁(채권),1,1,
9월 이름 규칙,0164G0,RISE 차이나AI반도체TOP4Plus,일치,K55223ER9122,KB RISE 차이나AI반도체TOP4Plus 증권 상장지수 투자신탁(주식),1,1,
9월 이름 규칙,0094L0,RISE 차이나테크TOP10위클리타겟커버드콜,일치,K55223EL4301,KB RISE 차이나테크TOP10위클리타겟커버드콜 증권 상장지수 투자신탁(주식-파생형),1,1,
9월 이름 규칙,371150,RISE 차이나항셍테크,일치,K55223DC9849,KB RISE 차이나항셍테크 증권 상장지수 투자신탁(주식),1,1,
9월 이름 규칙,498860,RISE 코리아금융고배당,일치,K55223EG3144,KB RISE 코리아금융고배당 증권 상장지수 투자신탁(주식),1,1,
9월 이름 규칙,495050,RISE 코리아밸류업,일치,K55223EM9762,KB RISE 코리아밸류업위클리고정커버드콜 증권 상장지수 투자신탁(주식-파생형),2,2,MULTIPLE_NAME_CANDIDATES;SHARED_PORTAL_PRODUCT
9월 이름 규칙,0094M0,RISE 코리아밸류업위클리고정커버드콜,일치,K55223EM9762,KB RISE 코리아밸류업위클리고정커버드콜 증권 상장지수 투자신탁(주식-파생형),1,2,SHARED_PORTAL_PRODUCT
9월 이름 규칙,0151P0,RISE 코리아전략산업액티브,일치,K55223ER2267,KB RISE 코리아전략산업액티브 증권 상장지수 투자신탁(주식),1,1,
9월 이름 규칙,270810,RISE 코스닥150,일치,K55223BT0197,KB RISE 코스닥150선물인버스증권 상장지수 투자신탁(주식-파생형),3,2,MULTIPLE_NAME_CANDIDATES;SHARED_PORTAL_PRODUCT
9월 이름 규칙,278240,RISE 코스닥150선물레버리지,일치,K55223BV8089,KB RISE 코스닥150선물레버리지 증권 상장지수 투자신탁(주식-파생형),1,1,
9월 이름 규칙,275750,RISE 코스닥150선물인버스,일치,K55223BT0197,KB RISE 코스닥150선물인버스증권 상장지수 투자신탁(주식-파생형),1,2,SHARED_PORTAL_PRODUCT
9월 이름 규칙,0223A0,RISE 코스닥커버드콜액티브,일치,K55223ET8569,KB RISE 코스닥커버드콜액티브 증권 상장지수 투자신탁(주식-파생형),1,1,
9월 이름 규칙,302450,RISE 코스피,일치,K55223CC1474,KB RISE 코스피 증권 상장지수 투자신탁(주식),1,1,
9월 이름 규칙,0047P0,RISE 테슬라고정테크100,일치,K55223EJ7027,KB RISE 테슬라고정테크100 증권 상장지수 투자신탁(주식),1,1,
9월 이름 규칙,449580,RISE 테슬라애플아마존채권혼합,일치,K55223DZ2888,KB RISE 테슬라애플아마존채권혼합iSelect 증권 상장지수 투자신탁(채권혼합),1,1,
9월 이름 규칙,0047R0,RISE 팔란티어고정테크100,일치,K55223EJ7035,KB RISE 팔란티어고정테크100 증권 상장지수 투자신탁(주식),1,1,
9월 이름 규칙,253280,RISE 헬스케어,일치,K55223BH3559,KB RISE 헬스케어 증권 상장지수 투자신탁(주식),2,1,MULTIPLE_NAME_CANDIDATES
9월 이름 규칙,253290,RISE 헬스케어채권혼합,일치,K55223BH3617,KB RISE 헬스케어 채권혼합 증권 상장지수 투자신탁(채권혼합),1,1,
9월 이름 규칙,0190C0,RISE 현대차고정피지컬AI,일치,K55223ET9427,KB RISE 현대차고정피지컬AI 증권 상장지수 투자신탁(주식),1,1,
9월 이름 규칙,411540,SOL 200 Top10,일치,K55210DP5615,신한SOL200TOP10증권상장지수투자신탁[주식],1,1,
9월 이름 규칙,0167B0,SOL 200타겟위클리커버드콜,일치,K55210ES7153,신한 SOL 200타겟위클리커버드콜증권상장지수투자신탁[주식-파생형],1,1,
9월 이름 규칙,488980,SOL 26-12 회사채(AA-이상)액티브,일치,K55210EC9603,신한SOL26-12회사채(AA-이상)액티브증권상장지수투자신탁[채권],1,1,
9월 이름 규칙,0092C0,SOL 27-12 회사채(AA-이상)액티브,일치,K55210EM3463,신한SOL27-12회사채(AA-이상)액티브증권상장지수투자신탁[채권],1,1,
9월 이름 규칙,455860,SOL 2차전지소부장Fn,일치,K55210E15681,신한SOL2차전지소부장Fn증권상장지수투자신탁[주식],1,1,
9월 이름 규칙,0167A0,SOL AI반도체TOP2플러스,일치,K55210ES7146,신한 SOL AI반도체TOP2플러스증권상장지수투자신탁[주식],1,1,
9월 이름 규칙,455850,SOL AI반도체소부장,일치,K55210E09965,신한SOL AI반도체소부장증권상장지수투자신탁[주식],1,1,
9월 이름 규칙,497880,SOL CD금리&머니마켓액티브,일치,K55210EF7273,신한SOLCD금리&머니마켓액티브증권상장지수투자신탁[채권],1,1,
9월 이름 규칙,363510,SOL KIS단기통안채,일치,K55210D56182,신한 SOL KIS단기통안채증권상장지수투자신탁[채권],1,1,
9월 이름 규칙,292500,SOL KRX300,일치,K55210C43489,신한 SOL KRX300증권상장지수투자신탁[주식],1,1,
9월 이름 규칙,404650,SOL KRX기후변화솔루션,일치,K55210DO1706,신한SOLKRX기후변화솔루션증권상장지수투자신탁[주식],1,1,
9월 이름 규칙,490480,SOL K방산,일치,K55210EE0741,신한SOL K방산증권상장지수투자신탁[주식],1,1,
9월 이름 규칙,0197W0,SOL SK하이닉스단일종목레버리지,일치,K55210EV5947,신한 SOL SK하이닉스단일종목레버리지증권상장지수투자신탁[주식-파생형],1,1,
9월 이름 규칙,0197X0,SOL SK하이닉스선물단일종목인버스2X,일치,K55210EV5962,신한 SOL SK하이닉스선물단일종목인버스2X증권상장지수투자신탁[주식-파생형],1,1,
9월 이름 규칙,438570,SOL 국고채10년,일치,K55210DW6804,신한SOL국고채10년증권상장지수투자신탁[채권],1,1,
9월 이름 규칙,474390,SOL 국고채30년액티브,일치,K55210E79489,신한SOL국고채30년액티브증권상장지수투자신탁[채권],1,1,
9월 이름 규칙,438560,SOL 국고채3년,일치,K55210DW6796,신한SOL국고채3년증권상장지수투자신탁[채권],1,1,
9월 이름 규칙,0066W0,SOL 국제금,일치,K55210EH0144,신한SOL국제금커버드콜액티브특별자산상장지수투자신탁[금-파생재간접형],2,2,MULTIPLE_NAME_CANDIDATES;SHARED_PORTAL_PRODUCT
9월 이름 규칙,0022T0,SOL 국제금커버드콜액티브,일치,K55210EH0144,신한SOL국제금커버드콜액티브특별자산상장지수투자신탁[금-파생재간접형],1,2,SHARED_PORTAL_PRODUCT
9월 이름 규칙,423170,SOL 글로벌AI반도체탑픽액티브,일치,K55210DS2478,신한SOL글로벌AI반도체탑픽액티브증권상장지수투자신탁[주식],1,1,
9월 이름 규칙,484880,SOL 금융지주플러스고배당,일치,K55210EB4720,신한SOL금융지주플러스고배당증권상장지수투자신탁[주식],1,1,
9월 이름 규칙,484890,SOL 머니마켓액티브,일치,K55210EB3979,신한SOL머니마켓액티브증권상장지수투자신탁[채권],1,1,
9월 이름 규칙,479620,SOL 미국AI반도체칩메이커,일치,K55210E99222,신한SOL미국AI반도체칩메이커증권상장지수투자신탁[주식],1,1,
9월 이름 규칙,481180,SOL 미국AI소프트웨어,일치,K55210EA9985,신한SOL미국AI소프트웨어증권상장지수투자신탁[주식],1,1,
9월 이름 규칙,486450,SOL 미국AI전력인프라,일치,K55210EC2509,신한SOL미국AI전력인프라증권상장지수투자신탁[주식],1,1,
9월 이름 규칙,433330,SOL 미국S&P500,일치,K55210EF7513,신한SOL미국S&P500엔화노출증권상장지수투자신탁[주식-파생형](H),4,2,MULTIPLE_NAME_CANDIDATES;SHARED_PORTAL_PRODUCT
9월 이름 규칙,399110,SOL 미국S&P500ESG,일치,K55210DM8224,신한SOL미국S&P500ESG증권상장지수투자신탁[주식],1,1,
9월 이름 규칙,0080X0,SOL 미국S&P500미국채혼합50,일치,K55210EL7325,신한SOL미국S&P500미국채혼합50증권상장지수투자신탁[채권혼합],1,1,
9월 이름 규칙,447620,SOL 미국TOP5채권혼합50,일치,K55210DY4419,신한SOL미국TOP5채권혼합50증권상장지수투자신탁[채권혼합],1,1,
9월 이름 규칙,476030,SOL 미국나스닥100,일치,K55210E88118,신한SOL미국나스닥100증권상장지수투자신탁[주식],1,1,
9월 이름 규칙,0118S0,SOL 미국넥스트테크TOP10액티브,일치,K55210EN6374,신한SOL미국넥스트테크TOP10액티브증권상장지수투자신탁[주식],1,1,
9월 이름 규칙,446720,SOL 미국배당다우존스,일치,K55210DY2868,신한SOL미국배당다우존스증권상장지수투자신탁[주식],3,1,MULTIPLE_NAME_CANDIDATES
9월 이름 규칙,493420,SOL 미국배당다우존스2호,일치,K55210EE8074,신한SOL미국배당다우존스2호증권상장지수투자신탁[주식],1,1,
9월 이름 규칙,490490,SOL 미국배당미국채혼합50,일치,K55210EE0519,신한SOL미국배당미국채혼합50증권상장지수투자신탁[채권혼합],1,1,
9월 이름 규칙,0023A0,SOL 미국양자컴퓨팅TOP10,일치,K55210EE4925,신한SOL미국양자컴퓨팅TOP10증권상장지수투자신탁[주식],1,1,
9월 이름 규칙,0181L0,SOL 미국우주항공TOP10,일치,K55210ET5800,신한SOL미국우주항공TOP10증권상장지수투자신탁[주식],1,1,
9월 이름 규칙,0051G0,SOL 미국원자력SMR,일치,K55210EJ6834,신한SOL미국원자력SMR증권상장지수투자신탁[주식],1,1,
9월 이름 규칙,481190,SOL 미국테크TOP10,일치,K55210EB0017,신한SOL미국테크TOP10인버스증권상장지수투자신탁[주식혼합-파생형](합성),2,1,MULTIPLE_NAME_CANDIDATES
9월 이름 규칙,475300,SOL 반도체전공정,일치,K55210E84638,신한SOL반도체전공정증권상장지수투자신탁[주식],1,1,
9월 이름 규칙,475310,SOL 반도체후공정,일치,K55210E84646,신한SOL반도체후공정증권상장지수투자신탁[주식],1,1,
9월 이름 규칙,0152E0,SOL 배당성향탑픽액티브,일치,K55210ER5141,신한SOL배당성향탑픽액티브증권상장지수투자신탁[주식],1,1,
9월 이름 규칙,0207G0,SOL 우주항공밸류체인,일치,K55210EV7778,신한SOL우주항공밸류체인증권상장지수투자신탁[주식],1,1,
9월 이름 규칙,464610,SOL 의료기기소부장Fn,일치,K55210E48559,신한SOL의료기기소부장Fn증권상장지수투자신탁[주식],1,1,
9월 이름 규칙,466930,SOL 자동차TOP3플러스,일치,K55210E57717,신한SOL자동차TOP3플러스증권상장지수투자신탁[주식],1,1,
9월 이름 규칙,464600,SOL 자동차소부장Fn,일치,K55210E48609,신한SOL자동차소부장Fn증권상장지수투자신탁[주식],1,1,
9월 이름 규칙,0005D0,SOL 전고체배터리&실리콘음극재,일치,K55210EG4402,신한SOL전고체배터리&실리콘음극재증권상장지수투자신탁[주식],1,1,
9월 이름 규칙,466920,SOL 조선TOP3플러스,일치,K55210EL7416,신한SOL조선TOP3플러스레버리지증권상장지수투자신탁[주식-파생형],2,2,MULTIPLE_NAME_CANDIDATES;SHARED_PORTAL_PRODUCT
9월 이름 규칙,0080Y0,SOL 조선TOP3플러스레버리지,일치,K55210EL7416,신한SOL조선TOP3플러스레버리지증권상장지수투자신탁[주식-파생형],1,2,SHARED_PORTAL_PRODUCT
9월 이름 규칙,0141S0,SOL 조선기자재,일치,K55210EQ3030,신한SOL조선기자재증권상장지수투자신탁[주식],1,1,
9월 이름 규칙,436140,SOL 종합채권(AA-이상)액티브,일치,K55210DV5914,신한SOL종합채권(AA-이상)액티브증권상장지수투자신탁[채권],1,1,
9월 이름 규칙,0141T0,SOL 중기종합채권(AA-이상)액티브,일치,K55210EQ3055,신한SOL중기종합채권(AA-이상)액티브증권상장지수투자신탁[채권],1,1,
9월 이름 규칙,0016X0,SOL 중단기회사채(A-이상)액티브,일치,K55210EH5770,신한SOL중단기회사채(A-이상)액티브증권상장지수투자신탁[채권],1,1,
9월 이름 규칙,0131A0,SOL 차이나소비트렌드,일치,K55210EP5036,신한SOL차이나소비트렌드증권상장지수투자신탁[주식],1,1,
9월 이름 규칙,469830,SOL 초단기채권액티브,일치,K55210E67161,신한SOL초단기채권액티브증권상장지수투자신탁[채권],1,1,
9월 이름 규칙,0105E0,SOL 코리아고배당,일치,K55210EN5491,신한SOL코리아고배당증권상장지수투자신탁[주식],1,1,
9월 이름 규칙,444200,SOL 코리아메가테크액티브,일치,K55210DX6936,신한SOL코리아메가테크액티브증권상장지수투자신탁[주식],1,1,
9월 이름 규칙,450910,SOL 코스닥150,일치,K55210DZ4459,신한SOL코스닥150증권상장지수투자신탁[주식],8,1,MULTIPLE_NAME_CANDIDATES
9월 이름 규칙,0192T0,SOL 코스닥TOP10,일치,K55210EU9981,신한SOL코스닥TOP10증권상장지수투자신탁[주식],1,1,
9월 이름 규칙,0192S0,SOL 코스피200채권혼합50,일치,K55210EU9643,신한SOL코스피200채권혼합50증권상장지수투자신탁[채권혼합],1,1,
9월 이름 규칙,0040X0,SOL 팔란티어미국채커버드콜혼합,일치,K55210EI9243,신한SOL팔란티어미국채커버드콜혼합증권상장지수투자신탁[채권혼합-파생재간접형],1,1,
9월 이름 규칙,0040Y0,SOL 팔란티어커버드콜OTM채권혼합,일치,K55210EI9250,신한SOL팔란티어커버드콜OTM채권혼합증권상장지수투자신탁[채권혼합-파생형],1,1,
9월 이름 규칙,0105D0,SOL 한국AI소프트웨어,일치,K55210EN5913,신한SOL한국AI소프트웨어증권상장지수투자신탁[주식],1,1,
9월 이름 규칙,0092B0,SOL 한국원자력SMR,일치,K55210EM3158,신한SOL한국원자력SMR증권상장지수투자신탁[주식],1,1,
9월 이름 규칙,429980,SOL 한국형글로벌전기차&2차전지액티브,일치,K55210DU0411,신한SOL한국형글로벌전기차&2차전지액티브증권상장지수투자신탁[주식],1,1,
9월 이름 규칙,0008T0,SOL 화장품TOP3플러스,일치,K55210EG9039,신한SOL화장품TOP3플러스증권상장지수투자신탁[주식],1,1,
9월 이름 규칙,102110,TIGER 200,일치,K55301B69897,미래에셋TIGER200헬스케어증권상장지수투자신탁(주식),21,2,MULTIPLE_NAME_CANDIDATES;SHARED_PORTAL_PRODUCT
9월 이름 규칙,139260,TIGER 200 IT,일치,KR5225A18067,미래에셋TIGER200IT증권상장지수투자신탁(주식),2,1,MULTIPLE_NAME_CANDIDATES
9월 이름 규칙,139220,TIGER 200 건설,일치,KR5225A18018,미래에셋TIGER200건설증권상장지수투자신탁(주식),1,1,
9월 이름 규칙,139290,TIGER 200 경기소비재,일치,KR5225A18026,미래에셋TIGER200경기소비재증권상장지수투자신탁(주식),1,1,
9월 이름 규칙,139270,TIGER 200 금융,일치,KR5225A18034,미래에셋TIGER200금융증권상장지수투자신탁(주식),1,1,
9월 이름 규칙,227550,TIGER 200 산업재,일치,K55301B69905,미래에셋TIGER200산업재증권상장지수투자신탁(주식),1,1,
9월 이름 규칙,227560,TIGER 200 생활소비재,일치,K55301B69913,미래에셋TIGER200생활소비재증권상장지수투자신탁(주식),1,1,
9월 이름 규칙,139250,TIGER 200 에너지화학,일치,KR5225A18042,미래에셋TIGER200에너지화학증권상장지수투자신탁(주식),2,1,MULTIPLE_NAME_CANDIDATES
9월 이름 규칙,139230,TIGER 200 중공업,일치,KR5225A18083,미래에셋TIGER200중공업증권상장지수투자신탁(주식),1,1,
9월 이름 규칙,139240,TIGER 200 철강소재,일치,KR5225A18091,미래에셋TIGER200철강소재증권상장지수투자신탁(주식),1,1,
9월 이름 규칙,227540,TIGER 200 헬스케어,일치,K55301B69897,미래에셋TIGER200헬스케어증권상장지수투자신탁(주식),1,2,SHARED_PORTAL_PRODUCT
9월 이름 규칙,243880,TIGER 200IT레버리지,일치,K55301BD4689,미래에셋TIGER200IT레버리지증권상장지수투자신탁(주식-파생형),1,1,
9월 이름 규칙,252000,TIGER 200동일가중,일치,K55301BG7119,미래에셋TIGER200동일가중증권상장지수투자신탁(주식),1,1,
9월 이름 규칙,267770,TIGER 200선물레버리지,일치,K55301BO0239,미래에셋TIGER200선물레버리지증권상장지수투자신탁(주식-파생형),1,1,
9월 이름 규칙,252710,TIGER 200선물인버스2X,일치,K55301BH0360,미래에셋TIGER200선물인버스2X증권상장지수투자신탁(주식-파생형),1,1,
9월 이름 규칙,243890,TIGER 200에너지화학레버리지,일치,K55301BD4697,미래에셋TIGER200에너지화학레버리지증권상장지수투자신탁(주식-파생형),1,1,
9월 이름 규칙,315270,TIGER 200커뮤니케이션서비스,일치,K55301CI8700,미래에셋TIGER200커뮤니케이션서비스증권상장지수투자신탁(주식),1,1,
9월 이름 규칙,289480,TIGER 200커버드콜,일치,K55301C25806,미래에셋TIGER200커버드콜증권상장지수투자신탁(주식-파생형),2,1,MULTIPLE_NAME_CANDIDATES
9월 이름 규칙,166400,TIGER 200커버드콜OTM,일치,KR5301AC6688,미래에셋 TIGER 200커버드콜OTM 증권상장지수투자신탁(주식-파생형),1,1,
9월 이름 규칙,0104N0,TIGER 200타겟위클리커버드콜,일치,K55301EN6416,미래에셋TIGER200타겟위클리커버드콜증권상장지수투자신탁(주식),1,1,
9월 이름 규칙,480260,TIGER 27-04회사채(A+이상)액티브,일치,K55301E99955,미래에셋 TIGER 27-04회사채(A+이상)액티브증권상장지수투자신탁(채권),1,1,
9월 이름 규칙,0094K0,TIGER 28-04 회사채(A+이상)액티브,일치,K55301EM5013,미래에셋TIGER28-04회사채(A+이상)액티브증권상장지수투자신탁(채권),1,1,
9월 이름 규칙,364980,TIGER 2차전지TOP10,일치,K55301DA5554,미래에셋 TIGER 2차전지 TOP10 증권상장지수투자신탁(주식),2,1,MULTIPLE_NAME_CANDIDATES
9월 이름 규칙,412570,TIGER 2차전지TOP10레버리지,일치,K55301DN9130,미래에셋 TIGER 2차전지TOP10 레버리지증권상장지수투자신탁(주식-파생형),1,1,
9월 이름 규칙,462010,TIGER 2차전지소재Fn,일치,K55301E34416,미래에셋 TIGER 2차전지소재Fn증권상장지수투자신탁(주식),1,1,
9월 이름 규칙,305540,TIGER 2차전지테마,일치,K55301CC8524,미래에셋TIGER2차전지테마증권상장지수투자신탁(주식),1,1,
9월 이름 규칙,471760,TIGER AI반도체핵심공정,일치,K55301E68273,미래에셋 TIGER AI반도체핵심공정증권상장지수투자신탁(주식),1,1,
9월 이름 규칙,365040,TIGER AI코리아그로스액티브,일치,K55301D98900,미래에셋 TIGER AI코리아그로스액티브증권상장지수투자신탁(주식),1,1,
9월 이름 규칙,364960,TIGER BBIG,일치,K55301DA5547,미래에셋 TIGER BBIG 증권상장지수투자신탁(주식),2,1,MULTIPLE_NAME_CANDIDATES
9월 이름 규칙,412560,TIGER BBIG레버리지,일치,K55301DN9403,미래에셋 TIGER BBIG 레버리지증권상장지수투자신탁(주식-파생형),1,1,
9월 이름 규칙,400970,TIGER Fn메타버스,일치,K55301DM9925,미래에셋 TIGER Fn메타버스증권상장지수투자신탁(주식),1,1,
9월 이름 규칙,377990,TIGER Fn신재생에너지,일치,K55301DE7374,미래에셋 TIGER Fn신재생에너지증권상장지수투자신탁(주식),1,1,
9월 이름 규칙,417630,TIGER KEDI혁신기업ESG30,일치,K55301DQ0219,미래에셋 TIGER KEDI혁신기업ESG30증권상장지수투자신탁(주식),1,1,
9월 이름 규칙,292160,TIGER KRX300,일치,K55301C47735,미래에셋TIGERKRX300증권상장지수투자신탁(주식),3,1,MULTIPLE_NAME_CANDIDATES
9월 이름 규칙,0072R0,TIGER KRX금현물,일치,K55301EI4806,미래에셋TIGERKRX금현물특별자산상장지수투자신탁(금),1,1,
9월 이름 규칙,404540,TIGER KRX기후변화솔루션,일치,K55301DN6458,미래에셋 TIGER KRX기후변화솔루션증권상장지수투자신탁(주식),1,1,
9월 이름 규칙,228820,TIGER KTOP30,일치,K55301B73618,미래에셋TIGERKTOP30증권상장지수투자신탁(주식),1,1,
9월 이름 규칙,300610,TIGER K게임,일치,K55301CB3302,미래에셋TIGERK게임증권상장지수투자신탁(주식),1,1,
9월 이름 규칙,463250,TIGER K방산&우주,일치,K55301E34424,미래에셋TIGERK방산&우주증권상장지수투자신탁(주식),1,1,
9월 이름 규칙,445910,TIGER MKF배당귀족,일치,K55301DX5334,미래에셋 TIGER MKF배당귀족 증권상장지수투자신탁(주식),1,1,
9월 이름 규칙,289260,TIGER MSCI KOREA ESG리더스,일치,K55301C21037,미래에셋TIGERMSCIKOREAESG리더스증권상장지수투자신탁(주식),1,1,
9월 이름 규칙,289250,TIGER MSCI KOREA ESG유니버설,일치,K55301C21029,미래에셋TIGERMSCIKOREAESG유니버설증권상장지수투자신탁(주식),1,1,
9월 이름 규칙,0195S0,TIGER SK하이닉스단일종목레버리지,일치,K55301EV7497,미래에셋TIGERSK하이닉스단일종목레버리지증권상장지수투자신탁(주식-파생형),1,1,
9월 이름 규칙,453950,TIGER TSMC파운드리밸류체인,일치,K55301E05523,미래에셋TIGERTSMC파운드리밸류체인증권상장지수투자신탁(주식),1,1,
9월 이름 규칙,364990,TIGER 게임TOP10,일치,K55301DA5588,미래에셋 TIGER 게임 TOP10 증권상장지수투자신탁(주식),1,1,
9월 이름 규칙,139280,TIGER 경기방어,일치,KR5225A18109,미래에셋TIGER경기방어증권상장지수투자신탁(주식),2,1,MULTIPLE_NAME_CANDIDATES
9월 이름 규칙,0190Y0,TIGER 구글밸류체인,일치,K55301ER7782,미래에셋TIGER구글밸류체인증권상장지수투자신탁(주식),1,1,
9월 이름 규칙,160580,TIGER 구리실물,일치,KR5301AB9295,미래에셋TIGER구리실물특별자산상장지수투자신탁(금속),1,1,
9월 이름 규칙,451530,TIGER 국고채30년스트립액티브,일치,K55301DZ7882,미래에셋TIGER국고채30년스트립액티브증권상장지수투자신탁(채권),1,1,
9월 이름 규칙,464310,TIGER 글로벌AI&로보틱스 INDXX,일치,K55301E40645,미래에셋 TIGER 글로벌AI&로보틱스INDXX증권상장지수투자신탁(주식),1,1,
9월 이름 규칙,418670,TIGER 글로벌AI사이버보안,일치,K55301DQ2231,미래에셋TIGER글로벌AI사이버보안INDXX증권상장지수투자신탁(주식),1,1,
9월 이름 규칙,466950,TIGER 글로벌AI액티브,일치,K55301E58613,미래에셋 TIGER 글로벌AI액티브증권상장지수투자신탁(주식),1,1,
9월 이름 규칙,491010,TIGER 글로벌AI전력인프라액티브,일치,K55301EE3190,미래에셋TIGER글로벌AI전력인프라액티브증권상장지수투자신탁(주식),1,1,
9월 이름 규칙,412770,TIGER 글로벌AI플랫폼액티브,일치,K55301DP1325,미래에셋TIGER글로벌AI플랫폼액티브증권상장지수투자신탁(주식),1,1,
9월 이름 규칙,440340,TIGER 글로벌멀티에셋TIF액티브,일치,K55301DW0591,미래에셋 TIGER 글로벌멀티에셋TIF액티브증권상장지수투자신탁(채권혼합),1,1,
9월 이름 규칙,476690,TIGER 글로벌비만치료제TOP2Plus,일치,K55301E88149,미래에셋 TIGER 글로벌비만치료제TOP2 Plus INDXX증권상장지수투자신탁(주식),1,1,
9월 이름 규칙,480310,TIGER 글로벌온디바이스AI,일치,K55301E97694,미래에셋 TIGER 글로벌온디바이스AI증권상장지수투자신탁(주식),1,1,
9월 이름 규칙,387270,TIGER 글로벌이노베이션액티브,일치,K55301DH6423,미래에셋 TIGER 글로벌이노베이션액티브증권상장지수투자신탁(주식-재간접형),1,1,
9월 이름 규칙,394660,TIGER 글로벌자율주행&전기차SOLACTIVE,일치,K55301DJ6538,미래에셋 TIGER 글로벌자율주행&전기차SOLACTIVE증권상장지수투자신탁(주식-파생형),1,1,
9월 이름 규칙,371450,TIGER 글로벌클라우드컴퓨팅INDXX,일치,K55301DC7616,미래에셋TIGER글로벌클라우드컴퓨팅INDXX증권상장지수투자신탁(주식-파생형),1,1,
9월 이름 규칙,464930,TIGER 글로벌혁신블루칩TOP10,일치,K55301E40066,미래에셋 TIGER 글로벌혁신블루칩TOP10증권상장지수투자신탁(주식),1,1,
9월 이름 규칙,0168K0,TIGER 기술이전바이오액티브,일치,K55301EQ3782,미래에셋TIGER기술이전바이오액티브증권상장지수투자신탁(주식),1,1,
9월 이름 규칙,272580,TIGER 단기채권액티브,일치,K55301BR4790,미래에셋 TIGER 단기채권액티브증권상장지수투자신탁(채권),1,1,
9월 이름 규칙,157450,TIGER 단기통안채,일치,KR5301AA4834,미래에셋TIGER단기통안채증권상장지수투자신탁(채권),1,1,
9월 이름 규칙,123320,TIGER 레버리지,일치,KR5225220155,미래에셋 TIGER레버리지 증권상장지수투자신탁(주식-파생형),1,1,
9월 이름 규칙,174350,TIGER 로우볼,일치,KR5301AH8119,미래에셋 TIGER 로우볼 증권상장지수투자신탁(주식),1,1,
9월 이름 규칙,329200,TIGER 리츠부동산인프라,일치,K55301EL4868,미래에셋TIGER리츠부동산인프라TOP10액티브부동산상장지수투자신탁(재간접형),3,2,MULTIPLE_NAME_CANDIDATES;SHARED_PORTAL_PRODUCT
9월 이름 규칙,0086B0,TIGER 리츠부동산인프라TOP10액티브,일치,K55301EL4868,미래에셋TIGER리츠부동산인프라TOP10액티브부동산상장지수투자신탁(재간접형),1,2,SHARED_PORTAL_PRODUCT
9월 이름 규칙,341850,TIGER 리츠부동산인프라채권,일치,K55301CY0731,미래에셋TIGER리츠부동산인프라채권부동산상장지수투자신탁(재간접형),1,1,
9월 이름 규칙,0043B0,TIGER 머니마켓액티브,일치,K55301EI2420,미래에셋TIGER머니마켓액티브증권상장지수투자신탁(채권),1,1,
9월 이름 규칙,147970,TIGER 모멘텀,일치,KR5225A65191,미래에셋 TIGER 모멘텀 증권상장지수투자신탁(주식),1,1,
9월 이름 규칙,0142D0,TIGER 미국AI데이터센터TOP4Plus,일치,K55301EQ2982,미래에셋TIGER미국AI데이터센터TOP4Plus증권상장지수투자신탁(주식),1,1,
9월 이름 규칙,491830,TIGER 미국AI반도체팹리스,일치,K55301EE2671,미래에셋 TIGER 미국AI반도체팹리스증권상장지수투자신탁(주식),1,1,
9월 이름 규칙,490090,TIGER 미국AI빅테크10,일치,K55301ED3282,미래에셋TIGER미국AI빅테크10타겟데일리커버드콜증권상장지수투자신탁(주식),2,2,MULTIPLE_NAME_CANDIDATES;SHARED_PORTAL_PRODUCT
9월 이름 규칙,493810,TIGER 미국AI빅테크10타겟데일리커버드콜,일치,K55301ED3282,미래에셋TIGER미국AI빅테크10타겟데일리커버드콜증권상장지수투자신탁(주식),1,2,SHARED_PORTAL_PRODUCT
9월 이름 규칙,0102A0,TIGER 미국AI소프트웨어TOP4Plus,일치,K55301EM5526,미래에셋TIGER미국AI소프트웨어TOP4Plus증권상장지수투자신탁(주식),1,1,
9월 이름 규칙,0123G0,TIGER 미국AI전력SMR,일치,K55301EO8635,미래에셋TIGER미국AI전력SMR증권상장지수투자신탁(주식),1,1,
9월 이름 규칙,360750,TIGER 미국S&P500,일치,K55301EY0879,미래에셋TIGER미국S&P500미국채혼합50증권상장지수투자신탁(채권혼합),6,1,MULTIPLE_NAME_CANDIDATES
9월 이름 규칙,488500,TIGER 미국S&P500동일가중,일치,K55301EC3069,미래에셋TIGER미국S&P500동일가중증권상장지수투자신탁(주식),1,1,
9월 이름 규칙,429000,TIGER 미국S&P500배당귀족,일치,K55301DS7063,미래에셋 TIGER 미국S&P500배당귀족증권상장지수투자신탁(주식),1,1,
9월 이름 규칙,482730,TIGER 미국S&P500타겟데일리커버드콜,일치,K55301EB0231,미래에셋TIGER미국S&P500타겟데일리커버드콜증권상장지수투자신탁(주식),1,1,
9월 이름 규칙,133690,TIGER 미국나스닥100,일치,K55301DU4926,미래에셋TIGER미국나스닥100채권혼합50증권상장지수투자신탁(채권혼합),7,2,MULTIPLE_NAME_CANDIDATES;SHARED_PORTAL_PRODUCT
9월 이름 규칙,435420,TIGER 미국나스닥100채권혼합50,일치,K55301DU4926,미래에셋TIGER미국나스닥100채권혼합50증권상장지수투자신탁(채권혼합),1,2,SHARED_PORTAL_PRODUCT
9월 이름 규칙,486290,TIGER 미국나스닥100타겟데일리커버드콜,일치,K55301EB5578,미래에셋TIGER미국나스닥100타겟데일리커버드콜증권상장지수투자신탁(주식),1,1,
9월 이름 규칙,429010,TIGER 미국나스닥넥스트100,일치,K55301DT2428,미래에셋 TIGER 미국나스닥넥스트100증권상장지수투자신탁(주식),1,1,
9월 이름 규칙,245340,TIGER 미국다우존스30,일치,K55301BD8854,미래에셋TIGER미국다우존스30증권상장지수투자신탁(주식-파생형),1,1,
9월 이름 규칙,329750,TIGER 미국달러단기채권액티브,일치,K55301CR6349,미래에셋TIGER미국달러단기채권액티브증권상장지수투자신탁(채권-파생형),1,1,
9월 이름 규칙,261110,TIGER 미국달러선물레버리지,일치,K55301BK2361,미래에셋TIGER미국달러선물레버리지특별자산상장지수투자신탁(달러-파생형),1,1,
9월 이름 규칙,261120,TIGER 미국달러선물인버스2X,일치,K55301BK2346,미래에셋TIGER미국달러선물인버스2X특별자산상장지수투자신탁(달러-파생형),1,1,
9월 이름 규칙,494840,TIGER 미국방산TOP10,일치,K55301EE9171,미래에셋 TIGER 미국방산TOP10증권상장지수투자신탁(주식),1,1,
9월 이름 규칙,458730,TIGER 미국배당다우존스,일치,K55301EG7256,미래에셋 TIGER 미국배당다우존스타겟데일리커버드콜증권상장지수투자신탁(주식),4,2,MULTIPLE_NAME_CANDIDATES;SHARED_PORTAL_PRODUCT
9월 이름 규칙,0008S0,TIGER 미국배당다우존스타겟데일리커버드콜,일치,K55301EG7256,미래에셋 TIGER 미국배당다우존스타겟데일리커버드콜증권상장지수투자신탁(주식),1,2,SHARED_PORTAL_PRODUCT
9월 이름 규칙,458750,TIGER 미국배당다우존스타겟커버드콜1호,일치,K55301E27642,미래에셋TIGER 미국배당다우존스타겟커버드콜1호증권상장지수투자신탁(주식-파생형),1,1,
9월 이름 규칙,458760,TIGER 미국배당다우존스타겟커버드콜2호,일치,K55301E27659,미래에셋TIGER미국배당다우존스타겟커버드콜2호증권상장지수투자신탁(주식-파생형),1,1,
9월 이름 규칙,0015K0,TIGER 미국소비트렌드액티브,일치,K55301EH0516,미래에셋TIGER미국소비트렌드액티브증권상장지수투자신탁(주식),1,1,
9월 이름 규칙,0183J0,TIGER 미국우주테크,일치,K55301ES8102,미래에셋TIGER미국우주테크증권상장지수투자신탁(주식),1,1,
9월 이름 규칙,305080,TIGER 미국채10년선물,일치,K55301CD2872,미래에셋TIGER미국채10년선물증권상장지수투자신탁(채권-파생형),1,1,
9월 이름 규칙,0046A0,TIGER 미국초단기(3개월이하)국채,일치,K55301EI9524,미래에셋TIGER미국초단기(3개월이하)국채증권상장지수투자신탁(채권-재간접형),1,1,
9월 이름 규칙,465670,TIGER 미국캐시카우100,일치,K55301E49703,미래에셋TIGER미국캐시카우100증권상장지수투자신탁(주식),1,1,
9월 이름 규칙,0223R0,TIGER 미국테크NYSE100액티브,일치,K55301ES8151,미래에셋TIGER미국테크NYSE100액티브증권상장지수투자신탁(주식),1,1,
9월 이름 규칙,381170,TIGER 미국테크TOP10 INDXX,일치,K55301DG0369,미래에셋 TIGER 미국테크TOP10 INDXX증권상장지수투자신탁(주식),2,1,MULTIPLE_NAME_CANDIDATES
9월 이름 규칙,472170,TIGER 미국테크TOP10채권혼합,일치,K55301E70402,미래에셋TIGER미국테크TOP10채권혼합증권상장지수투자신탁(채권혼합),1,1,
9월 이름 규칙,474220,TIGER 미국테크TOP10타겟커버드콜,일치,K55301E79429,미래에셋TIGER미국테크TOP10타겟커버드콜증권상장지수투자신탁(주식-파생형),1,1,
9월 이름 규칙,497570,TIGER 미국필라델피아AI반도체나스닥,일치,K55301EF4932,미래에셋 TIGER 미국필라델피아 AI 반도체나스닥증권상장지수투자신탁(주식),1,1,
9월 이름 규칙,381180,TIGER 미국필라델피아반도체나스닥,일치,K55301DF8777,미래에셋 TIGER 미국필라델피아반도체나스닥증권상장지수투자신탁(주식),1,1,
9월 이름 규칙,228810,TIGER 미디어컨텐츠,일치,K55301B73741,미래에셋TIGER미디어컨텐츠증권상장지수투자신탁(주식),1,1,
9월 이름 규칙,364970,TIGER 바이오TOP10,일치,K55301DA5562,미래에셋 TIGER 바이오 TOP10 증권상장지수투자신탁(주식),1,1,
9월 이름 규칙,091230,TIGER 반도체,일치,K55301ES2840,미래에셋TIGER반도체TOP10커버드콜액티브증권상장지수투자신탁(주식-파생형),4,3,MULTIPLE_NAME_CANDIDATES;SHARED_PORTAL_PRODUCT
9월 이름 규칙,396500,TIGER 반도체TOP10,일치,K55301ES2840,미래에셋TIGER반도체TOP10커버드콜액티브증권상장지수투자신탁(주식-파생형),3,3,MULTIPLE_NAME_CANDIDATES;SHARED_PORTAL_PRODUCT
9월 이름 규칙,488080,TIGER 반도체TOP10레버리지,일치,K55301EC6161,미래에셋 TIGER 반도체TOP10레버리지증권상장지수투자신탁(주식-파생형),1,1,
9월 이름 규칙,0177R0,TIGER 반도체TOP10커버드콜액티브,일치,K55301ES2840,미래에셋TIGER반도체TOP10커버드콜액티브증권상장지수투자신탁(주식-파생형),1,3,SHARED_PORTAL_PRODUCT
9월 이름 규칙,211560,TIGER 배당성장,일치,KR5301AX7368,미래에셋TIGER배당성장증권상장지수투자신탁(주식),1,1,
9월 이름 규칙,472150,TIGER 배당커버드콜액티브,일치,K55301DY9046,미래에셋TIGER배당커버드콜액티브증권상장지수투자신탁(주식),1,1,
9월 이름 규칙,138520,TIGER 삼성그룹,일치,KR5225A01840,미래에셋 TIGER 삼성그룹 증권상장지수투자신탁(주식),1,1,
9월 이름 규칙,0233J0,TIGER 삼성전자SK하이닉스미국채혼합50,일치,K55301EW2661,미래에셋TIGER삼성전자SK하이닉스미국채혼합50증권상장지수투자신탁(채권혼합),1,1,
9월 이름 규칙,0195R0,TIGER 삼성전자단일종목레버리지,일치,K55301EV7505,미래에셋TIGER삼성전자단일종목레버리지증권상장지수투자신탁(주식-파생형),1,1,
9월 이름 규칙,157490,TIGER 소프트웨어,일치,KR5301AA1269,미래에셋TIGER소프트웨어증권상장지수투자신탁(주식),1,1,
9월 이름 규칙,228800,TIGER 여행레저,일치,K55301B73758,미래에셋TIGER여행레저증권상장지수투자신탁(주식),1,1,
9월 이름 규칙,227570,TIGER 우량가치,일치,K55301B69921,미래에셋TIGER우량가치증권상장지수투자신탁(주식),1,1,
9월 이름 규칙,438330,TIGER 우량회사채액티브,일치,K55301DW0609,미래에셋TIGER우량회사채액티브증권상장지수투자신탁(채권),1,1,
9월 이름 규칙,261140,TIGER 우선주,일치,K55301BJ4477,미래에셋TIGER우선주증권상장지수투자신탁(주식),1,1,
9월 이름 규칙,245350,TIGER 유로스탁스배당30,일치,K55301BD8862,미래에셋TIGER유로스탁스배당30증권상장지수투자신탁(주식-파생형),1,1,
9월 이름 규칙,0189B0,TIGER 은액티브,일치,K55301ET0066,미래에셋TIGER은액티브특별자산상장지수투자신탁(은-재간접형),1,1,
9월 이름 규칙,091220,TIGER 은행,일치,KR5225578248,미래에셋 TIGER 은행 증권상장지수투자신탁(주식),2,1,MULTIPLE_NAME_CANDIDATES
9월 이름 규칙,466940,TIGER 은행고배당플러스TOP10,일치,K55301E61591,미래에셋 TIGER 은행고배당플러스TOP10증권상장지수투자신탁(주식),1,1,
9월 이름 규칙,307510,TIGER 의료기기,일치,K55301CC2055,미래에셋TIGER의료기기증권상장지수투자신탁(주식),1,1,
9월 이름 규칙,453870,TIGER 인도니프티50,일치,K55301E05564,미래에셋TIGER인도니프티50증권상장지수투자신탁(주식-파생형),1,1,
9월 이름 규칙,479730,TIGER 인도빌리언컨슈머,일치,K55301E98973,미래에셋 TIGER 인도빌리언컨슈머증권상장지수투자신탁(주식),1,1,
9월 이름 규칙,123310,TIGER 인버스,일치,KR5225220130,미래에셋 TIGER 인버스 증권 상장지수투자신탁(주식-파생형),2,1,MULTIPLE_NAME_CANDIDATES
9월 이름 규칙,365000,TIGER 인터넷TOP10,일치,K55301DA5570,미래에셋 TIGER 인터넷TOP10 증권상장지수투자신탁(주식),1,1,
9월 이름 규칙,241180,TIGER 일본니케이225,일치,K55301BB3675,미래에셋TIGER일본니케이225증권상장지수투자신탁(주식-파생형),1,1,
9월 이름 규칙,465660,TIGER 일본반도체FACTSET,일치,K55301E49406,미래에셋TIGER일본반도체FACTSET증권상장지수투자신탁(주식),1,1,
9월 이름 규칙,292560,TIGER 일본엔선물,일치,K55301C59425,미래에셋TIGER일본엔선물특별자산상장지수투자신탁(엔-파생형),4,1,MULTIPLE_NAME_CANDIDATES
9월 이름 규칙,494670,TIGER 조선TOP10,일치,K55301EE9692,미래에셋 TIGER 조선TOP10증권상장지수투자신탁(주식),1,1,
9월 이름 규칙,451540,TIGER 종합채권(AA-이상)액티브,일치,K55301DZ7460,미래에셋TIGER종합채권(AA-이상)액티브증권상장지수투자신탁(채권),1,1,
9월 이름 규칙,150460,TIGER 중국소비테마,일치,KR5225A75083,미래에셋 TIGER 중국소비테마 증권상장지수투자신탁(주식),1,1,
9월 이름 규칙,0192Z0,TIGER 중기종합채권(A-이상)액티브,일치,K55301EV0294,미래에셋TIGER중기종합채권(A-이상)액티브증권상장지수투자신탁(채권형),1,1,
9월 이름 규칙,302190,TIGER 중장기국채,일치,K55301CA9094,미래에셋TIGER중장기국채증권상장지수투자신탁(채권-파생형),3,1,MULTIPLE_NAME_CANDIDATES
9월 이름 규칙,157500,TIGER 증권,일치,KR5301AA1251,미래에셋TIGER증권증권상장지수투자신탁(주식),1,1,
9월 이름 규칙,307520,TIGER 지주회사,일치,K55301CC2063,미래에셋TIGER지주회사증권상장지수투자신탁(주식),1,1,
9월 이름 규칙,0067Y0,TIGER 차이나AI소프트웨어,일치,K55301EK5932,미래에셋TIGER차이나AI소프트웨어증권상장지수투자신탁(주식),1,1,
9월 이름 규칙,192090,TIGER 차이나CSI300,일치,KR5301AU9086,미래에셋TIGER차이나CSI300레버리지증권상장지수투자신탁(주식혼합-파생재간접형)(합성),3,2,MULTIPLE_NAME_CANDIDATES;SHARED_PORTAL_PRODUCT
9월 이름 규칙,245360,TIGER 차이나HSCEI,일치,K55301BD8870,미래에셋TIGER차이나HSCEI증권상장지수투자신탁(주식-파생형),1,1,
9월 이름 규칙,0067V0,TIGER 차이나글로벌리더스TOP3+,일치,K55301EL0767,미래에셋TIGER차이나글로벌리더스TOP3+증권상장지수투자신탁(주식),1,1,
9월 이름 규칙,371470,TIGER 차이나바이오테크SOLACTIVE,일치,K55301DC7590,미래에셋TIGER차이나바이오테크SOLACTIVE증권상장지수투자신탁(주식-파생형),1,1,
9월 이름 규칙,396520,TIGER 차이나반도체FACTSET,일치,K55301DL2376,미래에셋 TIGER 차이나반도체FACTSET증권상장지수투자신탁(주식-파생형),1,1,
9월 이름 규칙,371460,TIGER 차이나전기차SOLACTIVE,일치,K55301DC7608,미래에셋TIGER차이나전기차SOLACTIVE증권상장지수투자신탁(주식-파생형),1,1,
9월 이름 규칙,0133E0,TIGER 차이나증권,일치,K55301EP6877,미래에셋TIGER차이나증권증권상장지수투자신탁(주식),2,1,MULTIPLE_NAME_CANDIDATES
9월 이름 규칙,396510,TIGER 차이나클린에너지SOLACTIVE,일치,K55301DL2350,미래에셋 TIGER 차이나클린에너지SOLACTIVE증권상장지수투자신탁(주식-파생형),1,1,
9월 이름 규칙,0047A0,TIGER 차이나테크TOP10,일치,K55301EJ2577,미래에셋TIGER차이나테크TOP10증권상장지수투자신탁(주식),1,1,
9월 이름 규칙,371160,TIGER 차이나항셍테크,일치,K55301DC8499,미래에셋 TIGER 차이나항셍테크증권상장지수투자신탁(주식),2,1,MULTIPLE_NAME_CANDIDATES
9월 이름 규칙,0053L0,TIGER 차이나휴머노이드로봇,일치,K55301EK0321,미래에셋TIGER차이나휴머노이드로봇증권상장지수투자신탁(주식),1,1,
9월 이름 규칙,0117V0,TIGER 코리아AI전력기기TOP3플러스,일치,K55301EO3131,미래에셋TIGER코리아AI전력기기TOP3플러스증권상장지수투자신탁(주식),1,1,
9월 이름 규칙,292150,TIGER 코리아TOP10,일치,K55301C47545,미래에셋TIGER코리아TOP10증권상장지수투자신탁(주식),1,1,
9월 이름 규칙,0052D0,TIGER 코리아배당다우존스,일치,K55301EK1139,미래에셋TIGER코리아배당다우존스증권상장지수투자신탁(주식),2,1,MULTIPLE_NAME_CANDIDATES
9월 이름 규칙,0104P0,TIGER 코리아배당다우존스위클리커버드콜,일치,K55301EN6424,미래에셋TIGER코리아배당다우존스위클리커버드콜증권상장지수투자신탁(주식-파생형),1,1,
9월 이름 규칙,496080,TIGER 코리아밸류업,일치,K55301EF9618,미래에셋 TIGER 코리아밸류업증권상장지수투자신탁(주식),1,1,
9월 이름 규칙,0091P0,TIGER 코리아원자력,일치,K55301EM4685,미래에셋TIGER코리아원자력증권상장지수투자신탁(주식),1,1,
9월 이름 규칙,471780,TIGER 코리아테크액티브,일치,K55301E68232,미래에셋 TIGER 코리아테크액티브증권상장지수투자신탁(주식),1,1,
9월 이름 규칙,0148J0,TIGER 코리아휴머노이드로봇산업,일치,K55301EQ3394,미래에셋TIGER코리아휴머노이드로봇산업증권상장지수투자신탁(주식),1,1,
9월 이름 규칙,232080,TIGER 코스닥150,일치,K55301BJ7017,미래에셋TIGER코스닥150IT증권상장지수투자신탁(주식),6,2,MULTIPLE_NAME_CANDIDATES;SHARED_PORTAL_PRODUCT
9월 이름 규칙,233160,TIGER 코스닥150 레버리지,일치,K55301B88376,미래에셋TIGER코스닥150레버리지증권상장지수투자신탁(주식-파생형),1,1,
9월 이름 규칙,261060,TIGER 코스닥150IT,일치,K55301BJ7017,미래에셋TIGER코스닥150IT증권상장지수투자신탁(주식),1,2,SHARED_PORTAL_PRODUCT
9월 이름 규칙,261070,TIGER 코스닥150바이오테크,일치,K55301BJ7009,미래에셋TIGER코스닥150바이오테크증권상장지수투자신탁(주식),1,1,
9월 이름 규칙,461580,TIGER 코스닥글로벌,일치,K55301E34366,미래에셋 TIGER 코스닥글로벌증권상장지수투자신탁(주식),1,1,
9월 이름 규칙,0204S0,TIGER 코스닥액티브,일치,K55301EU5260,미래에셋TIGER코스닥액티브증권상장지수투자신탁(주식),1,1,
9월 이름 규칙,277630,TIGER 코스피,일치,KR5301AX7376,미래에셋TIGER코스피고배당증권상장지수투자신탁(주식),4,2,MULTIPLE_NAME_CANDIDATES;SHARED_PORTAL_PRODUCT
9월 이름 규칙,210780,TIGER 코스피고배당,일치,KR5301AX7376,미래에셋TIGER코스피고배당증권상장지수투자신탁(주식),1,2,SHARED_PORTAL_PRODUCT
9월 이름 규칙,277640,TIGER 코스피대형주,일치,K55301BV2962,미래에셋TIGER코스피대형주증권상장지수투자신탁(주식),1,1,
9월 이름 규칙,277650,TIGER 코스피중형주,일치,K55301BV2954,미래에셋TIGER코스피중형주증권상장지수투자신탁(주식),1,1,
9월 이름 규칙,376410,TIGER 탄소효율그린뉴딜,일치,K55301DE5626,미래에셋 TIGER 탄소효율그린뉴딜증권상장지수투자신탁(주식),1,1,
9월 이름 규칙,447770,TIGER 테슬라채권혼합Fn,일치,K55301DY0649,미래에셋 TIGER 테슬라채권혼합Fn증권상장지수투자신탁(채권혼합),1,1,
9월 이름 규칙,0060H0,TIGER 토탈월드스탁액티브,일치,K55301EK7888,미래에셋TIGER토탈월드스탁액티브증권상장지수투자신탁(주식),1,1,
9월 이름 규칙,387280,TIGER 퓨처모빌리티액티브,일치,K55301DH5144,미래에셋 TIGER 퓨처모빌리티액티브증권상장지수투자신탁(주식),1,1,
9월 이름 규칙,143860,TIGER 헬스케어,일치,KR5225A46670,미래에셋TIGER헬스케어증권상장지수투자신탁(주식),1,1,
9월 이름 규칙,228790,TIGER 화장품,일치,K55301B73766,미래에셋TIGER화장품증권상장지수투자신탁(주식),1,1,
9월 이름 규칙,441800,TIME Korea플러스배당액티브,일치,K553J1DW4846,타임폴리오 TIME Korea플러스배당액티브증권상장지수투자신탁[주식],1,1,
9월 이름 규칙,463050,TIME K바이오액티브,일치,K553J1E46927,타임폴리오 TIME K바이오액티브증권상장지수투자신탁[주식],1,1,
9월 이름 규칙,404120,TIME K신재생에너지액티브,일치,K553J1DO1974,타임폴리오 TIME K신재생에너지액티브증권상장지수투자신탁(주식),1,1,
9월 이름 규칙,385710,TIME K이노베이션액티브,일치,K553J1DJ0288,타임폴리오 TIME K이노베이션액티브증권상장지수투자신탁[주식],1,1,
9월 이름 규칙,410870,TIME K컬처액티브,일치,K553J1DP1767,타임폴리오 TIME K컬처액티브증권상장지수투자신탁(주식),1,1,
9월 이름 규칙,456600,TIME 글로벌AI인공지능액티브,일치,K553J1E23876,타임폴리오 TIME 글로벌AI인공지능액티브증권상장지수투자신탁[주식],1,1,
9월 이름 규칙,485810,TIME 글로벌바이오액티브,일치,K553J1EB9138,타임폴리오 TIME 글로벌바이오액티브증권상장지수투자신탁[주식],1,1,
9월 이름 규칙,494180,TIME 글로벌소비트렌드액티브,일치,K553J1EF1685,타임폴리오 TIME 글로벌소비트렌드액티브증권상장지수투자신탁(주식),1,1,
9월 이름 규칙,478150,TIME 글로벌우주테크&방산액티브,일치,K553J1E98415,타임폴리오 TIME 글로벌우주테크&방산액티브증권상장지수투자신탁(주식),1,1,
9월 이름 규칙,0113D0,TIME 글로벌탑픽액티브,일치,K553J1EP1634,타임폴리오 TIME 글로벌탑픽액티브증권상장지수투자신탁(주식-재간접형),1,1,
9월 이름 규칙,0185L0,TIME 글로벌휴머노이드로봇산업액티브,일치,K553J1EU9150,타임폴리오 TIME 글로벌휴머노이드로봇산업액티브증권상장지수투자신탁(주식),1,1,
9월 이름 규칙,426020,TIME 미국S&P500액티브,일치,K553J1DT1904,타임폴리오 TIME 미국S&P500액티브증권상장지수투자신탁(주식),1,1,
9월 이름 규칙,426030,TIME 미국나스닥100액티브,일치,K553J1DT1912,타임폴리오 TIME 미국나스닥100액티브증권상장지수투자신탁(주식),1,1,
9월 이름 규칙,0019K0,TIME 미국나스닥100채권혼합50액티브,일치,K553J1EI5410,타임폴리오 TIME 미국나스닥100채권혼합50액티브증권상장지수투자신탁(채권혼합),1,1,
9월 이름 규칙,0043Y0,TIME 차이나AI테크액티브,일치,K553J1EK6638,타임폴리오 TIME 차이나AI테크액티브증권상장지수투자신탁(주식),1,1,
9월 이름 규칙,495060,TIME 코리아밸류업액티브,일치,K553J1EF9274,타임폴리오 TIME 코리아밸류업액티브증권상장지수투자신탁(주식),1,1,
9월 이름 규칙,0162Y0,TIME 코스닥액티브,일치,K553J1ET1739,타임폴리오 TIME 코스닥액티브증권상장지수투자신탁(주식),1,1,
9월 이름 규칙,385720,TIME 코스피액티브,일치,K553J1DJ0270,타임폴리오 TIME 코스피액티브증권상장지수투자신탁(주식),1,1,
9월 이름 규칙,108590,TREX 200,일치,KR5307905228,유리TREX200증권상장지수투자신탁[주식],1,1,
9월 이름 규칙,145850,TREX 펀더멘탈 200,일치,KR5307A60883,유리TREX펀더멘탈200증권상장지수투자신탁[주식],1,1,
9월 이름 규칙,472720,TRUSTON 주주가치액티브,일치,K55363E76664,트러스톤 TRUSTON 주주가치액티브증권상장지수투자신탁[주식],1,1,
9월 이름 규칙,496130,TRUSTON 코리아밸류업액티브,일치,K55363EF9738,트러스톤 TRUSTON 코리아밸류업액티브증권상장지수투자신탁[주식],1,1,
9월 이름 규칙,0184V0,UNICORN K바이오액티브,일치,K55373EU5008,현대UNICORN K바이오 액티브증권상장지수투자신탁[주식],1,1,
9월 이름 규칙,433250,UNICORN R&D 액티브,일치,K55373DU6130,현대UNICORNR&D액티브증권상장지수투자신탁[주식],1,1,
9월 이름 규칙,494220,UNICORN SK하이닉스밸류체인액티브,일치,K55373EF1006,현대UNICORNSK하이닉스밸류체인액티브증권상장지수투자신탁[주식],1,1,
9월 이름 규칙,470310,UNICORN 생성형AI강소기업액티브,일치,K55373E72456,현대UNICORN생성형AI강소기업액티브증권상장지수투자신탁[주식],1,1,
9월 이름 규칙,476000,UNICORN 포스트IPO액티브,일치,K55373E91357,현대UNICORN포스트IPO액티브증권상장지수투자신탁[주식],1,1,
9월 이름 규칙,448100,WON 200,일치,K55107DY2526,우리WON200증권상장지수투자신탁(주식),1,1,
9월 이름 규칙,413930,WON AI ESG액티브,일치,K55107DP6908,우리WON AI ESG액티브증권상장지수투자신탁(주식),1,1,
9월 이름 규칙,0088N0,WON K-글로벌수급상위,일치,K55107EN0027,우리 WON K-글로벌수급상위증권상장지수투자신탁(주식),1,1,
9월 이름 규칙,458030,WON 국공채머니마켓액티브,일치,K55107E28500,우리WON국공채머니마켓액티브증권상장지수투자신탁(채권),1,1,
9월 이름 규칙,426150,WON 대한민국국고채액티브,일치,K55107DT5260,우리WON대한민국국고채액티브증권상장지수투자신탁(채권),1,1,
9월 이름 규칙,0177A0,WON 두산그룹포커스,일치,K55107ET9055,우리WON두산그룹포커스증권상장지수투자신탁(주식),1,1,
9월 이름 규칙,444490,WON 미국S&P500,일치,K55107DX3483,우리WON미국S&P500증권상장지수투자신탁(주식),1,1,
9월 이름 규칙,489290,WON 미국빌리어네어,일치,K55107ED8337,우리WON미국빌리어네어증권상장지수투자신탁(주식),1,1,
9월 이름 규칙,440910,WON 미국우주항공방산,일치,K55107DW3997,우리WON미국우주항공방산증권상장지수투자신탁(주식),1,1,
9월 이름 규칙,474590,WON 반도체밸류체인액티브,일치,K55107E85195,우리WON반도체밸류체인액티브증권상장지수투자신탁(주식),1,1,
9월 이름 규칙,0203S0,WON 삼성전자현대차채권혼합50,일치,K55107EV6271,우리WON삼성전자현대차채권혼합50증권상장지수투자신탁(채권혼합),1,1,
9월 이름 규칙,496020,WON 전단채플러스액티브,일치,K55107EG2030,우리WON전단채플러스액티브증권상장지수투자신탁(채권),1,1,
9월 이름 규칙,488720,WON 종합채권(AA-이상)액티브,일치,K55107E34441,우리WON종합채권(AA-이상)액티브증권상장지수투자신탁(채권),1,1,
9월 이름 규칙,0203R0,WON 중단기종합채권(A-이상)액티브,일치,K55107EU9953,우리 WON 중단기종합채권(A-이상)액티브증권상장지수투자신탁(채권),1,1,
9월 이름 규칙,0154F0,WON 초대형IB&금융지주,일치,K55107EP7079,우리WON초대형IB&금융지주증권상장지수투자신탁(주식),1,1,
9월 이름 규칙,0226G0,WON 피지컬AI TOP2플러스액티브,일치,K55107EX7947,우리WON피지컬AI TOP2플러스액티브증권상장지수투자신탁(주식),1,1,
9월 이름 규칙,480460,WON 한국부동산TOP3플러스,일치,K55107EA8553,우리WON한국부동산TOP3플러스부동산상장지수투자신탁(재간접형),1,1,
9월 이름 규칙,0053M0,더제이 중소형포커스액티브,일치,K553H6EK8245,더제이 더제이 중소형포커스액티브증권상장지수투자신탁[주식],1,1,
9월 이름 규칙,465780,마이티 26-09 특수채(AAA)액티브,일치,K55216E57284,DB마이티26-09특수채(AAA)액티브증권상장지수투자신탁[채권],1,1,
9월 이름 규칙,0191M0,마이티 5월만기자동연장특수채(AAA)액티브,일치,K55216EV7079,DB마이티5월만기자동연장특수채(AAA)액티브증권상장지수투자신탁[채권],1,1,
9월 이름 규칙,0222F0,마이티 AI데이터센터밸류체인,일치,K55216EX5527,DB마이티AI데이터센터밸류체인증권상장지수투자신탁[주식],1,1,
9월 이름 규칙,442260,마이티 다이나믹퀀트액티브,일치,K55216DW2765,DB마이티다이나믹퀀트액티브증권상장지수투자신탁[주식],1,1,
9월 이름 규칙,0001P0,마이티 바이오시밀러&CDMO액티브,일치,K55216EG6021,DB마이티바이오시밀러&CDMO액티브증권상장지수투자신탁[주식],1,1,
9월 이름 규칙,0229F0,마이티 신약포커스바이오액티브,일치,K55216EY5252,DB마이티신약포커스바이오액티브증권상장지수투자신탁[주식],1,1,
9월 이름 규칙,0007N0,아이엠에셋 200,일치,K55368EH4351,iM에셋 아이엠에셋 200 증권 상장지수투자신탁(주식),1,1,
9월 이름 규칙,462340,에셋플러스 글로벌다이나믹시니어액티브,일치,K55364E27897,에셋플러스 에셋플러스 글로벌다이나믹시니어액티브증권상장지수투자신탁(주식),1,1,
9월 이름 규칙,433220,에셋플러스 글로벌대장장이액티브,일치,K55364DP8696,에셋플러스 에셋플러스글로벌대장장이액티브증권상장지수투자신탁(주식),1,1,
9월 이름 규칙,451150,에셋플러스 글로벌영에이지액티브,일치,K55364DY2573,에셋플러스 에셋플러스글로벌영에이지액티브증권상장지수투자신탁(주식),1,1,
9월 이름 규칙,477490,에셋플러스 글로벌일등기업포커스10액티브,일치,K55364E79047,에셋플러스 에셋플러스 글로벌일등기업 포커스10 액티브증권상장지수투자신탁(주식),1,1,
9월 이름 규칙,407830,에셋플러스 글로벌플랫폼액티브,일치,K55364DO6345,에셋플러스 에셋플러스글로벌플랫폼액티브증권상장지수투자신탁(주식),1,1,
9월 이름 규칙,0002C0,에셋플러스 인도일등기업포커스20액티브,일치,K55364ED4870,에셋플러스 에셋플러스 인도일등기업 포커스20액티브증권상장지수투자신탁(주식),1,1,
9월 이름 규칙,474920,에셋플러스 차이나일등기업포커스10액티브,일치,K55364E70822,에셋플러스 에셋플러스 차이나일등기업 포커스10액티브증권상장지수투자신탁(주식),1,1,
9월 이름 규칙,442090,에셋플러스 코리아대장장이액티브,일치,K55364DP6658,에셋플러스 에셋플러스코리아대장장이액티브증권상장지수투자신탁(주식),1,1,
9월 이름 규칙,407820,에셋플러스 코리아플랫폼액티브,일치,K55364DO6337,에셋플러스 에셋플러스코리아플랫폼액티브증권상장지수투자신탁(주식),1,1,
9월 이름 규칙,491510,파워 K-주주가치액티브,일치,K55207EE5208,교보악사 파워 K-주주가치액티브증권상장지수투자신탁[주식],1,1,
9월 이름 규칙,192720,파워 고배당저변동성,일치,KR5207AN0410,교보악사파워고배당저변동성증권상장지수투자신탁[주식],1,1,
9월 이름 규칙,498180,파워 종합채권(AA-이상)액티브,일치,K55207EF7450,교보악사 파워 종합채권(AA-이상)액티브증권상장지수투자신탁[채권],1,1,
10월 재대조,491610,1Q CD금리액티브(합성),자동 1:1,K55102ED3689,하나 1Q CD금리액티브증권상장지수투자신탁[채권혼합-파생형](합성),,1,
10월 재대조,332500,ACE 200TR,자동 1:1,K55101CT6711,한국투자 ACE 200 Total Return증권상장지수투자신탁(주식),,1,
10월 재대조,226380,ACE Fn성장소비주도주,확정(사람 확인),K55101B54539,한국투자 ACE 성장소비주도주증권상장지수투자신탁(주식),,1,
10월 재대조,291130,ACE MSCI멕시코(합성),자동 1:1,K55101C31949,한국투자 ACE MSCI멕시코증권상장지수투자신탁(주식-파생형)(합성),,1,
10월 재대조,256440,ACE MSCI인도네시아(합성),자동 1:1,K55101BI4108,한국투자 ACE MSCI인도네시아증권상장지수투자신탁(주식-파생형)(합성),,1,
10월 재대조,261920,ACE MSCI필리핀(합성),자동 1:1,K55101BJ5096,한국투자 ACE MSCI필리핀증권상장지수투자신탁(주식-파생형)(합성),,1,
10월 재대조,225130,ACE 골드선물 레버리지(합성 H),자동 1:1,K55101B44423,한국투자 ACE 골드선물레버리지특별자산상장지수투자신탁(금-파생형)(합성 H),,1,
10월 재대조,114460,ACE 국고채3년,확정(사람 확인),KR5101148215,한국투자 ACE 국고채 증권 상장지수투자신탁(채권),,1,
10월 재대조,190620,ACE 단기통안채,보류,,,,0,PENDING
10월 재대조,265690,ACE 러시아MSCI(합성),자동 1:1,K55101BM2890,한국투자 ACE 러시아MSCI증권상장지수투자신탁(주식-파생형)(합성),,1,
10월 재대조,0085N0,ACE 미국10년국채액티브(H),보류,K55101EL9174,한국투자 ACE 미국10년국채액티브증권상장지수투자신탁[채권](H),,2,SHARED_PORTAL_PRODUCT;PENDING
10월 재대조,452250,ACE 미국30년국채선물레버리지(합성 H),자동 1:1,K55101DZ9039,한국투자ACE미국30년국채선물레버리지 증권상장지수투자신탁(채권-파생형)(합성H),,1,
10월 재대조,453850,ACE 미국30년국채액티브(H),보류,K55101E03860,한국투자 ACE 미국30년국채액티브증권상장지수투자신탁[채권](H),,2,SHARED_PORTAL_PRODUCT;PENDING
10월 재대조,476750,ACE 미국30년국채엔화노출액티브(H),자동 1:1,K55101E91790,한국투자 ACE 미국30년국채엔화노출액티브증권상장지수투자신탁[채권](H),,1,
10월 재대조,480030,ACE 미국500데일리타겟커버드콜(합성),자동 1:1,K55101E97755,한국투자 ACE 미국500데일리타겟커버드콜 증권 상장지수투자신탁(주식-파생형)(합성),,1,
10월 재대조,280320,ACE 미국IT인터넷(합성 H),자동 1:1,K55101BW5925,한국투자 ACE 미국IT인터넷증권상장지수투자신탁(주식-파생형)(합성 H),,1,
10월 재대조,456880,ACE 미국달러SOFR금리(합성),확정(사람 확인),K55101E19692,한국투자 ACE 미국SOFR금리특별자산상장지수투자신탁[금리-파생형](합성),,1,
10월 재대조,480040,ACE 미국반도체데일리타겟커버드콜(합성),자동 1:1,K55101E96450,한국투자 ACE 미국반도체 데일리타겟커버드콜 증권 상장지수투자신탁(주식-파생형)(합성),,1,
10월 재대조,181480,ACE 미국부동산리츠(합성 H),자동 1:1,KR5101AJ9786,한국투자 ACE 미국부동산리츠 부동산상장지수투자신탁(파생형)(합성 H),,1,
10월 재대조,480020,ACE 미국빅테크7+데일리타겟커버드콜(합성),자동 1:1,K55101E97763,한국투자 ACE 미국빅테크7+ 데일리타겟커버드콜 증권상장지수투자신탁(주식-파생형)(합성),,1,
10월 재대조,465610,ACE 미국빅테크TOP7 Plus레버리지(합성),자동 1:1,K55101E52487,한국투자 ACE 미국빅테크TOP7 Plus레버리지증권상장지수투자신탁(주식-파생형)(합성),,1,
10월 재대조,465620,ACE 미국빅테크TOP7 Plus인버스(합성),보류,K55101E52495,한국투자 ACE 미국빅테크TOP7 Plus인버스증권상장지수투자신탁(주식-파생형)(합성),,2,SHARED_PORTAL_PRODUCT;PENDING
10월 재대조,455660,ACE 미국하이일드액티브(H),자동 1:1,K55101E13018,한국투자 ACE 미국하이일드액티브증권상장지수투자신탁[채권-재간접형](H),,1,
10월 재대조,245710,ACE 베트남VN30(합성),자동 1:1,K55101BE0852,한국투자 ACE 베트남VN30증권상장지수투자신탁(주식-파생형)(합성),,1,
10월 재대조,131890,ACE 삼성그룹동일가중,확정(사람 확인),KR5101299273,한국투자 ACE 삼성그룹주 동일가중 증권 상장지수투자신탁(주식),,1,
10월 재대조,108450,ACE 삼성그룹섹터가중,확정(사람 확인),KR5101897761,한국투자 ACE 삼성그룹주SW 증권 상장지수투자신탁(주식),,1,
10월 재대조,238720,ACE 일본Nikkei225(H),자동 1:1,K55101BA8230,한국투자 ACE 일본Nikkei225증권상장지수투자신탁(주식-파생형)(H),,1,
10월 재대조,196030,ACE 일본TOPIX레버리지(H),확정(사람 확인),KR5101AR9802,한국투자 ACE 일본 레버리지 증권 상장지수투자신탁(주식-재간접파생형)(H),,1,
10월 재대조,205720,ACE 일본TOPIX인버스(합성 H),확정(사람 확인),KR5101AV1027,한국투자 ACE 일본인버스 증권 상장지수투자신탁(주식-파생형)(합성 H),,1,
10월 재대조,219900,ACE 중국본토CSI300레버리지(합성),확정(사람 확인),K55101B26297,한국투자 ACE 중국본토레버리지CSI300증권상장지수투자신탁(주식혼합-파생형)(합성),,1,
10월 재대조,285690,FOCUS ESG리더스,보류,,,,0,PENDING
10월 재대조,0073X0,FOCUS 알리바바미국채커버드콜혼합,보류,,,,0,PENDING
10월 재대조,332930,HANARO 200TR,자동 1:1,K55232CU2966,NH-Amundi HANARO 200 Total Return 증권상장지수투자신탁[주식],,1,
10월 재대조,453060,HANARO KOFR금리액티브(합성),자동 1:1,K55232E07666,NH-Amundi HANARO KOFR금리액티브특별자산상장지수투자신탁(금리-파생형)(합성),,1,
10월 재대조,354350,HANARO 글로벌럭셔리S&P(합성),자동 1:1,K55232D37269,NH-Amundi HANARO 글로벌럭셔리S&P 증권상장지수투자신탁(파생)(합성),,1,
10월 재대조,401590,HANARO 글로벌탄소배출권선물ICE(합성),자동 1:1,K55232DN1263,NH-Amundi HANARO 글로벌탄소배출권선물ICE특별자산상장지수투자신탁(탄소배출권-파생형)(합성),,1,
10월 재대조,294400,KIWOOM 200TR,자동 1:1,K55206C46472,키움 KIWOOM 200TotalReturn증권상장지수투자신탁[주식],,1,
10월 재대조,458210,KIWOOM CD금리액티브(합성),자동 1:1,K55206E24624,키움 KIWOOM CD금리액티브특별자산상장지수투자신탁[금리-파생형](합성),,1,
10월 재대조,435530,KIWOOM TDF2030액티브 적격,확정(사람 확인),K55206DU2520,키움 KIWOOM 적격TDF2030액티브증권상장지수투자신탁[주식혼합-재간접형],,1,
10월 재대조,435540,KIWOOM TDF2040액티브 적격,확정(사람 확인),K55206DU2538,키움 KIWOOM 적격TDF2040액티브증권상장지수투자신탁[주식혼합-재간접형],,1,
10월 재대조,435550,KIWOOM TDF2050액티브 적격,확정(사람 확인),K55206DU2546,키움 KIWOOM 적격TDF2050액티브증권상장지수투자신탁[주식혼합-재간접형],,1,
10월 재대조,148070,KIWOOM 국고채10년,확정(사람 확인),KR5206A65050,키움 KIWOOM 10년국고채증권상장지수투자신탁[채권],,1,
10월 재대조,167860,KIWOOM 국고채10년레버리지,확정(사람 확인),KR5206AC1297,키움 KIWOOM 10년국고채레버리지증권상장지수투자신탁[채권-파생형],,1,
10월 재대조,114470,KIWOOM 국고채3년,확정(사람 확인),KR5206150033,키움 KIWOOM 국고채상장지수증권투자신탁[채권],,1,
10월 재대조,0127V0,KIWOOM 미국S&P500 TOP10&배당다우비중전환,확정(사람 확인),K55206EN6354,키움 KIWOOM 미국S&P500 TOP10&배당다우존스비중전환증권상장지수투자신탁[주식],,1,
10월 재대조,449780,KIWOOM 미국S&P500(H),보류,K55206DZ1378,키움 KIWOOM 미국S&P500증권상장지수투자신탁[주식](H),,2,SHARED_PORTAL_PRODUCT;PENDING
10월 재대조,453080,KIWOOM 미국나스닥100(H),자동 1:1,K55206E01648,키움 KIWOOM 미국나스닥100증권상장지수투자신탁[주식](H),,1,
10월 재대조,460270,KIWOOM 미국달러SOFR금리액티브(합성),자동 1:1,K55206E24574,키움 KIWOOM 미국달러SOFR금리액티브특별자산상장지수투자신탁[금리-파생형](합성),,1,
10월 재대조,0084E0,KIWOOM 미국대형주500월간목표헤지액티브,확정(사람 확인),K55206EJ7150,키움KIWOOM US대형500월간목표헤지액티브증권상장지수투자신탁[혼합-파생재간접형],,1,
10월 재대조,0084D0,KIWOOM 미국테크100월간목표헤지액티브,확정(사람 확인),K55206EJ7242,키움KIWOOM US테크100월간목표헤지액티브증권상장지수투자신탁[혼합-파생재간접형],,1,
10월 재대조,0015E0,KIWOOM 엔비디아미국30년국채혼합액티브(H),자동 1:1,K55206EI0479,키움KIWOOM엔비디아미국30년국채혼합액티브증권상장지수투자신탁[채권혼합](H),,1,
10월 재대조,200250,KIWOOM 인도Nifty50(합성),확정(사람 확인),KR5206AS8419,키움 KIWOOM NIFTY50인디아증권상장지수투자신탁[주식-파생형](합성),,1,
10월 재대조,153270,KIWOOM 코스피100,확정(사람 확인),KR5391A83228,키움 KIWOOM 100 증권상장지수투자신탁[주식],,1,
10월 재대조,122260,KIWOOM 통안채1년,확정(사람 확인),KR5206184115,키움 KIWOOM 통안채상장지수증권투자신탁[채권],,1,
10월 재대조,0015F0,KIWOOM 팔란티어미국30년국채혼합액티브(H),자동 1:1,K55206EI0487,키움KIWOOM팔란티어미국30년국채혼합액티브증권상장지수투자신탁[채권혼합](H),,1,
10월 재대조,363580,KODEX 200IT TR,자동 1:1,K55105D67108,삼성KODEX 200 IT Total Return증권상장지수투자신탁[주식],,1,
10월 재대조,278530,KODEX 200TR,자동 1:1,K55105BW3843,삼성KODEX 200 Total Return 증권상장지수투자신탁[주식],,1,
10월 재대조,271060,KODEX 3대농산물선물(H),자동 1:1,K55105BP4386,삼성KODEX3대농산물선물특별자산상장지수투자신탁[농산물-파생형](H),,1,
10월 재대조,481050,KODEX CD1년금리플러스액티브(합성),자동 1:1,K55105E94878,삼성 KODEX CD1년금리플러스액티브증권상장지수투자신탁[채권혼합-파생형](합성),,1,
10월 재대조,459580,KODEX CD금리액티브(합성),자동 1:1,K55105E24776,삼성KODEX CD금리액티브증권상장지수투자신탁[채권혼합-파생형](합성),,1,
10월 재대조,423160,KODEX KOFR금리액티브(합성),자동 1:1,K55105DR9373,삼성KODEX KOFR금리액티브특별자산상장지수투자신탁[금리-파생형](합성),,1,
10월 재대조,291890,KODEX MSCI EM선물(H),확정(사람 확인),K55105C52086,삼성KODEX SGX  MSCI EM선물증권상장지수투자신탁[주식-파생형](H),,1,
10월 재대조,289040,KODEX MSCI KOREA ESG유니버설,확정(사람 확인),K55105BZ5845,삼성KODEX MSCI ESG유니버설증권상장지수투자신탁[주식형],,1,
10월 재대조,278540,KODEX MSCI Korea TR,자동 1:1,K55105BW1235,삼성KODEX MSCI KOREA Total Return 증권상장지수투자신탁[주식],,1,
10월 재대조,269420,KODEX S&P글로벌인프라(합성),자동 1:1,K55105BN5708,삼성KODEX S&P글로벌인프라증권상장지수투자신탁[주식-파생형](합성),,1,
10월 재대조,433970,KODEX TDF2030액티브 적격,확정(사람 확인),K55105DT5353,삼성 KODEX 적격 TDF2030액티브증권상장지수투자신탁[채권혼합-재간접형],,1,
10월 재대조,433980,KODEX TDF2040액티브 적격,확정(사람 확인),K55105DT5361,삼성 KODEX 적격 TDF2040액티브증권상장지수투자신탁[주식혼합-재간접형],,1,
10월 재대조,434060,KODEX TDF2050액티브 적격,확정(사람 확인),K55105DT5379,삼성 KODEX 적격 TDF2050액티브증권상장지수투자신탁[주식혼합-재간접형],,1,
10월 재대조,0082V0,KODEX TDF2060액티브 적격,확정(사람 확인),K55105EI4473,삼성 KODEX 적격 TDF2060액티브증권상장지수투자신탁[주식혼합-재간접형],,1,
10월 재대조,315930,KODEX Top5PlusTR,자동 1:1,K55105CG9781,삼성KODEX Top5Plus Total Return증권상장지수투자신탁[주식],,1,
10월 재대조,261220,KODEX WTI원유선물(H),자동 1:1,K55105BJ8567,삼성KODEX WTI원유선물특별자산상장지수투자신탁[원유-파생형](H),,1,
10월 재대조,271050,KODEX WTI원유선물인버스(H),자동 1:1,K55105BP4345,삼성KODEXWTI원유선물인버스특별자산상장지수투자신탁[원유-파생형](H),,1,
10월 재대조,132030,KODEX 골드선물(H),자동 1:1,KR5105705846,삼성KODEX골드선물특별자산상장지수투자신탁[금-파생형](H),,1,
10월 재대조,280940,KODEX 골드선물인버스(H),자동 1:1,K55105BY2041,삼성KODEX골드선물인버스특별자산상장지수투자신탁[금-파생형](H),,1,
10월 재대조,138910,KODEX 구리선물(H),자동 1:1,KR5105A08898,삼성KODEX구리선물 특별자산상장지수투자신탁[구리-파생형](H),,1,
10월 재대조,152380,KODEX 국채선물10년,확정(사람 확인),KR5105A81382,삼성KODEX10년국채선물증권상장지수투자신탁[채권-파생형],,1,
10월 재대조,176950,KODEX 국채선물10년인버스,확정(사람 확인),KR5105AI5534,삼성KODEX10년국채선물인버스증권상장지수투자신탁[채권-파생형],,1,
10월 재대조,276990,KODEX 글로벌로봇(합성),자동 1:1,K55105BT6494,삼성 KODEX 글로벌로봇 증권상장지수투자신탁[주식-파생형](합성),,1,
10월 재대조,321410,KODEX 멀티에셋하이인컴(H),확정(사람 확인),K55105CK0701,삼성KODEX 모닝스타멀티에셋하이인컴증권상장지수투자신탁 [채권혼합-파생재간접형](H),,1,
10월 재대조,0091C0,KODEX 미국10년국채액티브(H),자동 1:1,K55105EM2711,삼성 KODEX 미국10년국채액티브증권상장지수투자신탁[채권-재간접형](H),,1,
10월 재대조,484790,KODEX 미국30년국채액티브(H),자동 1:1,K55105EB5592,삼성 KODEX 미국30년국채액티브증권상장지수투자신탁[채권-재간접형](H),,1,
10월 재대조,304660,KODEX 미국30년국채울트라선물(H),자동 1:1,K55105CD0072,삼성 KODEX 미국30년국채울트라선물증권상장지수투자신탁[채권-파생형](H),,1,
10월 재대조,304670,KODEX 미국30년국채울트라선물인버스(H),자동 1:1,K55105CD0213,삼성 KODEX 미국30년국채울트라선물인버스증권상장지수투자신탁[채권-파생형](H),,1,
10월 재대조,481060,KODEX 미국30년국채타겟커버드콜(합성 H),자동 1:1,K55105EA0792,삼성 KODEX 미국30년국채타겟커버드콜증권상장지수투자신탁[채권-파생형](합성 H),,1,
10월 재대조,449180,KODEX 미국S&P500(H),자동 1:1,K55105DY7584,삼성KODEX 미국S&P500증권상장지수투자신탁[주식](H),,1,
10월 재대조,276970,KODEX 미국S&P500배당귀족커버드콜(합성 H),자동 1:1,K55105BT6551,삼성KODEX 미국S&P500배당귀족커버드콜증권상장지수투자신탁[주식-파생형](합성)(H),,1,
10월 재대조,200030,KODEX 미국S&P500산업재(합성),자동 1:1,KR5105AS6399,삼성KODEX 미국S&P500산업재증권상장지수투자신탁[주식-파생형](합성),,1,
10월 재대조,219480,KODEX 미국S&P500선물(H),보류,,,,0,PENDING
10월 재대조,218420,KODEX 미국S&P500에너지(합성),자동 1:1,K55105B19418,삼성KODEX 미국S&P500에너지증권상장지수투자신탁[주식-파생형](합성),,1,
10월 재대조,185680,KODEX 미국S&P바이오(합성),확정(사람 확인),KR5105AL9630,삼성KODEX 합성-미국 바이오테크증권상장지수투자신탁[주식-파생형],,1,
10월 재대조,449190,KODEX 미국나스닥100(H),자동 1:1,K55105DY7576,삼성KODEX 미국나스닥100증권상장지수투자신탁[주식](H),,1,
10월 재대조,409820,KODEX 미국나스닥100레버리지(합성 H),자동 1:1,K55105DO3122,삼성KODEX 미국나스닥100레버리지증권상장지수투자신탁[주식-파생형](합성H),,1,
10월 재대조,304940,KODEX 미국나스닥100선물(H),자동 1:1,K55105CC4992,삼성KODEX 미국나스닥100선물증권상장지수투자신탁[주식-파생형](H),,1,
10월 재대조,409810,KODEX 미국나스닥100선물인버스(H),자동 1:1,K55105DO3262,삼성KODEX 미국나스닥100선물인버스증권상장지수투자신탁[주식-파생형](H),,1,
10월 재대조,455030,KODEX 미국달러SOFR금리액티브(합성),자동 1:1,K55105E10130,삼성KODEX 미국달러SOFR금리액티브특별자산상장지수투자신탁[금리-파생형](합성),,1,
10월 재대조,280930,KODEX 미국러셀2000(H),자동 1:1,K55105BX6175,삼성KODEX 미국러셀2000증권상장지수투자신탁[주식-파생형](H),,1,
10월 재대조,441640,KODEX 미국배당커버드콜액티브,확정(사람 확인),K55105DW2744,삼성 KODEX 미국배당커버드콜S&P액티브증권상장지수투자신탁[주식-파생형],,1,
10월 재대조,352560,KODEX 미국부동산리츠(H),자동 1:1,K55105D15560,삼성 KODEX 미국부동산리츠부동산상장지수투자신탁[REITs-파생재간접형](H),,1,
10월 재대조,314250,KODEX 미국빅테크10(H),자동 1:1,K55105CG9971,삼성 KODEX 미국빅테크10증권상장지수투자신탁[주식-파생형](H),,1,
10월 재대조,437080,KODEX 미국종합채권ESG액티브(H),자동 1:1,K55105DR4788,삼성KODEX 미국종합채권ESG액티브증권상장지수투자신탁[채권](H),,1,
10월 재대조,400570,KODEX 유럽탄소배출권선물ICE(H),자동 1:1,K55105DL9742,삼성KODEX 유럽탄소배출권선물ICE특별자산상장지수투자신탁[탄소배출권-파생형](H),,1,
10월 재대조,144600,KODEX 은선물(H),자동 1:1,KR5105A43069,삼성KODEX은선물특별자산상장지수투자신탁(은-파생형)(H),,1,
10월 재대조,453820,KODEX 인도Nifty50레버리지(합성),보류,K55105E00685,삼성 KODEX 인도Nifty50레버리지증권상장지수투자신탁[주식-파생형](합성),,2,SHARED_PORTAL_PRODUCT;PENDING
10월 재대조,352540,KODEX 일본부동산리츠(H),자동 1:1,K55105D15578,삼성 KODEX 일본부동산리츠부동산상장지수투자신탁[REITs-파생재간접형](H),,1,
10월 재대조,419430,KODEX 차이나2차전지MSCI(합성),자동 1:1,K55105DQ0258,삼성KODEX 차이나2차전지MSCI증권상장지수투자신탁[주식-파생형](합성),,1,
10월 재대조,169950,KODEX 차이나A50,확정(사람 확인),KR5105AE5728,삼성KODEX 차이나FTSEChinaA50증권상장지수자투자신탁[주식-파생형],,1,
10월 재대조,204450,KODEX 차이나H레버리지(H),자동 1:1,KR5105AV0181,삼성KODEX 차이나H레버리지증권상장지수투자신탁[주식-파생형](H),,1,
10월 재대조,415340,KODEX 차이나과창판STAR50(합성),자동 1:1,K55105DF0137,삼성KODEX 차이나과창판STAR50증권상장지수투자신탁[주식-파생형](합성),,1,
10월 재대조,256750,KODEX 차이나심천ChiNext(합성),자동 1:1,K55105BI6737,삼성KODEX 차이나심천ChiNext증권상장지수투자신탁[주식-파생형](합성),,1,
10월 재대조,0231Z0,KODEX 코리아TDF2065액티브 적격,확정(사람 확인),K55105EY1149,삼성KODEX 코리아 적격TDF 2065 액티브증권상장지수투자신탁[주식혼합-재간접형],,1,
10월 재대조,251340,KODEX 코스닥150선물인버스,확정(사람 확인),K55105BF4255,삼성KODEX코스닥150인버스증권상장지수투자신탁[주식-파생형],,1,
10월 재대조,359210,KODEX 코스피TR,자동 1:1,K55105D41822,삼성KODEX 코스피 Total Return 증권상장지수투자신탁[주식],,1,
10월 재대조,138920,KODEX 콩선물(H),자동 1:1,KR5105A08930,삼성KODEX콩선물 특별자산상장지수투자신탁[콩-파생형](H),,1,
10월 재대조,450190,KODEX 한중반도체(합성),자동 1:1,K55105DY8616,삼성 KODEX 한중반도체증권상장지수투자신탁[주식-파생형](합성),,1,
10월 재대조,450180,KODEX 한중전기차(합성),자동 1:1,K55105DY8624,삼성 KODEX 한중전기차증권상장지수투자신탁[주식-파생형](합성),,1,
10월 재대조,491220,PLUS 200TR,자동 1:1,K55213EE1753,한화 PLUS 200 Total Return증권상장지수투자신탁(주식),,1,
10월 재대조,433880,PLUS TDF2060액티브 적격,확정(사람 확인),K55213DU6050,한화 PLUS 적격TDF2060액티브증권상장지수투자신탁(주식혼합-재간접형),,1,
10월 재대조,189400,PLUS 글로벌MSCI(합성 H),자동 1:1,KR5213AL1578,한화 PLUS 글로벌MSCI증권상장지수투자신탁(주식-파생형)(합성 H),,1,
10월 재대조,269540,PLUS 미국S&P500(H),보류,,,,0,PENDING
10월 재대조,213630,PLUS 미국다우존스고배당주(합성 H),자동 1:1,KR5213AY7810,한화 PLUS 미국다우존스고배당주증권상장지수투자신탁(주식-파생형)(합성 H),,1,
10월 재대조,456200,PLUS 미국달러SOFR금리액티브(합성),자동 1:1,K55213E23085,한화 PLUS 미국달러SOFR금리액티브특별자산상장지수투자신탁(금리-파생형)(합성),,1,
10월 재대조,461910,PLUS 미국테크TOP10레버리지(합성),보류,K55213E31542,한화 PLUS 미국테크TOP10레버리지증권상장지수투자신탁(주식혼합-파생형)(합성),,2,SHARED_PORTAL_PRODUCT;PENDING
10월 재대조,195970,PLUS 선진국MSCI(합성 H),자동 1:1,KR5213AR7124,한화 PLUS 선진국MSCI증권상장지수투자신탁(주식-파생형)(합성 H),,1,
10월 재대조,195980,PLUS 신흥국MSCI(합성 H),자동 1:1,KR5213AR7165,한화 PLUS 신흥국MSCI증권상장지수투자신탁(주식-파생형)(합성 H),,1,
10월 재대조,256450,PLUS 심천차이넥스트(합성),자동 1:1,K55213BI7197,한화 PLUS 심천차이넥스트증권상장지수투자신탁(주식-파생형)(합성),,1,
10월 재대조,489000,PLUS 일본엔화초단기국채(합성),자동 1:1,K55213ED2661,한화 PLUS 일본엔화초단기국채 증권상장지수투자신탁(채권-파생형)(합성),,1,
10월 재대조,328370,PLUS 코스피TR,자동 1:1,K55213CQ4342,한화 PLUS 코스피Total Return증권상장지수투자신탁(주식),,1,
10월 재대조,361580,RISE 200TR,자동 1:1,K55223D93485,KB RISE 200 Total Return 증권 상장지수 투자신탁(주식),,1,
10월 재대조,465350,RISE 2차전지TOP10인버스(합성),확정(사람 확인),K55223E57157,KB RISE 2차전지TOP10인버스iSelect 증권 상장지수 투자신탁(주식-파생형)(합성),,1,
10월 재대조,477080,RISE CD금리액티브(합성),자동 1:1,K55223E89887,KB RISE CD금리액티브 특별자산 상장지수 투자신탁(금리-파생형)(합성),,1,
10월 재대조,479520,RISE KOFR금리액티브(합성),자동 1:1,K55223E98490,KB RISE KOFR금리액티브 증권 상장지수 투자신탁(채권혼합-파생형)(합성),,1,
10월 재대조,442550,RISE TDF2030액티브 적격,확정(사람 확인),K55223DX5230,KB RISE 적격TDF2030액티브 증권 상장지수 투자신탁(주식혼합-재간접형),,1,
10월 재대조,442560,RISE TDF2040액티브 적격,확정(사람 확인),K55223DX5248,KB RISE 적격TDF2040액티브 증권 상장지수 투자신탁(주식혼합-재간접형),,1,
10월 재대조,442570,RISE TDF2050액티브 적격,확정(사람 확인),K55223DX5255,KB RISE 적격TDF2050액티브 증권 상장지수 투자신탁(주식혼합-재간접형),,1,
10월 재대조,451670,RISE 국채30년레버리지(합성),확정(사람 확인),K55223E00629,KB RISE 국채30년레버리지KAP 증권 상장지수 투자신탁(채권-파생형)(합성),,1,
10월 재대조,375270,RISE 글로벌데이터센터리츠(합성),자동 1:1,K55223DE1216,KB RISE 글로벌 데이터센터 리츠 부동산 상장지수 투자신탁(파생형)(합성),,1,
10월 재대조,276650,RISE 글로벌테크놀로지(합성 H),자동 1:1,K55223BU6548,KB RISE 글로벌테크놀로지증권상장지수투자신탁(주식-파생형)(합성 H),,1,
10월 재대조,315960,RISE 대형고배당10TR,자동 1:1,K55223CJ3036,KB RISE 대형고배당10 Total Return 증권 상장지수 투자신탁(주식),,1,
10월 재대조,401170,RISE 메타버스,확정(사람 확인),K55223DN5018,KB RISE iSelect메타버스 증권 상장지수 투자신탁(주식),,1,
10월 재대조,472870,RISE 미국30년국채엔화노출(합성 H),자동 1:1,K55223E77825,KB RISE 미국30년국채엔화노출 증권 상장지수 투자신탁(채권-파생형)(합성H),,1,
10월 재대조,472830,RISE 미국30년국채커버드콜(합성),자동 1:1,K55223E76066,KB RISE 미국30년국채커버드콜 증권 상장지수 투자신탁(채권-파생형)(합성),,1,
10월 재대조,453330,RISE 미국S&P500(H),자동 1:1,K55223E05289,KB RISE 미국S&P500 증권 상장지수 투자신탁(주식)(H),,1,
10월 재대조,0005C0,RISE 미국S&P500엔화노출(합성 H),자동 1:1,K55223EG9927,KB RISE 미국S&P500엔화노출 증권 상장지수 투자신탁(주식-파생형)(합성H),,1,
10월 재대조,219390,RISE 미국S&P원유생산기업(합성 H),자동 1:1,K55223B28170,KB RISE 미국S&P원유생산기업 증권 상장지수 투자신탁(주식-파생형)(합성H),,1,
10월 재대조,455960,RISE 미국달러SOFR금리액티브(합성),자동 1:1,K55223E20338,KB RISE 미국달러SOFR금리액티브 특별자산 상장지수 투자신탁(금리-파생형)(합성),,1,
10월 재대조,469050,RISE 미국반도체NYSE(H),자동 1:1,K55223E65911,KB RISE 미국반도체NYSE 증권 상장지수 투자신탁(주식)(H),,1,
10월 재대조,491630,RISE 미국반도체인버스(합성 H),자동 1:1,K55223ED9425,KB RISE 미국반도체인버스증권상장지수투자신탁(주식-파생형)(합성 H),,1,
10월 재대조,267440,RISE 미국장기국채선물(H),자동 1:1,K55223BN1084,KB RISE 미국장기국채선물 증권 상장지수 투자신탁(채권-파생형)(H),,1,
10월 재대조,267490,RISE 미국장기국채선물레버리지(합성 H),자동 1:1,K55223BN1118,KB RISE 미국장기국채선물 레버리지 증권 상장지수 투자신탁(채권-파생형)(합성H),,1,
10월 재대조,267450,RISE 미국장기국채선물인버스(H),자동 1:1,K55223BN1092,KB RISE 미국장기국채선물 인버스 증권 상장지수 투자신탁(채권-파생형)(H),,1,
10월 재대조,367770,RISE 수소경제테마,확정(사람 확인),K55223DB4890,KB RISE Fn수소경제테마 증권 상장지수 투자신탁(주식),,1,
10월 재대조,379790,RISE 유로스탁스50(H),자동 1:1,K55223DG4184,KB RISE 유로스탁스50 증권 상장지수 투자신탁(주식)(H),,1,
10월 재대조,310080,RISE 중국MSCI China(H),자동 1:1,K55223CG2510,KB RISE 중국 MSCI China 증권 상장지수 투자신탁(주식)(H),,1,
10월 재대조,250730,RISE 차이나HSCEI(H),자동 1:1,K55223BF0979,KB RISE 차이나HSCEI 증권 상장지수 투자신탁(주식)(H),,1,
10월 재대조,291680,RISE 차이나H선물인버스(H),자동 1:1,K55223C53507,KB RISE 차이나H선물인버스 증권 상장지수 투자신탁(주식-파생형)(H),,1,
10월 재대조,0013R0,RISE 테슬라미국채타겟커버드콜혼합(합성),확정(사람 확인),K55223EH6161,KB RISE TSLA-UST타겟커버드콜증권상장지수투자신탁(채권혼합-파생재간접형)(합성),,1,
10월 재대조,334690,RISE 팔라듐선물(H),자동 1:1,K55223CV8484,KB RISE 팔라듐선물 특별자산 상장지수 투자신탁(파생형)(H),,1,
10월 재대조,334700,RISE 팔라듐선물인버스(H),자동 1:1,K55223CV8492,KB RISE 팔라듐선물인버스 특별자산 상장지수 투자신탁(파생형)(H),,1,
10월 재대조,295040,SOL 200TR,자동 1:1,K55210C54247,신한 SOL 200 Total Return 증권상장지수투자신탁[주식],,1,
10월 재대조,400590,SOL 글로벌탄소배출권선물ICE(합성),자동 1:1,K55210DN2358,신한SOL글로벌탄소배출권선물ICE특별자산상장지수투자신탁[탄소배출권-파생형](합성),,1,
10월 재대조,461600,SOL 미국30년국채액티브(H),자동 1:1,K55210E40440,신한SOL미국30년국채액티브증권상장지수투자신탁[채권](H),,1,
10월 재대조,473330,SOL 미국30년국채커버드콜(합성),자동 1:1,K55210E76444,신한SOL미국30년국채커버드콜증권상장지수투자신탁[채권-파생형](합성),,1,
10월 재대조,494210,SOL 미국500타겟데일리커버드콜액티브,확정(사람 확인),K55210EC9637,신한SOL미국500타켓데일리커버드콜액티브증권상장지수투자신탁[주식-파생형],,1,
10월 재대조,499150,SOL 미국S&P500엔화노출(H),보류,K55210EF7513,신한SOL미국S&P500엔화노출증권상장지수투자신탁[주식-파생형](H),,2,SHARED_PORTAL_PRODUCT;PENDING
10월 재대조,452360,SOL 미국배당다우존스(H),자동 1:1,K55210E06284,신한SOL미국배당다우존스증권상장지수투자신탁[주식](H),,1,
10월 재대조,400580,SOL 유럽탄소배출권선물S&P(H),자동 1:1,K55210DN2341,신한SOL유럽탄소배출권선물S&P특별자산상장지수투자신탁[탄소배출권-파생형](H),,1,
10월 재대조,220130,SOL 차이나강소기업CSI500(합성 H),자동 1:1,K55210B21701,신한 SOL 차이나강소기업CSI500증권상장지수투자신탁(주식-파생형)(합성 H),,1,
10월 재대조,415760,SOL 차이나육성산업액티브(합성),자동 1:1,K55210DQ3494,신한SOL차이나육성산업액티브증권상장지수투자신탁[주식혼합-파생형](합성),,1,
10월 재대조,413220,SOL 차이나태양광CSI(합성),자동 1:1,K55210DP7488,신한SOL차이나태양광CSI증권상장지수투자신탁[주식혼합-파생형](합성),,1,
10월 재대조,495550,SOL 코리아밸류업TR,자동 1:1,K55210EF9550,신한SOL코리아밸류업TotalReturn증권상장지수투자신탁[주식],,1,
10월 재대조,0139F0,TIGER 12월자동연장금융채(AA-이상)액티브,확정(사람 확인),K55301EP6638,미래에셋TIGER12월만기자동연장금융채(AA-이상)액티브증권상장지수투자신탁(채권),,1,
10월 재대조,310960,TIGER 200TR,자동 1:1,K55301CG5203,미래에셋TIGER200TotalReturn증권상장지수투자신탁(주식),,1,
10월 재대조,475630,TIGER CD1년금리액티브(합성),자동 1:1,K55301E85343,미래에셋TIGERCD1년금리액티브증권상장지수투자신탁(채권혼합-파생형)(합성),,1,
10월 재대조,357870,TIGER CD금리투자KIS(합성),자동 1:1,K55301D61007,미래에셋TIGERCD금리투자KIS특별자산상장지수투자신탁(CD-파생형)(합성),,1,
10월 재대조,499660,TIGER CD금리플러스액티브(합성),자동 1:1,K55301EF8008,미래에셋TIGERCD금리플러스액티브증권상장지수투자신탁(채권혼합-파생형)(합성),,1,
10월 재대조,449170,TIGER KOFR금리액티브(합성),자동 1:1,K55301DY1209,미래에셋TIGERKOFR금리액티브증권상장지수투자신탁(채권혼합-파생형)(합성),,1,
10월 재대조,138530,TIGER LG그룹플러스,확정(사람 확인),KR5225A04026,미래에셋 TIGER LG그룹+ 증권상장지수투자신탁(주식),,1,
10월 재대조,310970,TIGER MSCI Korea TR,자동 1:1,K55301CG5815,미래에셋TIGERMSCIKOREATotalReturn증권상장지수투자신탁(주식),,1,
10월 재대조,269370,TIGER S&P글로벌인프라(합성),자동 1:1,K55301BO5469,미래에셋TIGERS&P글로벌인프라증권상장지수투자신탁(주식-파생형)(합성),,1,
10월 재대조,248270,TIGER S&P글로벌헬스케어(합성),확정(사람 확인),K55301BE6980,미래에셋TIGER글로벌헬스케어증권상장지수투자신탁(주식-파생형)(합성),,1,
10월 재대조,0025N0,TIGER TDF2045 적격,확정(사람 확인),K55301EH7354,미래에셋TIGER적격TDF2045증권상장지수투자신탁(주식혼합),,1,
10월 재대조,237440,TIGER 경기방어채권혼합,확정(사람 확인),K55301BA0110,미래에셋TIGER경기방어혼합증권상장지수투자신탁(채권혼합),,1,
10월 재대조,319640,TIGER 골드선물(H),자동 1:1,K55301CM5189,미래에셋TIGER골드선물특별자산상장지수투자신탁[금-파생형](H),,1,
10월 재대조,114820,TIGER 국채3년,확정(사람 확인),KR5225151061,미래에셋TIGER 국채3 증권 상장지수투자신탁(채권),,1,
10월 재대조,275980,TIGER 글로벌4차산업혁신기술(합성 H),확정(사람 확인),K55301BS2819,미래에셋TIGER모닝스타글로벌4차산업혁신기술증권상장지수투자신탁(주식-파생형)(합성 H),,1,
10월 재대조,394670,TIGER 글로벌리튬&2차전지SOLACTIVE(합성),자동 1:1,K55301DJ6520,미래에셋TIGER글로벌리튬&2차전지SOLACTIVE증권상장지수투자신탁(주식-파생형)(합성),,1,
10월 재대조,276000,TIGER 글로벌자원생산기업(합성 H),확정(사람 확인),K55301BS2827,미래에셋TIGER모닝스타글로벌자원생산기업증권상장지수투자신탁(주식-파생형)(합성 H),,1,
10월 재대조,139320,TIGER 금은선물(H),자동 1:1,KR5225A17119,미래에셋TIGER금은선물특별자산상장지수투자신탁(금속-파생형)(H),,1,
10월 재대조,137610,TIGER 농산물선물Enhanced(H),확정(사람 확인),KR5225987118,미래에셋TIGER농산물선물특별자산상장지수투자신탁(농산물-파생형)(H),,1,
10월 재대조,182490,TIGER 단기선진하이일드(합성 H),확정(사람 확인),KR5301AK4675,미래에셋TIGER단기선진국하이일드증권상장지수투자신탁(채권-파생형)(합성 H),,1,
10월 재대조,105010,TIGER 라틴35,확정(사람 확인),KR5225844749,미래에셋TIGER라틴 증권상장지수투자신탁(주식),,1,
10월 재대조,0086C0,TIGER 리츠부동산인프라10채권혼합액티브,확정(사람 확인),K55301EL7275,미래에셋TIGER리츠인프라10채권액티브증권상장지수투자신탁(채권혼합-재간접형),,1,
10월 재대조,458250,TIGER 미국30년국채스트립액티브(합성 H),자동 1:1,K55301E15670,미래에셋TIGER미국30년국채스트립액티브증권상장지수투자신탁(채권-파생형)(합성 H),,1,
10월 재대조,476550,TIGER 미국30년국채커버드콜액티브(H),자동 1:1,K55301E88107,미래에셋TIGER미국30년국채커버드콜액티브증권상장지수투자신탁(채권-재간접형)(H),,1,
10월 재대조,182480,TIGER 미국MSCI리츠(합성 H),확정(사람 확인),KR5301AJ8059,미래에셋TIGERMSCIUS리츠부동산상장지수투자신탁(파생형)(합성 H),,1,
10월 재대조,448290,TIGER 미국S&P500(H),자동 1:1,K55301DY6612,미래에셋TIGER미국S&P500증권상장지수투자신탁(주식-파생형)(H),,1,
10월 재대조,225040,TIGER 미국S&P500레버리지(합성 H),확정(사람 확인),K55301B52687,미래에셋TIGERS&P500레버리지증권상장지수투자신탁(주식혼합-파생형)(합성 H),,1,
10월 재대조,143850,TIGER 미국S&P500선물(H),확정(사람 확인),KR5225A46688,미래에셋TIGERS&P500선물증권상장지수투자신탁(주식-파생형)(H),,1,
10월 재대조,225030,TIGER 미국S&P500선물인버스(H),확정(사람 확인),K55301B52679,미래에셋TIGERS&P500인버스선물증권상장지수투자신탁(주식-파생형)(H),,1,
10월 재대조,448300,TIGER 미국나스닥100(H),자동 1:1,K55301DY5762,미래에셋TIGER미국나스닥100증권상장지수투자신탁(주식-파생형)(H),,1,
10월 재대조,418660,TIGER 미국나스닥100레버리지(합성),자동 1:1,K55301DQ3577,미래에셋 TIGER 미국나스닥100레버리지증권상장지수투자신탁(주식혼합-파생형)(합성),,1,
10월 재대조,441680,TIGER 미국나스닥100커버드콜(합성),자동 1:1,K55301DX0400,미래에셋 TIGER 미국나스닥100커버드콜증권상장지수투자신탁(주식-파생형)(합성),,1,
10월 재대조,203780,TIGER 미국나스닥바이오,확정(사람 확인),KR5301AT7943,미래에셋TIGER나스닥바이오 증권상장지수투자신탁(주식),,1,
10월 재대조,456610,TIGER 미국달러SOFR금리액티브(합성),자동 1:1,K55301E17064,미래에셋TIGER미국달러SOFR금리액티브특별자산상장지수투자신탁(금리-파생형)(합성),,1,
10월 재대조,472160,TIGER 미국테크TOP10 INDXX(H),자동 1:1,K55301E73182,미래에셋TIGER미국테크TOP10INDXX증권상장지수투자신탁(주식)(H),,1,
10월 재대조,458260,TIGER 미국투자등급회사채액티브(H),자동 1:1,K55301E15696,미래에셋TIGER미국투자등급회사채액티브증권상장지수투자신탁(채권)(H),,1,
10월 재대조,423920,TIGER 미국필라델피아반도체레버리지(합성),확정(사람 확인),K55301DS3146,미래에셋TIGER필라델피아반도체레버리지증권상장지수투자신탁(주식혼합-파생형)(합성),,1,
10월 재대조,0000D0,TIGER 엔비디아미국채커버드콜밸런스(합성),보류,,,,0,PENDING
10월 재대조,130680,TIGER 원유선물Enhanced(H),확정(사람 확인),KR5225287949,미래에셋TIGER원유선물특별자산상장지수투자신탁(원유-파생형)(H),,1,
10월 재대조,217770,TIGER 원유선물인버스(H),보류,,,,0,PENDING
10월 재대조,195930,TIGER 유로스탁스50(합성 H),자동 1:1,KR5301AR6038,미래에셋TIGER유로스탁스50증권상장지수투자신탁(주식-파생형)(합성 H),,1,
10월 재대조,225050,TIGER 유로스탁스레버리지(합성 H),확정(사람 확인),K55301B52695,미래에셋TIGER유로스탁스50레버리지증권상장지수투자신탁(주식혼합-파생형)(합성 H),,1,
10월 재대조,225060,TIGER 이머징마켓MSCI레버리지(합성 H),확정(사람 확인),K55301B52703,미래에셋TIGERMSCIEM레버리지증권상장지수투자신탁(주식혼합-파생형)(합성 H),,1,
10월 재대조,236350,TIGER 인도니프티50레버리지(합성),보류,,,,0,PENDING
10월 재대조,195920,TIGER 일본TOPIX(합성 H),보류,,,,0,PENDING
10월 재대조,204480,TIGER 차이나CSI300레버리지(합성),보류,KR5301AU9086,미래에셋TIGER차이나CSI300레버리지증권상장지수투자신탁(주식혼합-파생재간접형)(합성),,2,SHARED_PORTAL_PRODUCT;PENDING
10월 재대조,217780,TIGER 차이나CSI300인버스(합성),자동 1:1,K55301B17573,미래에셋TIGER차이나CSI300인버스증권상장지수투자신탁(채권혼합-파생형)(합성),,1,
10월 재대조,414780,TIGER 차이나과창판STAR50(합성),자동 1:1,K55301DG2696,미래에셋 TIGER 차이나과창판STAR50증권상장지수투자신탁(주식-파생형)(합성),,1,
10월 재대조,456680,TIGER 차이나전기차레버리지(합성),자동 1:1,K55301E17478,미래에셋 TIGER 차이나전기차레버리지증권상장지수투자신탁(주식혼합-파생형)(합성),,1,
10월 재대조,117690,TIGER 차이나항셍30,보류,,,,0,PENDING
10월 재대조,438320,TIGER 차이나항셍테크레버리지(합성 H),자동 1:1,K55301DV8900,미래에셋TIGER차이나항셍테크레버리지증권상장지수투자신탁(주식혼합-파생형)(합성 H),,1,
10월 재대조,250780,TIGER 코스닥150선물인버스,확정(사람 확인),K55301BF1170,미래에셋TIGER코스닥150인버스증권상장지수투자신탁(주식-파생형),,1,
10월 재대조,449690,TIGER 한중반도체(합성),자동 1:1,K55301DZ0994,미래에셋TIGER 한중반도체증권상장지수투자신탁(주식-파생형)(합성),,1,
10월 재대조,449680,TIGER 한중전기차(합성),자동 1:1,K55301DZ1141,미래에셋TIGER 한중전기차증권상장지수투자신탁(주식-파생형)(합성),,1,
10월 재대조,138540,TIGER 현대차그룹플러스,확정(사람 확인),KR5225A04034,미래에셋 TIGER  현대차그룹+ 증권상장지수투자신탁(주식),,1,
10월 재대조,0112X0,마이티 200TR,자동 1:1,K55216EP3761,DB마이티200TotalReturn증권상장지수투자신탁[주식],,1,
10월 재대조,159800,마이티 코스피100,확정(사람 확인),KR5216AB3979,DB마이티K100증권상장지수투자신탁[주식],,1,
10월 재대조,152870,파워 200,확정(사람 확인),KR5207A82418,교보악사파워K200증권상장지수투자신탁(주식),,1,
10월 재대조,140950,파워 코스피100,확정(사람 확인),KR5207A24857,교보악사파워K100증권상장지수투자신탁(주식),,1,
